Metric,Value
LVR,1.2142754793167114
LNR,0.6097265085734085
CCM,0.09780362511773094
CKA_zA_zB,0.03366731479763985
TSA,0.3677595555782318
