Model,Accuracy,F1_Macro,Precision,Recall
Teacher (A+B),0.8217821782178217,0.8213443396226415,0.8291962174940899,0.8371670702179177
Student (Distilled),0.7128712871287128,0.7011529435771859,0.7043010752688172,0.6993543179983859
Baseline (A only),0.5742574257425742,0.5681614795664711,0.5687549251379038,0.5704196933010492
