Model,Accuracy,F1_Macro
Teacher (A+B),0.801980198019802,0.7986443381180224
Student (Distilled),0.6138613861386139,0.6039215686274509
Baseline (A only),0.504950495049505,0.493785084202085
