{
  "best_params": {
    "lr": 0.00015144304593961612,
    "weight_decay": 0.0003234720446477819,
    "p_drop": 0.23822758677344988,
    "z_dim": 32,
    "n_layers_enc": 1,
    "n_layers_clf": 1
  },
  "best_value(Accuracy)": 0.8415841584158416
}