{
  "train": [
    15692.965853987069,
    15645.830636160714,
    15609.107325661946,
    15577.421398745382,
    15543.493063038793,
    15509.549068657636,
    15478.56226908867,
    15450.257408405172,
    15412.889268395937,
    15375.743423837746,
    15338.086529210283,
    15304.484014201047,
    15255.692854256466,
    15217.112857912562,
    15176.022398399014,
    15134.635896128386,
    15090.139768703817,
    15040.052820966748,
    14983.907303532944,
    14935.210244766009,
    14890.019925723522,
    14825.530230141625,
    14759.322501346982,
    14710.297500384851,
    14643.990210321737,
    14584.170008466748,
    14532.652247536946,
    14459.422240609605,
    14404.165472021245,
    14327.141038716132,
    14271.842075892857,
    14199.136141471676,
    14138.297370497228,
    14079.014864916871,
    13987.89850965979,
    13920.778849484299,
    13865.821688346676,
    13779.130137777094,
    13690.39509890702,
    13655.51146859606,
    13562.945341363917,
    13478.346107219828,
    13404.560402555418,
    13341.164663831589,
    13279.382807689348,
    13174.7601216133,
    13082.272951624076,
    13036.496882697043,
    12982.507071659482,
    12894.705241687192,
    12814.779979987685,
    12690.04609567426,
    12604.551959859913,
    12512.946010044643,
    12456.803157712438,
    12400.530004040947,
    12294.49138893165,
    12223.205155095444,
    12140.710672914101,
    12050.03964939963,
    12020.698689578201,
    11876.05527439963,
    11818.033616841132,
    11748.067445350986,
    11724.290193003386,
    11630.272162677033,
    11564.299111953509,
    11487.227765163178,
    11378.953856219212,
    11355.592369342672,
    11272.063163870074,
    11179.379748114225,
    11062.737776131466,
    11008.644406173029,
    10934.507735529556,
    10904.307674915333,
    10809.700435845136,
    10815.654465247844,
    10740.28788870074,
    10722.100306919643
  ],
  "val": [
    15586.432230430075,
    15514.81596147896,
    15457.199644183169,
    15435.656733446782,
    15366.739199798885,
    15374.887811339728,
    15357.734036587253,
    15297.474125928218,
    15264.036906327352,
    15173.589795405322,
    15201.79756149443,
    15121.231793394183,
    15088.55693069307,
    15071.715153155941,
    14993.271087948639,
    14965.855420405322,
    14931.654026144803,
    14865.334622524753,
    14920.586014851486,
    14695.225092821782,
    14773.25059947401,
    14738.931118502474,
    14594.24354115099,
    14413.947874767946,
    14507.378471147897,
    14442.900613010519,
    14409.065536045791,
    14419.735980043317,
    14060.45170366646,
    14169.960105971535,
    14237.008750386758,
    13984.383450649753,
    14050.610003480817,
    13781.540300123763,
    13510.796304532798,
    13963.841429455446,
    13744.549853032178,
    14029.580803295174,
    13338.543104115099,
    13476.878297107054,
    13483.358195389852,
    13619.756845606436,
    13239.330619585397,
    13630.432394801981,
    13208.752562267946,
    13004.058845142326,
    13225.76804223391,
    13419.302705368193,
    13495.950204981436,
    12573.665271116955,
    12751.410813737624,
    12822.348362082303,
    12551.858978573639,
    13497.166808477723,
    12128.963074334777,
    12646.221128558169,
    12378.336140547648,
    12270.376382657798,
    12124.25437035891,
    12841.541740795174,
    11710.270140392946,
    12140.405669863861,
    12426.873356280941,
    12232.048189975247,
    13134.251556698639,
    12296.867748298268,
    11763.760162051361,
    11614.55078125,
    11829.391427521658,
    12159.37349164604,
    11803.927618347772,
    12510.737604424505,
    12157.61907294245,
    11959.122969523514,
    11980.216294090347,
    11740.452883276608,
    11472.460270343441,
    11433.857760287747,
    11318.610167852723,
    11483.70418858292
  ]
}