{
  "train": [
    48724.13835437192,
    48636.467441502464,
    48547.48148860838,
    48457.468442118225,
    48364.29889547414,
    48268.598983990145,
    48175.981969673645,
    48076.15392164409,
    47966.3631080665,
    47865.24118688424,
    47741.16758389778,
    47636.59430803572,
    47519.205895935964,
    47391.62363377463,
    47268.182535406406,
    47129.245343288174,
    46991.3196005234,
    46841.98318195813,
    46690.32075508005,
    46494.33337823276,
    46321.56659867611,
    46144.298645320196,
    45970.40134313424,
    45769.802724753696,
    45584.29160252463,
    45363.82951046798,
    45182.46457435345,
    44947.38577586207,
    44686.731681034486,
    44459.6244612069,
    44169.4946697968,
    43965.93925107759,
    43674.7281596367,
    43415.91862299877,
    43198.35673876232,
    42925.09692503079,
    42654.7856950431,
    42390.80630387931,
    42127.63735375616,
    41798.45412561576,
    41552.23693426724,
    41289.227890240145,
    40998.24926878079,
    40695.76495150862,
    40439.16608297414,
    40163.99545874384,
    39848.32789408867,
    39622.50908251232,
    39276.57775939039,
    38962.8444619766,
    38750.55180110838,
    38431.2398783867,
    38024.01134351909,
    37781.84765625,
    37493.86903479064,
    37145.35435267857,
    36909.71992379926,
    36485.033924722906,
    36200.144204125616,
    35903.099426570196
  ],
  "val": [
    49559.01531559406,
    49544.93216274752,
    49482.5447865099,
    49318.443146658414,
    49178.141514542076,
    49143.19759436881,
    48961.83667233911,
    48975.64638768564,
    48963.624342512376,
    48957.283415841586,
    48795.75634282178,
    48828.59870049505,
    48637.676554764854,
    48832.533454517325,
    48736.11034189357,
    48697.7370049505,
    48507.92303527228,
    48337.1911355198,
    48381.27324412129,
    48337.39132116337,
    48108.84742419554,
    48160.85036355198,
    47985.761757425746,
    47939.20173267327,
    47751.62631497525,
    47663.49149133663,
    47625.33040686881,
    47569.77262530941,
    47721.05654393564,
    47455.1153697401,
    47064.171836324254,
    46592.41108446782,
    46633.77687964109,
    47224.89866955446,
    46717.4077970297,
    47098.921836324254,
    46587.56609684406,
    46298.349860767325,
    46468.514387376235,
    46167.91986386139,
    45612.61490563119,
    45557.70061107673,
    45527.462059096535,
    44670.645072710395,
    45199.92260983911,
    45004.060295482675,
    45264.224357982675,
    44938.76543162129,
    44844.30573174505,
    44512.38822710396,
    44940.932588180694,
    44342.36076732673,
    44147.06191986386,
    42830.234413675746,
    42792.53755414604,
    42032.937461324254,
    43327.041731126235,
    43644.52947091584,
    43663.36765160891,
    43569.368773205446
  ]
}