Metric,Value
LVR,1.9972306489944458
LNR,0.8086062098571262
CCM,0.03916513011179488
CKA_zA_zB,0.017004285007715225
TSA,0.7149503231048584
