Metric,Value
LVR,1.8698537349700928
LNR,0.9254039968777813
CCM,0.12304809652395457
CKA_zA_zB,0.293051153421402
TSA,0.8459228277206421
