{
  "train": [
    1.9526499967856947,
    1.7619850635528564,
    1.6035579472339798,
    1.4604482415861684,
    1.3329220898632932,
    1.2151199866985452,
    1.1187241230104945,
    1.0170902119481504,
    0.9385484477569317,
    0.8604201589311872,
    0.7973003666389165,
    0.7360662130886698,
    0.6959027997378645,
    0.6502531714040071,
    0.609949338905917,
    0.5733387775609059,
    0.5476747046550506,
    0.5231052463865046,
    0.5064384881498778,
    0.48501647399564096,
    0.46008413384113406,
    0.45383075657736494,
    0.4432727695979508,
    0.4334469019192193,
    0.4284584313777867,
    0.42203130290426055,
    0.40361906419246657,
    0.40217112569973384,
    0.39463458125814427,
    0.38614507878355203,
    0.3860097683122005,
    0.3832614454142566,
    0.38245122362240197,
    0.3682981415335181,
    0.36276054543814634,
    0.37176081450114695,
    0.36322236472162706,
    0.36481892167053787,
    0.35818660362013455,
    0.36412012577056885,
    0.3567576381960526,
    0.35480735748272224,
    0.34983836723665884,
    0.35362076377633755,
    0.3485206546160975,
    0.34815079193984344,
    0.34595307575658035,
    0.3394954687562482,
    0.337918741215626,
    0.33867049202543176,
    0.3353844017818056,
    0.34540456239813067,
    0.34006626881989355,
    0.3406571496296399,
    0.34641850904878135,
    0.3384187131973323,
    0.32680725185154696,
    0.33781301681631304,
    0.32789930466360645,
    0.32416169719743027,
    0.3252942730934162,
    0.32796893243131964,
    0.3264283420417109,
    0.3298780113605443,
    0.32031689606276637,
    0.323300211740832,
    0.3303093613662156,
    0.32376515968092556,
    0.3145264340151707,
    0.3204636964304694,
    0.31058605932837047,
    0.3230156446325368
  ],
  "val": [
    1.0645231150164463,
    0.9948233011925575,
    0.8971845655158015,
    0.7862843829806488,
    0.6842377492696932,
    0.6034300958756174,
    0.542135222713546,
    0.49486884622290583,
    0.4607480466365814,
    0.4316232723764854,
    0.4056402090752479,
    0.38522171295515384,
    0.366678915696569,
    0.3534751634786625,
    0.3415841312691717,
    0.3320876448461325,
    0.32228148514681526,
    0.3159395485821337,
    0.3102189025076309,
    0.3050027412943321,
    0.30075234115713895,
    0.2981500301030603,
    0.2940295999593074,
    0.28926202300751563,
    0.28733315296692424,
    0.2853551259135256,
    0.28297730041022345,
    0.2819581952425513,
    0.28124407287871483,
    0.2805774973170592,
    0.2805077300803496,
    0.27830076542231114,
    0.27670531550256333,
    0.2759452606781875,
    0.2746852459293781,
    0.27368704930390464,
    0.2714850123565976,
    0.2709660975649805,
    0.2719574225420999,
    0.2725281618019142,
    0.27203414522775327,
    0.27163445152858695,
    0.269004884037641,
    0.26965999455735234,
    0.26794373192409476,
    0.26777841608123026,
    0.26913583131119756,
    0.26801557115989155,
    0.26783276105871295,
    0.26667702257043063,
    0.2659751566329805,
    0.26539305472137903,
    0.266924387452626,
    0.26922160239502935,
    0.27020498903671114,
    0.2681968117704486,
    0.268055397980284,
    0.26706250380761554,
    0.2678493506247454,
    0.26937606783196477,
    0.2693538851667159,
    0.26733691769071144,
    0.26788464041039495,
    0.26691633197340636,
    0.2670610694601984,
    0.2694369852542877,
    0.2692207342917376,
    0.26914246601633507,
    0.26943966126678015,
    0.26982042872079526,
    0.2708989620798885,
    0.26995385784914
  ]
}