{
  "train": [
    1.154021782240844,
    1.039877805510178,
    0.938520761839862,
    0.8540279210494657,
    0.7732739568931128,
    0.7041555913211089,
    0.6410857497764926,
    0.5894413757794009,
    0.5426884443301873,
    0.49938439001590745,
    0.4636496691574604,
    0.4312582299333488,
    0.40774777619709524,
    0.3839020021443297,
    0.36080646544254474,
    0.3425958563247925,
    0.32601244901788645,
    0.308778486375151,
    0.2919416057652441,
    0.27818455411295584,
    0.26745100194597476,
    0.25633152776163787,
    0.24523509312145816,
    0.24002939594790265,
    0.22602974421578675,
    0.21899253298789997,
    0.21065870367834721,
    0.20077114996358092,
    0.19643381560964537,
    0.19008767773658772,
    0.1800892751645572,
    0.1739671639914583,
    0.169528382825734,
    0.1653985299647148,
    0.1604597224243756,
    0.1600374359949469,
    0.14916734760764785,
    0.14047240697104355,
    0.14268400142051904,
    0.14233407389207425,
    0.1306459584406444,
    0.13034274095091328,
    0.1253384740775442,
    0.12197899557833601,
    0.11735823611026915,
    0.11563573388630534,
    0.1142268319582117,
    0.10653676753267279,
    0.10765576891123955,
    0.10826727872705225,
    0.10023402683253359,
    0.10104158931765063,
    0.09584757124115094,
    0.0969496988163793,
    0.09379344506950801,
    0.09319973391999165,
    0.09007387373394567,
    0.08751866838027691,
    0.08227637116544939,
    0.08310336157165725,
    0.07955694105017361,
    0.07859108431879523,
    0.0804179508257382,
    0.07505328626615074,
    0.07528878561234827,
    0.07176776938690928,
    0.06885986323720716,
    0.06884661788497065,
    0.07029754727197986,
    0.06949039409166487,
    0.06762117129094496,
    0.06760397513071305,
    0.06470537739874695,
    0.06492924859077473,
    0.06330089340803072,
    0.059910462352589434,
    0.06066944079446088,
    0.05879255384206772,
    0.06094777573065217,
    0.056082782909053885,
    0.05587678663249086,
    0.055217395018180605,
    0.05477427984840177,
    0.05190056099973876
  ],
  "val": [
    1.1092862492740745,
    1.0714532089705515,
    1.0034688073809783,
    0.9106037911802235,
    0.8088230443472909,
    0.7218980500013521,
    0.6511499740109585,
    0.5944240954842898,
    0.5477978622559274,
    0.5121566747674847,
    0.47828766201982403,
    0.45123955105790997,
    0.4259410783796027,
    0.4057013687520924,
    0.38698989211922824,
    0.3716204550006602,
    0.357331259120809,
    0.34416364384169623,
    0.33279504988453174,
    0.32246453573208045,
    0.3121884223258141,
    0.30072824524180725,
    0.29172826964076204,
    0.28451493707033665,
    0.2785974496071882,
    0.2712827808786147,
    0.26507101495667257,
    0.2592854939474918,
    0.25410439295343834,
    0.24687051035390042,
    0.2392312471229251,
    0.23663737661767714,
    0.2326755172545367,
    0.22880785299999878,
    0.22656050649019752,
    0.22647971386956697,
    0.22292599701645352,
    0.22066994291721004,
    0.21893945660921607,
    0.21365203081381204,
    0.21011298880128576,
    0.20936151129184383,
    0.20900296427235746,
    0.20652011022119238,
    0.2047832139057688,
    0.20545736943731213,
    0.2002109606372248,
    0.19978739306478216,
    0.19706051110631168,
    0.19708611439950396,
    0.1966103871565054,
    0.193806524323945,
    0.19437589592272692,
    0.19641834895799656,
    0.193987842981178,
    0.19123138118498395,
    0.19219845179283973,
    0.1938712371162849,
    0.1927001265311005,
    0.19118049401457948,
    0.19234493773172398,
    0.19145101235054507,
    0.19050937846745594,
    0.18964572147567674,
    0.19066371289220188,
    0.19326575365987156,
    0.1936778134048575,
    0.19084829003504006,
    0.19341048834347488,
    0.19155155520627995,
    0.19225674838122755,
    0.1925474443648121,
    0.1923160318395879,
    0.1942942239860497,
    0.1951913956073251,
    0.19405294438399892,
    0.1911291676287604,
    0.1928703997394826,
    0.1969187531140771,
    0.1965458127531675,
    0.19715387322524985,
    0.1998879961153068,
    0.19915578713511475,
    0.19536107512983944
  ]
}