Model,MSE,RMSE,MAE,R² (overall)
MLP,385.4442443847656,19.632734001782982,14.42599868774414,-50.28232192993164
Student,1.7144947052001953,1.3093871487074384,1.0047639608383179,0.8156964182853699
