Model,Accuracy,F1_Macro,Precision,Recall
Teacher (A+B),0.8514851485148515,0.8493586556627225,0.8473207249802994,0.8557304277643261
Student (Distilled),0.5841584158415841,0.5747794707297514,0.5745614035087719,0.5754640839386602
Baseline (A only),0.5643564356435643,0.5483739837398374,0.5489754098360655,0.5482243744955609
