{
  "best_params": {
    "alpha": 0.8993608458049761,
    "z_dim": 114,
    "lr": 0.004913898044615621,
    "p_drop": 0.2956649197270076,
    "enc_hidden_scale": 0.5
  },
  "best_value": 4505.125826693998,
  "device": "cpu"
}