Metric,Value
LVR,1.9370886087417603
LNR,0.9280084656085599
CCM,0.14767792561181442
CKA_zA_zB,0.24433353543281555
TSA,0.7983576655387878
