Metric,Value
LVR,1.9603921175003052
LNR,1.247702798562925
CCM,0.26069938636400014
CKA_zA_zB,0.7156400680541992
TSA,0.9765527248382568
