Model,Accuracy
Teacher latent,0.6354679802955665
Student latent,0.7339901477832512
