{
  "train": [
    0.7280472346714565,
    0.6681492416729481,
    0.6521108247376428,
    0.6220194841253346,
    0.6252797184319332,
    0.5981822436666254,
    0.5988024003400004,
    0.5916331909560217,
    0.5854296155751045,
    0.5989491980651329,
    0.5816182611611089,
    0.5890596573575965,
    0.5972292907719542,
    0.584706060698467,
    0.5774250688224003,
    0.5666568619864327,
    0.5452049803264035,
    0.5654416024097668,
    0.5803628625540898,
    0.5431855266610978,
    0.5600525610552632,
    0.5482503718930513,
    0.558946371959348,
    0.5583391550726491,
    0.5499657888717839,
    0.5674675835177229,
    0.5522181673590185,
    0.5457006049860874,
    0.5502744252458581,
    0.5621552925391737,
    0.534110885241936,
    0.553717168387521,
    0.5334943051408665,
    0.5401979438189802,
    0.5365211276585246,
    0.5560110848525475,
    0.5513543463105639
  ],
  "val": [
    0.6973778009414673,
    0.693359375,
    0.6884615421295166,
    0.6830365061759949,
    0.6781597137451172,
    0.6728127598762512,
    0.6698636412620544,
    0.6712793707847595,
    0.6737158894538879,
    0.6794298887252808,
    0.6828674674034119,
    0.6881413459777832,
    0.6947815418243408,
    0.6939184069633484,
    0.696231484413147,
    0.6935082077980042,
    0.6927866339683533,
    0.6936546564102173,
    0.6981226801872253,
    0.7012038230895996,
    0.7026522755622864,
    0.7042922973632812,
    0.704399585723877,
    0.7022141814231873,
    0.7028138041496277,
    0.704785168170929,
    0.7080740332603455,
    0.7139519453048706,
    0.710425853729248,
    0.7056597471237183,
    0.7012704014778137,
    0.6994009613990784,
    0.6993610858917236,
    0.7040283679962158,
    0.7074148058891296,
    0.7092970013618469,
    0.7039908766746521
  ]
}