{
  "train": [
    0.6679487533757252,
    0.6614373860688045,
    0.6366617057123795,
    0.6129680901325395,
    0.6192920216785863,
    0.5938680216009393,
    0.5821772474667122,
    0.5831127234280403,
    0.5590848896303787,
    0.5638629682545592,
    0.5747752401041867,
    0.5644691439684976,
    0.5610006900843728,
    0.5636341422062202,
    0.5609305785794564,
    0.5452704118390389,
    0.5436984335847677,
    0.5427171758243016,
    0.5453966509532459,
    0.56397178666345,
    0.5444137950248906,
    0.5370874272778704,
    0.5300816862747587,
    0.5448943954970449,
    0.5118836182091624,
    0.5329456097386741,
    0.5195224066379622,
    0.5181146217097202,
    0.5197855354529883,
    0.5021758452424863,
    0.5430000007446176,
    0.5196351185808041,
    0.5139392442597545,
    0.5070459734042877,
    0.5199705095126711,
    0.5156941942393486,
    0.5089596172271691,
    0.5196915989732508,
    0.5169846989544742,
    0.5013800994516007,
    0.5007314265067941,
    0.5170852196921268,
    0.5153223237967843,
    0.49657247997269843,
    0.5236405879993157,
    0.48369552642841057,
    0.4968843388146368,
    0.5064798800522471,
    0.49538316251021886,
    0.5044356960381193,
    0.4935103985182758,
    0.49981888130380603,
    0.5071839989699753,
    0.5023595673110097,
    0.49837157820245903,
    0.5008295955035487,
    0.49100812285991724,
    0.4960268352712904,
    0.48493150654684736,
    0.48265458004815237,
    0.4941059782587249,
    0.49742137798534825,
    0.4887419366484205,
    0.48318154706156313,
    0.49850516703915715,
    0.4752792431215935,
    0.4891271673399827,
    0.476572061407155,
    0.47765356126089986,
    0.4819809359869934
  ],
  "val": [
    0.6845645904541016,
    0.6831119656562805,
    0.6817587018013,
    0.6788510680198669,
    0.6763782501220703,
    0.6745042204856873,
    0.6740152835845947,
    0.6748631000518799,
    0.6751480102539062,
    0.6733781695365906,
    0.6757954359054565,
    0.6760823726654053,
    0.6757755875587463,
    0.6761290431022644,
    0.6759539246559143,
    0.6760590076446533,
    0.6751993894577026,
    0.6762633919715881,
    0.6765275597572327,
    0.6760477423667908,
    0.6764921545982361,
    0.6732974052429199,
    0.6732391715049744,
    0.673047661781311,
    0.6735988855361938,
    0.6741049885749817,
    0.6742279529571533,
    0.6739717125892639,
    0.6740934252738953,
    0.6762102842330933,
    0.6776291728019714,
    0.6743680238723755,
    0.6738243699073792,
    0.6740419864654541,
    0.6768256425857544,
    0.6754127144813538,
    0.6731007099151611,
    0.6706928014755249,
    0.6682465672492981,
    0.665789783000946,
    0.6676996350288391,
    0.6700659394264221,
    0.6705268621444702,
    0.6714977025985718,
    0.6726205945014954,
    0.6710005402565002,
    0.6726403832435608,
    0.6741315722465515,
    0.6722618937492371,
    0.6704305410385132,
    0.6695389151573181,
    0.6717775464057922,
    0.6737924218177795,
    0.6746716499328613,
    0.6752610206604004,
    0.6757293343544006,
    0.6773706674575806,
    0.6783312559127808,
    0.6773009300231934,
    0.6788040995597839,
    0.6762885451316833,
    0.6729987859725952,
    0.6713279485702515,
    0.6708506345748901,
    0.6699170470237732,
    0.672752320766449,
    0.6745991706848145,
    0.6767118573188782,
    0.6751195788383484,
    0.6708484888076782
  ]
}