{
  "train": [
    0.7184073657825075,
    0.6489873017583575,
    0.6277939104681531,
    0.616053025123521,
    0.5989505378483552,
    0.5701048808732057,
    0.5761287047945219,
    0.5702097415924072,
    0.5560951503039581,
    0.5584991122114247,
    0.5400264383536841,
    0.5450846235740361,
    0.5569694673486532,
    0.5465420049986816,
    0.534771355502124,
    0.5303424033038134,
    0.5355469505187913,
    0.5291471907070705,
    0.5356908789996443,
    0.5314517052009188,
    0.5201174997050186,
    0.5303452726949025,
    0.5060101657959041,
    0.520174325540148,
    0.5129822096213918,
    0.5103138782120691,
    0.5155785891222836,
    0.5070690980979374,
    0.5121291564603158,
    0.5185173943712207,
    0.5019922561833424,
    0.49815316329448683
  ],
  "val": [
    0.6662017703056335,
    0.659763753414154,
    0.6664878726005554,
    0.6782987713813782,
    0.6776914596557617,
    0.6778337955474854,
    0.6862508654594421,
    0.6909528970718384,
    0.6918399333953857,
    0.698040246963501,
    0.6993287801742554,
    0.7043852806091309,
    0.7103393077850342,
    0.7140089273452759,
    0.7121773958206177,
    0.7104209661483765,
    0.7197896242141724,
    0.7195395231246948,
    0.7207674980163574,
    0.7205430865287781,
    0.7173306345939636,
    0.7126457095146179,
    0.7135300636291504,
    0.7095282673835754,
    0.7097973227500916,
    0.7152065634727478,
    0.7137526869773865,
    0.7108529210090637,
    0.7122201323509216,
    0.7155208587646484,
    0.7219337224960327,
    0.7297009229660034
  ]
}