{
  "train": [
    0.7056702883372753,
    0.6780222266765651,
    0.6863669594520418,
    0.6444307803520428,
    0.6485695248754154,
    0.6562639460187828,
    0.6438591001656255,
    0.629162579921666,
    0.6343380074782912,
    0.6099876053814818,
    0.6232905945754403,
    0.645440336225068,
    0.6182845682639794,
    0.5941219224131166,
    0.6107897318055477,
    0.6099934519218106,
    0.6124510186646372,
    0.6137060525969331,
    0.5941259137221745,
    0.6063301448751552,
    0.5995285161610308,
    0.5984448579144596,
    0.5929574787323111,
    0.5848747938137336,
    0.5945188028765429,
    0.595005116439218,
    0.5854210548212962,
    0.5992162403801979,
    0.614588728091987,
    0.5969659363107728,
    0.5786091161185297,
    0.5728873974584007,
    0.5674745036757051,
    0.5898440400955125,
    0.5948288998580331,
    0.5551058553122534,
    0.5720612488943955,
    0.5764998682026793,
    0.5744787798139263,
    0.5853706025724927
  ],
  "val": [
    0.6988415718078613,
    0.6933519244194031,
    0.6955051422119141,
    0.6903196573257446,
    0.6821959018707275,
    0.6759222745895386,
    0.6732622385025024,
    0.6728241443634033,
    0.6715251207351685,
    0.6699373126029968,
    0.6704415082931519,
    0.670976459980011,
    0.6734803318977356,
    0.6787799596786499,
    0.6822582483291626,
    0.6824241876602173,
    0.6806211471557617,
    0.6768512725830078,
    0.6767602562904358,
    0.6782097220420837,
    0.6793758273124695,
    0.6803919672966003,
    0.6824273467063904,
    0.6873807907104492,
    0.6917692422866821,
    0.6944169998168945,
    0.6974195837974548,
    0.6979859471321106,
    0.6947473287582397,
    0.6940938234329224,
    0.6960310339927673,
    0.6978736519813538,
    0.6999071836471558,
    0.7019709348678589,
    0.6983177065849304,
    0.6955917477607727,
    0.6954691410064697,
    0.6959474086761475,
    0.6969587802886963,
    0.6959856152534485
  ]
}