{
  "train": [
    0.9874280221356547,
    0.8892108924283183,
    0.847417341077269,
    0.8322714728674865,
    0.804762611541842,
    0.7857890055684621,
    0.7793023912190217,
    0.76919793143061,
    0.75696430270895,
    0.7898057655160651,
    0.7585782417522863,
    0.7453822288019903,
    0.7291255625597949,
    0.7219591399131737,
    0.736937691719074,
    0.7363267784635422,
    0.7124537088600873,
    0.7099335519551057,
    0.7412772977293418,
    0.7108800017774985,
    0.7183674855772497,
    0.7142606354112109,
    0.7136594506320108,
    0.710433581779743,
    0.7135108950102858,
    0.6988823795553498,
    0.7015612169439569,
    0.6988334494271302,
    0.6803717366580305,
    0.6992610487444647,
    0.697724388150746,
    0.6887871482102155,
    0.684578201747293,
    0.6799661837187894,
    0.695276375474601,
    0.6933777945969493,
    0.6816424448501888,
    0.6826929834675907,
    0.6695162636305898,
    0.6592866223433922,
    0.6738509118850595,
    0.6558163744475454
  ],
  "val": [
    0.7296261191368103,
    0.6956387758255005,
    0.6854180693626404,
    0.6814848780632019,
    0.6783406734466553,
    0.6750250458717346,
    0.6724526286125183,
    0.6707437634468079,
    0.6703460216522217,
    0.6701945066452026,
    0.670711874961853,
    0.6698735356330872,
    0.6702439785003662,
    0.6707141995429993,
    0.6714437007904053,
    0.672457754611969,
    0.6730123162269592,
    0.6740137934684753,
    0.6753265857696533,
    0.6751558780670166,
    0.6748127937316895,
    0.675015389919281,
    0.6776738166809082,
    0.6797966361045837,
    0.6798666715621948,
    0.6806479692459106,
    0.6822693347930908,
    0.6833637356758118,
    0.6834477186203003,
    0.6825498342514038,
    0.6815232634544373,
    0.6801832318305969,
    0.6793496012687683,
    0.6792859435081482,
    0.6799474954605103,
    0.6790547370910645,
    0.678388774394989,
    0.6791878342628479,
    0.6804327368736267,
    0.682304322719574,
    0.6845443844795227,
    0.6856110692024231
  ]
}