{
  "train": [
    0.7291007858191805,
    0.677758505191709,
    0.6611006735580895,
    0.6458424623376631,
    0.6586123311460899,
    0.6299957697614661,
    0.6292251802136746,
    0.6091321119533971,
    0.6218124393171864,
    0.6016326338199559,
    0.6026568944231042,
    0.5834436581052583,
    0.5886161852939963,
    0.5883470494758907,
    0.5905766951039507,
    0.594483694419485,
    0.5562331103926221,
    0.5799888704210666,
    0.5771631859793451,
    0.5910290385701974,
    0.5697893741095594,
    0.5816453187336476,
    0.5631888743691844,
    0.5581623386279703,
    0.5585543721767482,
    0.5539665454126931,
    0.5756587195278976,
    0.551029842181746,
    0.5480763228068798,
    0.5506480086613171,
    0.5356612500592406,
    0.555202300912641,
    0.5390973607894822,
    0.5461685422606068
  ],
  "val": [
    0.6740667223930359,
    0.6702002882957458,
    0.6691667437553406,
    0.667401134967804,
    0.6679551005363464,
    0.6687037348747253,
    0.6710416674613953,
    0.674582302570343,
    0.6777604818344116,
    0.6765247583389282,
    0.6778950691223145,
    0.6797324419021606,
    0.6789788007736206,
    0.6813538670539856,
    0.6831216812133789,
    0.6828030347824097,
    0.6882596015930176,
    0.6898453831672668,
    0.6886074542999268,
    0.6862667798995972,
    0.6904958486557007,
    0.6948987245559692,
    0.6977143287658691,
    0.6995493173599243,
    0.6983261108398438,
    0.6949416995048523,
    0.6955637335777283,
    0.6949594616889954,
    0.694875955581665,
    0.6956610083580017,
    0.7003058195114136,
    0.7038244009017944,
    0.7052462697029114,
    0.7077837586402893
  ]
}