{
  "train": [
    0.7018437966924583,
    0.6699501522656145,
    0.6957816264312255,
    0.6463879799020702,
    0.6510901439366082,
    0.6252298804339517,
    0.6535971562557032,
    0.6510805995593517,
    0.6182720562800985,
    0.6130664705349307,
    0.6270830431595225,
    0.6092488654141356,
    0.6320282990122076,
    0.6191147994525327,
    0.6118656182524018,
    0.6050972900367135,
    0.6170199682266254,
    0.6083579621291513,
    0.5943304952142274,
    0.6096427173450075,
    0.5947348446094344,
    0.582469256934274,
    0.6134116680457674,
    0.5774845809772097,
    0.5960276446906216,
    0.6057455501532907,
    0.6008020072735002,
    0.5882303620794137,
    0.5881635954814591,
    0.5886821613229555,
    0.5893564159646997,
    0.5984738243037256,
    0.5790358946241182,
    0.5700001522825269,
    0.5717838068901024,
    0.5827481141818568,
    0.5895858398212,
    0.5660932319504874,
    0.5667946395909258,
    0.6032152550267469,
    0.5784106407259485,
    0.554579301420691,
    0.5835778695609182,
    0.5695003811361754,
    0.5875702610450425,
    0.5643622337890963,
    0.5743813287154794,
    0.5574942693628114,
    0.5711239223996994,
    0.5799184266863198
  ],
  "val": [
    0.7066695690155029,
    0.690595805644989,
    0.6812419891357422,
    0.676347017288208,
    0.6721959114074707,
    0.6682649254798889,
    0.6651750802993774,
    0.6643010377883911,
    0.6652264595031738,
    0.6672343015670776,
    0.670036792755127,
    0.6725624203681946,
    0.6730093359947205,
    0.6724663972854614,
    0.6702947616577148,
    0.6677474975585938,
    0.6636670827865601,
    0.6621392965316772,
    0.6619276404380798,
    0.6615740060806274,
    0.6621526479721069,
    0.6653534770011902,
    0.6707009673118591,
    0.6769566535949707,
    0.6789977550506592,
    0.6802400350570679,
    0.6804578304290771,
    0.6783840656280518,
    0.6790514588356018,
    0.6836318969726562,
    0.6859517693519592,
    0.6866899132728577,
    0.6832049489021301,
    0.6807909607887268,
    0.6807361841201782,
    0.6817841529846191,
    0.6846529245376587,
    0.6881448030471802,
    0.6887992024421692,
    0.688856303691864,
    0.6894733905792236,
    0.6907869577407837,
    0.6921550631523132,
    0.6918972730636597,
    0.6925097703933716,
    0.6917257308959961,
    0.6916434168815613,
    0.6934847831726074,
    0.6967470049858093,
    0.698509156703949
  ]
}