{
  "train": [
    0.7129233737884484,
    0.6667293647827186,
    0.6297158663496009,
    0.6153665901404883,
    0.6106190666776573,
    0.6040223678344576,
    0.5990667492885308,
    0.5762054600151889,
    0.5856730409443672,
    0.6047567645904466,
    0.5880624960208761,
    0.5816440334167386,
    0.576025508307471,
    0.5694857700704941,
    0.573460520488288,
    0.5708617979082568,
    0.5443614236826967,
    0.5550971277828874,
    0.5565401600499459,
    0.5418515387427043,
    0.5580926467045187,
    0.5605697285365588,
    0.5508522793577222,
    0.5627196081753435,
    0.5465753220865879,
    0.5541496729028637,
    0.5249248878121964,
    0.5331829310637977,
    0.5259853304900559,
    0.529420049760142,
    0.545596974383434,
    0.541941291739788,
    0.5369923771014942,
    0.5324671594380158
  ],
  "val": [
    0.6822620630264282,
    0.6731640696525574,
    0.6672988533973694,
    0.667288601398468,
    0.6698167324066162,
    0.6736451983451843,
    0.6791648268699646,
    0.6846569776535034,
    0.6893121600151062,
    0.6928448677062988,
    0.6953518390655518,
    0.6964057087898254,
    0.6949926614761353,
    0.6895073652267456,
    0.6865721344947815,
    0.6854307651519775,
    0.6868664026260376,
    0.6895585656166077,
    0.6903154850006104,
    0.6928292512893677,
    0.6945733428001404,
    0.695378303527832,
    0.6950637698173523,
    0.6966275572776794,
    0.6988551020622253,
    0.7022762298583984,
    0.7018681764602661,
    0.6988722681999207,
    0.7006660103797913,
    0.703572690486908,
    0.7016893029212952,
    0.6988036632537842,
    0.7007836699485779,
    0.7013677358627319
  ]
}