{
  "train": [
    0.8386926586404809,
    0.7661234128651361,
    0.7231551452810541,
    0.7058966976081209,
    0.7125616831145263,
    0.7110147056321205,
    0.6907011097287897,
    0.679000822781342,
    0.6731057120074192,
    0.6842965477793087,
    0.6762479790325823,
    0.6683338478280993,
    0.6511734321786853,
    0.6746941969312471,
    0.6758100384561886,
    0.6495845975547001,
    0.6661235810500648,
    0.6386327837488334,
    0.6624070329619158,
    0.6466555034585775,
    0.630851641664364,
    0.6200650645594291,
    0.6346907110637044,
    0.654878157112986,
    0.6357927486814302,
    0.6404973007188055,
    0.6279653663118484,
    0.6264870548483186,
    0.6352377912681091,
    0.6334072210518598,
    0.6270981093345604
  ],
  "val": [
    0.6728453636169434,
    0.6774394512176514,
    0.6863304376602173,
    0.6931626796722412,
    0.6940367221832275,
    0.6896311640739441,
    0.6864011883735657,
    0.6841467022895813,
    0.6806201934814453,
    0.6778148412704468,
    0.6744817495346069,
    0.6733846664428711,
    0.6764000654220581,
    0.6809249520301819,
    0.6833058595657349,
    0.6844357848167419,
    0.6829963326454163,
    0.6822470426559448,
    0.6814821362495422,
    0.681511402130127,
    0.6838908195495605,
    0.6856644749641418,
    0.6871457099914551,
    0.686546266078949,
    0.6879284381866455,
    0.6889070272445679,
    0.6881994009017944,
    0.6856945753097534,
    0.6831034421920776,
    0.6855100393295288,
    0.6872810125350952
  ]
}