{
  "train": [
    0.6989185143574118,
    0.6552148587598002,
    0.6290705256861419,
    0.6185131228616085,
    0.5979968843788936,
    0.6027568804806677,
    0.5942782868305451,
    0.5888509679897665,
    0.5820305426719741,
    0.5742622986802914,
    0.5591206273128246,
    0.5622767979288336,
    0.5793545840702621,
    0.5690692765959378,
    0.564659999802782,
    0.5467148778473803,
    0.5478898166435693,
    0.5453344562958027,
    0.5546581398677356,
    0.5343562678750513,
    0.5285042735743405,
    0.5422905119769091,
    0.5375188430541842,
    0.5362760622806737,
    0.5383354939263443,
    0.539420563599159,
    0.5160790943159845,
    0.5332547076817217,
    0.5325465623674721,
    0.5324538747958949,
    0.5016229352340322,
    0.5256104034743285
  ],
  "val": [
    0.7048382759094238,
    0.6812846660614014,
    0.687437891960144,
    0.700599730014801,
    0.7129347920417786,
    0.7185632586479187,
    0.7114455699920654,
    0.7083906531333923,
    0.7083109617233276,
    0.7090038657188416,
    0.7141796350479126,
    0.7173274755477905,
    0.7160376310348511,
    0.712605893611908,
    0.7079024910926819,
    0.7017771005630493,
    0.6956766843795776,
    0.6996169090270996,
    0.7041223645210266,
    0.7050190567970276,
    0.7080601453781128,
    0.7084855437278748,
    0.7042094469070435,
    0.7060022354125977,
    0.7133992910385132,
    0.7130618095397949,
    0.7235175371170044,
    0.7288497090339661,
    0.7314715385437012,
    0.7327376008033752,
    0.7401601076126099,
    0.7429043650627136
  ]
}