{
  "train": [
    0.7266327345312522,
    0.6750172740720176,
    0.6424787493762124,
    0.6243280304476545,
    0.6167120760297541,
    0.5854429232663122,
    0.5879731656882563,
    0.5999228512418682,
    0.5774932929447719,
    0.5579119550770727,
    0.5553828724499407,
    0.5497951302035101,
    0.5664496314643052,
    0.5621749532633814,
    0.5427055543866651,
    0.5608115175674702,
    0.5492085702900816,
    0.5677482885092937,
    0.5310235019094252,
    0.5427992355647345,
    0.552815069412363,
    0.5410184155544037,
    0.5478241616869207,
    0.5455771922477948,
    0.5321891768812546,
    0.529213796695465,
    0.5190845959879494,
    0.5250802760934595,
    0.5382746966014355,
    0.5126393272958952,
    0.5271433245372302,
    0.5238211827325117,
    0.5243417309422799,
    0.5261940959051912,
    0.5347275237731746,
    0.5252985750219504,
    0.5242059838595649,
    0.5229468846262382,
    0.5319663946851722,
    0.5143503073988289,
    0.5145686442041632,
    0.509775403244742,
    0.514854817408059,
    0.5271977004159261,
    0.5239802430122357,
    0.5326587851411604,
    0.5133139473464101,
    0.514238408046403,
    0.5162322691508702,
    0.5130950726311783,
    0.4990709165634193,
    0.4971611427849737,
    0.49901364927221403,
    0.5108316035693502,
    0.4899249452675505,
    0.5038403249139269,
    0.47462965819636
  ],
  "val": [
    0.6943280696868896,
    0.6930437684059143,
    0.6889442801475525,
    0.6826772689819336,
    0.6768768429756165,
    0.6714458465576172,
    0.6667783856391907,
    0.6650627255439758,
    0.6647472381591797,
    0.6641476154327393,
    0.6629924178123474,
    0.6618353724479675,
    0.6629682779312134,
    0.6620838642120361,
    0.6609616279602051,
    0.6596308946609497,
    0.6628661751747131,
    0.6624937653541565,
    0.663823127746582,
    0.6648890972137451,
    0.6653079986572266,
    0.66618412733078,
    0.6669891476631165,
    0.6646234393119812,
    0.6600578427314758,
    0.6593945026397705,
    0.6586114168167114,
    0.6612027883529663,
    0.6627035140991211,
    0.6657716631889343,
    0.6640921235084534,
    0.6644267439842224,
    0.6664868593215942,
    0.6636816263198853,
    0.6629682779312134,
    0.6638717651367188,
    0.6689983606338501,
    0.6693282723426819,
    0.6694265604019165,
    0.6708193421363831,
    0.6724033951759338,
    0.6759957671165466,
    0.6750503182411194,
    0.6739984154701233,
    0.6732746362686157,
    0.6712942123413086,
    0.6739713549613953,
    0.6787375211715698,
    0.6797614693641663,
    0.6828547716140747,
    0.68312007188797,
    0.6857348084449768,
    0.6854438185691833,
    0.6857607960700989,
    0.6841086149215698,
    0.6845846772193909,
    0.683417797088623
  ]
}