{
  "train": [
    0.6990202189666297,
    0.6762949266457206,
    0.6660021355586686,
    0.6618694539727836,
    0.677752429628607,
    0.6607702644587737,
    0.664656936535107,
    0.6465515200727678,
    0.6581708489380447,
    0.6343886379537911,
    0.6608733487833897,
    0.6327842829262682,
    0.6323634767767243,
    0.6324169301047113,
    0.6357720729165477,
    0.6264207213383003,
    0.6201015707894499,
    0.6229408659371249,
    0.6165607148790594,
    0.6204682286149763,
    0.6231642380136574,
    0.6387174599276387,
    0.6000346027571579,
    0.6108525031305886,
    0.5986202805500312,
    0.591146239799819,
    0.6063170808876677,
    0.592772881385728,
    0.6162953447238565,
    0.5924471044188062,
    0.5837523855012039,
    0.6158032481893531,
    0.5957171861174071,
    0.6249043304344704,
    0.5925830491070677,
    0.5898306642847108,
    0.5953078390342261,
    0.6073480683007264,
    0.6073123715781226,
    0.5761482116624053,
    0.5862090769659709,
    0.6053681946153124,
    0.5744437349253687,
    0.6023706602932785,
    0.5987868373617163,
    0.5651462075158293,
    0.5896092606295505,
    0.5681666408853577,
    0.5888113952035388,
    0.5730113260851705,
    0.5828669574753992,
    0.5740853128174843,
    0.5551570120997029,
    0.562678161513042,
    0.5866633850365437,
    0.5836377023476098
  ],
  "val": [
    0.6831173300743103,
    0.6827150583267212,
    0.6809595823287964,
    0.6780726313591003,
    0.6747468709945679,
    0.6714059710502625,
    0.6668751835823059,
    0.6639980673789978,
    0.6620398759841919,
    0.6603278517723083,
    0.6594585180282593,
    0.6594661474227905,
    0.6586514711380005,
    0.658221423625946,
    0.6561533808708191,
    0.655457079410553,
    0.6551477909088135,
    0.6543858051300049,
    0.6545568704605103,
    0.6561081409454346,
    0.6553989052772522,
    0.654900074005127,
    0.6547580361366272,
    0.6557061076164246,
    0.6542164087295532,
    0.6532151103019714,
    0.6544064283370972,
    0.6536288261413574,
    0.6535352468490601,
    0.653450071811676,
    0.6541026830673218,
    0.6547696590423584,
    0.6552618145942688,
    0.6547184586524963,
    0.6568120121955872,
    0.659175455570221,
    0.6585284471511841,
    0.6595088839530945,
    0.660279393196106,
    0.6600559949874878,
    0.6600859761238098,
    0.6621904373168945,
    0.6616140007972717,
    0.6629869937896729,
    0.6624826788902283,
    0.6627165675163269,
    0.662799596786499,
    0.6635211706161499,
    0.6647071242332458,
    0.6669214367866516,
    0.667144775390625,
    0.6678604483604431,
    0.6673574447631836,
    0.6677591800689697,
    0.6689864993095398,
    0.6680161952972412
  ]
}