{
  "train": [
    0.6867579283385441,
    0.6430636782364305,
    0.6321348950193433,
    0.6080740285037186,
    0.6025313494240709,
    0.5999235780955535,
    0.5719257701793915,
    0.562123783703508,
    0.5536723224987538,
    0.5414739368584356,
    0.5516875301088605,
    0.5438111665213636,
    0.5527373763728024,
    0.5388160284810466,
    0.5261964557206102,
    0.5201167650704314,
    0.5159790615730098,
    0.5065674025730547,
    0.5201229699726763,
    0.511532199940658,
    0.49605187289233277,
    0.5126588403297763,
    0.5004518934952215,
    0.48633396977861526,
    0.4932688944445455,
    0.49842669488173985,
    0.4879759024516702,
    0.4772193314406672,
    0.4857603521476238,
    0.4736744099356271,
    0.4851915663099054,
    0.4949784205464894,
    0.4823936033131454,
    0.47275915536387214,
    0.4729951452739133,
    0.4773548069258629,
    0.4678696457094747,
    0.45472717461327616,
    0.46011774968631164,
    0.46071904016833,
    0.46822774527695377,
    0.4623738345254231,
    0.45574095199260806,
    0.45929666370006617,
    0.4606809072893829,
    0.462747288895358,
    0.45461173597815,
    0.46883896859408597,
    0.43999459209113284,
    0.45830064688997313,
    0.4370031850091342,
    0.4649440285020274,
    0.43738593696960676,
    0.4285411190223224,
    0.4694896631052929,
    0.4454731119090113,
    0.4405658532833231,
    0.4441357332791014
  ],
  "val": [
    0.7140035629272461,
    0.7086668610572815,
    0.7025384902954102,
    0.694067120552063,
    0.6861804127693176,
    0.679111897945404,
    0.6745824813842773,
    0.6712954640388489,
    0.6664688587188721,
    0.6659196615219116,
    0.6672065854072571,
    0.6675722599029541,
    0.6670380234718323,
    0.6646661758422852,
    0.6649079322814941,
    0.6678543090820312,
    0.6713992357254028,
    0.6712087392807007,
    0.6708136796951294,
    0.6722084283828735,
    0.6715084910392761,
    0.6716129779815674,
    0.6711490750312805,
    0.670655369758606,
    0.6678892374038696,
    0.666350781917572,
    0.6624153256416321,
    0.6603819131851196,
    0.660955548286438,
    0.6603873372077942,
    0.661294162273407,
    0.661464273929596,
    0.6618046760559082,
    0.6647205948829651,
    0.6692187786102295,
    0.6704362630844116,
    0.6730473637580872,
    0.6781995892524719,
    0.6785426139831543,
    0.6815556287765503,
    0.680408239364624,
    0.6799006462097168,
    0.6813195943832397,
    0.6827069520950317,
    0.6836004257202148,
    0.688425600528717,
    0.6903164386749268,
    0.6932404041290283,
    0.6960818767547607,
    0.6993535161018372,
    0.7021607756614685,
    0.7050169110298157,
    0.6983137130737305,
    0.6915871500968933,
    0.6923766732215881,
    0.690822422504425,
    0.6885378956794739,
    0.689941942691803
  ]
}