{
  "train": [
    0.7477586589423306,
    0.6991310571802074,
    0.6632868421488795,
    0.6521281300507156,
    0.6443974519598072,
    0.6314922298116638,
    0.6200560842241559,
    0.6366306516924515,
    0.6278536143561302,
    0.6036609930945147,
    0.5877951636102986,
    0.5995053716481026,
    0.6091556616604622,
    0.5913883982033565,
    0.5856377905225519,
    0.584241963078823,
    0.5679645902417564,
    0.5951522368515654,
    0.5730687920095885,
    0.5710730496885741,
    0.5927949938280829,
    0.5636205438322621,
    0.5609537967907384,
    0.564722566475422,
    0.5805154686490891,
    0.5623054008178523,
    0.5710513130784622,
    0.5637457799441709,
    0.5576290931607703,
    0.5749606105494381,
    0.5591961946980707,
    0.54980436070212,
    0.5391421453118912
  ],
  "val": [
    0.6890442967414856,
    0.6963976621627808,
    0.6593294143676758,
    0.6644989848136902,
    0.6655197739601135,
    0.6751354932785034,
    0.6822623014450073,
    0.683711051940918,
    0.686227560043335,
    0.6876365542411804,
    0.6897158622741699,
    0.689053475856781,
    0.6849274039268494,
    0.6854773759841919,
    0.6823151111602783,
    0.6791379451751709,
    0.6789023280143738,
    0.6781807541847229,
    0.6771023273468018,
    0.6800084114074707,
    0.6787734627723694,
    0.6812035441398621,
    0.6870336532592773,
    0.6951092481613159,
    0.6946894526481628,
    0.6869257092475891,
    0.6833509206771851,
    0.6833623647689819,
    0.6850045919418335,
    0.6847350001335144,
    0.6847934722900391,
    0.6783842444419861,
    0.674199640750885
  ]
}