{
  "train": [
    0.7289685360316572,
    0.6353436491172302,
    0.610259805113224,
    0.5477616179165582,
    0.5543152366952943,
    0.5489343713069784,
    0.5195272180247189,
    0.5020361994874889,
    0.5349911178274108,
    0.5036388110057474,
    0.4950017785203868,
    0.4916313798556774,
    0.4777930693086145,
    0.5053579076170334,
    0.5034235886165074,
    0.47988405397960116,
    0.4935631026775379,
    0.4861222578974193,
    0.4946128226853357,
    0.4926716591337044,
    0.4872783551662426,
    0.48291148428846464,
    0.47103797479216103,
    0.466014017906095,
    0.4850986688007862,
    0.4630680664125922,
    0.4666528593143219,
    0.46637376144601794,
    0.4744156140999254,
    0.4815616201003784,
    0.46458314351847607,
    0.4587197346346719,
    0.4618119268581785,
    0.4741230589415639,
    0.45299684032430787,
    0.463738698237048,
    0.4559978560861108,
    0.4580984465007124,
    0.4704249411674556,
    0.4601851541714128,
    0.4602370156443178,
    0.4611992075525481,
    0.4471710697183468,
    0.4420277587885927,
    0.44541754423103896,
    0.4593021094505423,
    0.43386015134491945,
    0.440881512435199,
    0.4349536873730533,
    0.4432010659443334,
    0.4607244101651196,
    0.4502745159153868,
    0.4598128190768763,
    0.4767601719043525,
    0.4518468766083271,
    0.4522575762471542,
    0.43598385397436584,
    0.46087954754899874,
    0.43165329994239243,
    0.4463590803404747,
    0.4416914046397937,
    0.4452260497755605
  ],
  "val": [
    0.6905983686447144,
    0.6845933794975281,
    0.6812784671783447,
    0.6811500787734985,
    0.6833451390266418,
    0.6810819506645203,
    0.6808982491493225,
    0.6842255592346191,
    0.6813465356826782,
    0.6810389757156372,
    0.6828800439834595,
    0.6826016902923584,
    0.681742250919342,
    0.6817375421524048,
    0.6800438165664673,
    0.681360125541687,
    0.6784651875495911,
    0.6739831566810608,
    0.6729292869567871,
    0.6699641942977905,
    0.6742483973503113,
    0.6772429943084717,
    0.6773896217346191,
    0.6811234354972839,
    0.6820417642593384,
    0.6843931078910828,
    0.6829793453216553,
    0.6823441386222839,
    0.6808420419692993,
    0.6756792068481445,
    0.6715953350067139,
    0.6681855916976929,
    0.6735820770263672,
    0.6730771064758301,
    0.6816350817680359,
    0.6943159699440002,
    0.7054533362388611,
    0.6996620297431946,
    0.6971337199211121,
    0.6932023167610168,
    0.6902550458908081,
    0.6917198896408081,
    0.695010244846344,
    0.7002646327018738,
    0.7013953924179077,
    0.7030662298202515,
    0.6999444961547852,
    0.6986982822418213,
    0.6981865167617798,
    0.6975826025009155,
    0.6942204236984253,
    0.6944173574447632,
    0.6971756815910339,
    0.694243311882019,
    0.6900078654289246,
    0.6875799894332886,
    0.6842734217643738,
    0.6796241998672485,
    0.6786096692085266,
    0.6793975830078125,
    0.683949887752533,
    0.6888730525970459
  ]
}