{
  "train": [
    0.7171120159144472,
    0.6866094147043275,
    0.6391017460470716,
    0.6333002051696401,
    0.6481419402390278,
    0.6281720426282272,
    0.6283037553867096,
    0.618923739846704,
    0.6123308847690451,
    0.6173117225393286,
    0.5955729534473325,
    0.5968215668142722,
    0.590685735782379,
    0.6009409550962777,
    0.5849693778700429,
    0.5716860552726708,
    0.5802091818137709,
    0.5963828481476883,
    0.5818523902611192,
    0.5792941644861194,
    0.5735382390726963,
    0.5766869988934747,
    0.5626283091277324,
    0.5713317406001349,
    0.5790431942845801,
    0.5745058144841876,
    0.5681389543810501,
    0.5678047840231157,
    0.5579890746788438,
    0.5690435300319653,
    0.5773001882830276,
    0.5709203687207453,
    0.5656845581355353,
    0.5627354932536045,
    0.5645306864982755,
    0.5347276908423513
  ],
  "val": [
    0.6794669032096863,
    0.6750838756561279,
    0.6709885597229004,
    0.667218029499054,
    0.6676266193389893,
    0.6668325066566467,
    0.6677468419075012,
    0.6687566041946411,
    0.6697778701782227,
    0.6730071902275085,
    0.6757217049598694,
    0.6761724352836609,
    0.6776111721992493,
    0.677146315574646,
    0.6784818172454834,
    0.6832046508789062,
    0.6880159974098206,
    0.6925963759422302,
    0.6953980922698975,
    0.6995139718055725,
    0.700569748878479,
    0.7004076242446899,
    0.7000526785850525,
    0.7012427449226379,
    0.7013606429100037,
    0.6965793371200562,
    0.6949032545089722,
    0.6950321793556213,
    0.6960658431053162,
    0.697625994682312,
    0.7015833854675293,
    0.7053182721138,
    0.7078710794448853,
    0.7079044580459595,
    0.7087762951850891,
    0.7083811163902283
  ]
}