{
  "train": [
    0.6256759063950901,
    0.6130054170274969,
    0.5770694127517381,
    0.5766140153548988,
    0.5662036545464558,
    0.568898310508634,
    0.567894536579771,
    0.5588237044259246,
    0.5412529862572995,
    0.5313405209574206,
    0.5428679692627761,
    0.5346005103858233,
    0.54361826386945,
    0.520280893213056,
    0.5262112881749722,
    0.5306081815893426,
    0.5273742555397485,
    0.5228832528508943,
    0.5167563247856836,
    0.5223290515063431,
    0.5199361707776639,
    0.5196780298143772,
    0.5066657888478246,
    0.5131055386782867,
    0.4985939173275614,
    0.5026780779432194,
    0.5146908445898535,
    0.5167882731689021,
    0.5069131281575546,
    0.5152977246956285,
    0.5020748412080587,
    0.4856487668206539,
    0.5187983348451811
  ],
  "val": [
    0.6799232363700867,
    0.66924649477005,
    0.6667854189872742,
    0.6678834557533264,
    0.6705167293548584,
    0.6702060699462891,
    0.6718004941940308,
    0.6755592226982117,
    0.6803730726242065,
    0.6853708624839783,
    0.688226580619812,
    0.6880267858505249,
    0.6904249787330627,
    0.6911160349845886,
    0.6825516223907471,
    0.6912744641304016,
    0.6833979487419128,
    0.6839300990104675,
    0.695137083530426,
    0.6972859501838684,
    0.6992774605751038,
    0.7000700235366821,
    0.6977295875549316,
    0.6933632493019104,
    0.688022255897522,
    0.6921395063400269,
    0.6914810538291931,
    0.689341127872467,
    0.6900736689567566,
    0.6862802505493164,
    0.6876301765441895,
    0.6932399272918701,
    0.6965150237083435
  ]
}