{
  "train": [
    0.7084866753352687,
    0.702441150331732,
    0.6558032561405539,
    0.6393339854155855,
    0.6158497351143748,
    0.6271223839867879,
    0.6065950202824447,
    0.5805731938390309,
    0.5837944646187017,
    0.5825065612205731,
    0.5679801044792965,
    0.5647636704844207,
    0.5586672153672562,
    0.5545585437361242,
    0.5591430388060696,
    0.5369750604840923,
    0.5448585176115552,
    0.529000056494633,
    0.5297356371221871,
    0.5281983361455608,
    0.5347620927054306,
    0.5377215144082244,
    0.5289784945877902,
    0.516008773460764,
    0.5260685194889313,
    0.5304066186468003,
    0.5148350710939305,
    0.5026108189463028,
    0.5131656367496904,
    0.5278455688448375,
    0.5005252052997721,
    0.512869397701301,
    0.500431849157869,
    0.5062897543014564,
    0.5081000680406692,
    0.49900029239983396,
    0.5015649675148461,
    0.4960423567024945,
    0.5045103805112134,
    0.5036517736947008,
    0.4917969549524373,
    0.49256645517396225,
    0.48547536927490986,
    0.48518542013144844,
    0.4915875909950933,
    0.48060913787686765,
    0.48898707998209984,
    0.48080103620519776,
    0.47897833438929666,
    0.5014639913742178,
    0.463760870724476,
    0.49478031981167536,
    0.48801468687104477,
    0.4519813398422279,
    0.4880435457957789,
    0.4754189188257227,
    0.46805409404444576,
    0.46955078223655966,
    0.47952321186441504,
    0.4860779960167232,
    0.504407798421794,
    0.4825857738262327,
    0.4818820298598905,
    0.4896053592559739,
    0.4831892066988452,
    0.48504793497141946,
    0.46472802347150344,
    0.46468499919463846,
    0.48427307224038785
  ],
  "val": [
    0.6978615522384644,
    0.6958578824996948,
    0.6941989660263062,
    0.6924854516983032,
    0.6890527606010437,
    0.6852195858955383,
    0.6810831427574158,
    0.678113579750061,
    0.6756636500358582,
    0.6751329302787781,
    0.675622820854187,
    0.6739783883094788,
    0.671838641166687,
    0.6703248023986816,
    0.6692871451377869,
    0.671886682510376,
    0.6717778444290161,
    0.673739492893219,
    0.6761485934257507,
    0.6788538098335266,
    0.6803167462348938,
    0.6847912073135376,
    0.6869489550590515,
    0.687472403049469,
    0.6864089965820312,
    0.6840267181396484,
    0.6816449165344238,
    0.6783523559570312,
    0.6792624592781067,
    0.6754212379455566,
    0.6708269715309143,
    0.6680247187614441,
    0.6653595566749573,
    0.6642959117889404,
    0.664219319820404,
    0.6611183881759644,
    0.6598991751670837,
    0.6561275720596313,
    0.6545563340187073,
    0.6576571464538574,
    0.6614449620246887,
    0.6690908074378967,
    0.6719119548797607,
    0.6779791712760925,
    0.6804860830307007,
    0.6798725724220276,
    0.6809423565864563,
    0.6816674470901489,
    0.6839443445205688,
    0.6814115047454834,
    0.6810743808746338,
    0.6806700825691223,
    0.6821377277374268,
    0.6842849254608154,
    0.6856217980384827,
    0.6857867240905762,
    0.6854185461997986,
    0.6874319911003113,
    0.6935303211212158,
    0.6994827389717102,
    0.7005900144577026,
    0.7003250122070312,
    0.6973576545715332,
    0.6942341327667236,
    0.6909761428833008,
    0.6872868537902832,
    0.6930757164955139,
    0.6954018473625183,
    0.6950368881225586
  ]
}