{
  "train": [
    0.642719415608298,
    0.6141246366383407,
    0.6110831011692291,
    0.6140433426561027,
    0.5943389946016772,
    0.591203032749627,
    0.5868715753989854,
    0.5919512061062705,
    0.5802468363874651,
    0.5798366207794603,
    0.5699429645620543,
    0.572272431674262,
    0.5762833982265642,
    0.581582886832101,
    0.5646162353125699,
    0.569658458966927,
    0.5446063749895894,
    0.5577324772703236,
    0.5596183329967442,
    0.5539995759285142,
    0.5557099947788445,
    0.5514207118250466,
    0.5378397603340337,
    0.5546062209923279,
    0.5502297073749486,
    0.5477209067697009,
    0.5458038554990233,
    0.5231732755459001,
    0.5349077370953678,
    0.5315822715242507,
    0.5228263640345023,
    0.5272128172402312,
    0.5343809424362747,
    0.5269646831040312,
    0.5271834684122959,
    0.5104358780560235
  ],
  "val": [
    0.67911297082901,
    0.6748009324073792,
    0.6744014620780945,
    0.6732414364814758,
    0.6723226308822632,
    0.6705836653709412,
    0.6706138849258423,
    0.6712036728858948,
    0.6716345548629761,
    0.6715652346611023,
    0.6714813709259033,
    0.6721183061599731,
    0.6726229190826416,
    0.6728967428207397,
    0.671890914440155,
    0.6717996597290039,
    0.6711019277572632,
    0.6710474491119385,
    0.6715013384819031,
    0.6718640327453613,
    0.6745128631591797,
    0.6759429574012756,
    0.6746798753738403,
    0.6741615533828735,
    0.6744850873947144,
    0.6737108826637268,
    0.6738190054893494,
    0.6767470240592957,
    0.6819359064102173,
    0.6868090629577637,
    0.6873363256454468,
    0.6849062442779541,
    0.6837902069091797,
    0.6819008588790894,
    0.6821812391281128,
    0.684914767742157
  ]
}