{
  "train": [
    0.6812735605122421,
    0.6472446407590594,
    0.5956259942407092,
    0.5967672144250916,
    0.5957227965881084,
    0.6072678363381936,
    0.5776535031830736,
    0.5745373973118261,
    0.5721554477226558,
    0.564113774910349,
    0.5699172472131664,
    0.574885533654631,
    0.5811580792436459,
    0.5466145670472695,
    0.5752376144742731,
    0.5350274127986043,
    0.5379120211295894,
    0.5419615903511423,
    0.5435619536291789,
    0.5403846323196524,
    0.5441644946342619,
    0.5375725295156094,
    0.5528264630017022,
    0.5341608547812025,
    0.543913434878946,
    0.5544106126418842,
    0.540304783236217,
    0.5025518927080878,
    0.535080509526389,
    0.5143424234366769,
    0.5366484631458527,
    0.5105912600244794,
    0.5292971824190299,
    0.5312751446451459,
    0.5527750890830467,
    0.5199790852410453,
    0.521077978199926,
    0.505788810000631,
    0.5533679961570965,
    0.5331616442779015,
    0.5343706265752539,
    0.5092481547975775,
    0.5099248027273,
    0.5055526330553252,
    0.5033155629787539,
    0.5140633594813605,
    0.5024667144408954,
    0.5117405412232348,
    0.5157771612623056,
    0.511862893116298,
    0.5134038904617573,
    0.5096877431634612,
    0.4993350497020289,
    0.4917924862189833,
    0.5008483781603169,
    0.4904808018888746,
    0.5071836325335385,
    0.4985545292276467
  ],
  "val": [
    0.6920812726020813,
    0.6945505142211914,
    0.6942993998527527,
    0.6876915693283081,
    0.6829133033752441,
    0.6816176772117615,
    0.6820040345191956,
    0.6850579977035522,
    0.6876710653305054,
    0.6911916732788086,
    0.6926091909408569,
    0.6904262900352478,
    0.6867098808288574,
    0.6813828945159912,
    0.6803517937660217,
    0.6841203570365906,
    0.6882619857788086,
    0.6918675899505615,
    0.6955081224441528,
    0.6993257403373718,
    0.7001311182975769,
    0.7017752528190613,
    0.7006099224090576,
    0.6915377378463745,
    0.688367486000061,
    0.6829624772071838,
    0.6757867932319641,
    0.6747321486473083,
    0.678502082824707,
    0.6776231527328491,
    0.6833705306053162,
    0.6849350929260254,
    0.6937904953956604,
    0.6953997611999512,
    0.6921869516372681,
    0.6955476403236389,
    0.6926673054695129,
    0.692839503288269,
    0.6951133012771606,
    0.6927274465560913,
    0.6879992485046387,
    0.6906356811523438,
    0.6916294693946838,
    0.691727340221405,
    0.6912164092063904,
    0.693394124507904,
    0.6947261691093445,
    0.6930265426635742,
    0.6921068429946899,
    0.6922183036804199,
    0.6915454864501953,
    0.6904910802841187,
    0.6855111718177795,
    0.6871687769889832,
    0.6876078844070435,
    0.6916976571083069,
    0.696429431438446,
    0.7021695375442505
  ]
}