{
  "train": [
    0.8488800728262351,
    0.7571253876380732,
    0.7300838478680315,
    0.7157269029194498,
    0.6960806726234887,
    0.678232285776749,
    0.6723726250855206,
    0.663658872320147,
    0.6526969321842852,
    0.6613834826229829,
    0.6564095061400841,
    0.6451203141893659,
    0.638754154073781,
    0.6234999319602703,
    0.6261075773262625,
    0.6266222722424662,
    0.6201685840273138,
    0.6040898394114865,
    0.6074558472985705,
    0.6002238755449286,
    0.6115975760180374,
    0.6118048417744378,
    0.6113507694798738,
    0.5944179337600182,
    0.6035084166550284,
    0.5914467715571079,
    0.6159092258350015,
    0.5965485402515956,
    0.6012943569075297,
    0.576827283856904,
    0.5741191902771372,
    0.5758307996054588,
    0.556972222668784,
    0.5945491949325712,
    0.5641697332483208,
    0.5829535505454528,
    0.5858463292638657,
    0.5892229627799518,
    0.5772063494315876,
    0.5438459825339576
  ],
  "val": [
    0.7359252572059631,
    0.694580614566803,
    0.6892196536064148,
    0.6825623512268066,
    0.674591064453125,
    0.666925847530365,
    0.6610007882118225,
    0.6584641933441162,
    0.658011257648468,
    0.6574591398239136,
    0.6575815081596375,
    0.6597984433174133,
    0.6609210968017578,
    0.6630986928939819,
    0.6637743711471558,
    0.6637645959854126,
    0.6644207239151001,
    0.6668353080749512,
    0.6695517301559448,
    0.6692343354225159,
    0.6701814532279968,
    0.6712201833724976,
    0.6709908246994019,
    0.6700396537780762,
    0.672309398651123,
    0.6751164197921753,
    0.6768075227737427,
    0.6747492551803589,
    0.6744833588600159,
    0.6765064001083374,
    0.6784360408782959,
    0.6800132989883423,
    0.6795931458473206,
    0.6775664687156677,
    0.6766685843467712,
    0.6752570271492004,
    0.6743742823600769,
    0.6747942566871643,
    0.6740528345108032,
    0.675653338432312
  ]
}