{
  "train": [
    0.7611149141353927,
    0.6999720781307502,
    0.658352597300055,
    0.6480506455957009,
    0.6459865802027321,
    0.6314867350268246,
    0.6373911209294362,
    0.6223022174365415,
    0.6242290746989508,
    0.6072504952036101,
    0.5850533079631223,
    0.5878629634533022,
    0.5932218015487558,
    0.5966912267243334,
    0.5862524362620462,
    0.5795450621637804,
    0.5658193991102022,
    0.5788274759729507,
    0.5672266862075317,
    0.5675054107393537,
    0.5533379313393767,
    0.5595296641875958,
    0.5715522973114634,
    0.5554408219647525,
    0.5488346518554124,
    0.5452357530593872,
    0.5578838319614016,
    0.5420429505444513,
    0.5623269912057323,
    0.5440567934454368,
    0.5389027918500854,
    0.5308701743926908,
    0.542542966422189,
    0.5498095187060351,
    0.5431462215085335,
    0.5281202518587629,
    0.5445935943443787,
    0.5349188455807165,
    0.541155950776462,
    0.5335178369371761,
    0.5338117174914317,
    0.5406398782001928,
    0.5403528783121719,
    0.520558447086165,
    0.5258956945001199,
    0.5215454304159568,
    0.512793759407081
  ],
  "val": [
    0.7050289511680603,
    0.6859158277511597,
    0.6826409101486206,
    0.683331310749054,
    0.6844910979270935,
    0.683150589466095,
    0.6819400787353516,
    0.6811625361442566,
    0.6795944571495056,
    0.6788533926010132,
    0.6783091425895691,
    0.6768468618392944,
    0.6740702390670776,
    0.67287278175354,
    0.6716540455818176,
    0.6696726083755493,
    0.6691716909408569,
    0.6721963882446289,
    0.675411581993103,
    0.6780171990394592,
    0.6790280342102051,
    0.6802797913551331,
    0.6807429790496826,
    0.6817202568054199,
    0.685042142868042,
    0.6895275115966797,
    0.6916621923446655,
    0.6904680728912354,
    0.6912140250205994,
    0.6921607255935669,
    0.6922539472579956,
    0.6929620504379272,
    0.695086658000946,
    0.6960684657096863,
    0.696349561214447,
    0.694104015827179,
    0.6906192302703857,
    0.6877610683441162,
    0.6878500580787659,
    0.6879203915596008,
    0.6886597275733948,
    0.691789448261261,
    0.6961213946342468,
    0.697800874710083,
    0.6995784044265747,
    0.7007338404655457,
    0.7019862532615662
  ]
}