{
  "train": [
    0.7407941392489842,
    0.6990697962309926,
    0.6519176181901265,
    0.6192639370269963,
    0.5745682745731523,
    0.5849470619497628,
    0.5792532762870413,
    0.5526595732261395,
    0.5581012908461058,
    0.5507465791819718,
    0.5454964611330643,
    0.5411210650293697,
    0.5167403802495872,
    0.5425529943898394,
    0.542390603443672,
    0.5348876661855012,
    0.5270123643240905,
    0.5268971576479268,
    0.5396844248466304,
    0.5374366752619814,
    0.5155900291034153,
    0.5371498829625511,
    0.5198527286792624,
    0.5189780095234293,
    0.5194740092813088,
    0.5031981785309139,
    0.5025624400876426,
    0.5207323361500144,
    0.49948830968640706,
    0.5105640761957967,
    0.5049145318604455,
    0.5100067991928514,
    0.4996373626986161,
    0.5042704869373679,
    0.48616852901252033,
    0.4898082195538018
  ],
  "val": [
    0.697806715965271,
    0.6911179423332214,
    0.6835708618164062,
    0.6781625747680664,
    0.6746144890785217,
    0.6741917729377747,
    0.6743144989013672,
    0.6786081194877625,
    0.6808190941810608,
    0.6786413788795471,
    0.6771577000617981,
    0.6764619946479797,
    0.6758575439453125,
    0.6806555390357971,
    0.6861422061920166,
    0.6850597262382507,
    0.6831857562065125,
    0.6831762194633484,
    0.684670627117157,
    0.6882736086845398,
    0.6894205212593079,
    0.6919708847999573,
    0.6915966272354126,
    0.693981409072876,
    0.6963820457458496,
    0.6895594596862793,
    0.6888031959533691,
    0.6893870830535889,
    0.6870797872543335,
    0.6876021027565002,
    0.6865301132202148,
    0.6907760500907898,
    0.6930267810821533,
    0.6952311396598816,
    0.700238823890686,
    0.7005628347396851
  ]
}