{
  "train": [
    0.6440244387523294,
    0.6490582647581993,
    0.6267214749246982,
    0.6227188503800942,
    0.6101199981614287,
    0.6027313931822189,
    0.596742175776383,
    0.6119582250787707,
    0.5948241931464284,
    0.5972362574685384,
    0.5803976032534256,
    0.574709084233627,
    0.5820752913728723,
    0.5897557424207039,
    0.562084516721406,
    0.5721287052032396,
    0.5674983210164338,
    0.5818674831554808,
    0.5528751456091556,
    0.5771905251324471,
    0.5465564683740363,
    0.5714034913795922,
    0.5808949091751587,
    0.5635928667237606,
    0.54618638196015,
    0.5476454508128424,
    0.5550827903700579,
    0.5732794230794672,
    0.5403785593991209,
    0.5601462633738964,
    0.5489722422778313,
    0.5546804289218827,
    0.5540813483628146,
    0.5251699069450642,
    0.5478181592349348,
    0.5497680144944215,
    0.5522047721693668,
    0.565352735114215,
    0.544711470016705,
    0.5509012614564942,
    0.5435348995800676,
    0.552121912317323
  ],
  "val": [
    0.6840659379959106,
    0.6806080937385559,
    0.6767947673797607,
    0.6727014183998108,
    0.667958676815033,
    0.6644386649131775,
    0.6619827747344971,
    0.6614808440208435,
    0.6616795063018799,
    0.6613336801528931,
    0.6609321236610413,
    0.660078763961792,
    0.6612821817398071,
    0.6623910069465637,
    0.6638338565826416,
    0.6629016399383545,
    0.6643191576004028,
    0.6649528741836548,
    0.6648664474487305,
    0.6629763841629028,
    0.6643874645233154,
    0.6660893559455872,
    0.6676884293556213,
    0.6688092947006226,
    0.6688343286514282,
    0.6710835695266724,
    0.6701328754425049,
    0.6679179072380066,
    0.6688639521598816,
    0.6680210828781128,
    0.6686924695968628,
    0.6669896841049194,
    0.6684570908546448,
    0.6677025556564331,
    0.6692196130752563,
    0.6706153750419617,
    0.6696031093597412,
    0.6722569465637207,
    0.6745443344116211,
    0.6742327809333801,
    0.6754280924797058,
    0.6734797358512878
  ]
}