{
  "train": [
    0.7205912045070103,
    0.6938456925265307,
    0.6522974709571876,
    0.6627010271467012,
    0.6319090119136378,
    0.6287201255413112,
    0.6084688896028866,
    0.6079254347115315,
    0.6022762212847254,
    0.5978870444697112,
    0.6105631049630678,
    0.591909471991027,
    0.590944211177638,
    0.5841724631821581,
    0.5830897644822821,
    0.5834903118058379,
    0.5823166161922398,
    0.5663629459042855,
    0.5726176999472632,
    0.5647484384146817,
    0.5593659954118024,
    0.5570639192764395,
    0.5586410249982562,
    0.5676840411618426,
    0.5537788248414477,
    0.5715408557154275,
    0.5653743591214636,
    0.5574441381863185,
    0.5456598012024546,
    0.5505731044144466,
    0.5436481701329424,
    0.5451459593960805,
    0.5499430075654843,
    0.536641586590283
  ],
  "val": [
    0.6956331729888916,
    0.6944175362586975,
    0.6748971343040466,
    0.672815203666687,
    0.67451411485672,
    0.6780036091804504,
    0.6758009195327759,
    0.6748470067977905,
    0.6764109134674072,
    0.6786773204803467,
    0.6826097965240479,
    0.6852371096611023,
    0.6873372197151184,
    0.6901662349700928,
    0.6913256645202637,
    0.6950435042381287,
    0.7057223916053772,
    0.7149898409843445,
    0.720816433429718,
    0.720083475112915,
    0.7105600833892822,
    0.7018322348594666,
    0.6987498998641968,
    0.6987573504447937,
    0.707374095916748,
    0.7131303548812866,
    0.7116914391517639,
    0.7070249915122986,
    0.7003846168518066,
    0.6931856274604797,
    0.691646158695221,
    0.6905525326728821,
    0.6862581968307495,
    0.6814635396003723
  ]
}