{
  "train": [
    0.7084938880845244,
    0.7030586679580764,
    0.6506420820217415,
    0.6595051796565502,
    0.6477649528992,
    0.6477965788888227,
    0.6299895952487814,
    0.6315314769744873,
    0.6187989194992141,
    0.6127538422645606,
    0.6113672003957439,
    0.6120414352182098,
    0.6116209567474027,
    0.6093874882007467,
    0.5934123103254534,
    0.6083964364869254,
    0.5895263705347559,
    0.6194758471009767,
    0.5796011439685164,
    0.6042015338178925,
    0.5865501133091932,
    0.5854491832221083,
    0.5818977179785667,
    0.5777372060150936,
    0.6030519008636475,
    0.5873610811867738,
    0.5739348457364614,
    0.589211189100895,
    0.5720623473228492,
    0.5764862369434,
    0.5735511794466103,
    0.5829461777738749,
    0.5694882869720459,
    0.576802495077913
  ],
  "val": [
    0.6736661195755005,
    0.6717118620872498,
    0.6698176264762878,
    0.6695225834846497,
    0.6696373820304871,
    0.6719968914985657,
    0.6773281097412109,
    0.67892986536026,
    0.6803534626960754,
    0.6812921762466431,
    0.6787716746330261,
    0.6775428056716919,
    0.6756829619407654,
    0.6784986853599548,
    0.6783397197723389,
    0.679180383682251,
    0.6760780215263367,
    0.6761260628700256,
    0.6782656311988831,
    0.6812472939491272,
    0.6791234016418457,
    0.6780144572257996,
    0.6748148202896118,
    0.6728726625442505,
    0.6744146943092346,
    0.6759569644927979,
    0.6771039366722107,
    0.6723946928977966,
    0.6709580421447754,
    0.6710646748542786,
    0.6751510500907898,
    0.6770381331443787,
    0.6795024275779724,
    0.6829218864440918
  ]
}