{
  "train": [
    0.7914118984062684,
    0.7049401876668038,
    0.6924736954895734,
    0.687553414570287,
    0.639756387971305,
    0.6294454368464465,
    0.6331300547557511,
    0.6141190922319009,
    0.6258754830055049,
    0.5736065172209528,
    0.5902660594785155,
    0.5722836973925529,
    0.6056120947664008,
    0.5766492877981345,
    0.5638765140707269,
    0.5847095118954851,
    0.5848449133887079,
    0.5610647750605503,
    0.5719949820358765,
    0.5659813534450061,
    0.5568003877630374,
    0.5403514466262216,
    0.5572788430552177,
    0.5441973002379751,
    0.5371325726579563,
    0.5490954403806789,
    0.5459392308601605,
    0.5393491760263303,
    0.5393618330579674,
    0.529320407823976,
    0.5345455355244905,
    0.5541820279483137,
    0.5336552432605198,
    0.5080129971057911,
    0.5447933656241506,
    0.49673270724089863
  ],
  "val": [
    0.7278280854225159,
    0.7312019467353821,
    0.7327637076377869,
    0.7126779556274414,
    0.6932695508003235,
    0.6855670213699341,
    0.6859067678451538,
    0.6868132948875427,
    0.6881007552146912,
    0.6891244053840637,
    0.6907051205635071,
    0.6895002722740173,
    0.6868303418159485,
    0.6881098747253418,
    0.6906046867370605,
    0.6893951892852783,
    0.6895772814750671,
    0.6930745244026184,
    0.6968232989311218,
    0.7009664177894592,
    0.7036099433898926,
    0.7068706750869751,
    0.7066505551338196,
    0.7059245109558105,
    0.7084232568740845,
    0.7115495204925537,
    0.714490532875061,
    0.7152011394500732,
    0.7127943634986877,
    0.7070910930633545,
    0.7052314877510071,
    0.7024015188217163,
    0.699280321598053,
    0.6974918842315674,
    0.696894645690918,
    0.6992719173431396
  ]
}