{
  "train": [
    0.7043652781124773,
    0.6496909569049704,
    0.614184778018538,
    0.601112308173344,
    0.5842289387298922,
    0.5935391575244847,
    0.5557375111309766,
    0.5794669715641755,
    0.5470845752161712,
    0.5668593847692893,
    0.5454478927433785,
    0.5548341553199467,
    0.5607673428915991,
    0.5322206076142824,
    0.5382461593362499,
    0.5556803533596358,
    0.5229706890477336,
    0.5388563463253341,
    0.5298392746248856,
    0.5236846020656266,
    0.5384099342552899,
    0.5221301170405496,
    0.533414095786992,
    0.5486395824425326,
    0.511271742177127,
    0.5108808854530598,
    0.5193338041822312,
    0.5304981082531032,
    0.5099440506232783,
    0.49822546578393195,
    0.5143183524091842,
    0.4880546222766632,
    0.5017921054010908,
    0.509385361753661,
    0.5076051049044566,
    0.5053852246019054,
    0.5083331967809518
  ],
  "val": [
    0.6867060661315918,
    0.6795715689659119,
    0.6708475351333618,
    0.660808801651001,
    0.6533937454223633,
    0.6488995552062988,
    0.6483436226844788,
    0.6495088338851929,
    0.6511890888214111,
    0.6515246629714966,
    0.6549484729766846,
    0.6556020379066467,
    0.6546772122383118,
    0.6551634073257446,
    0.6576436161994934,
    0.6631161570549011,
    0.6670370697975159,
    0.6717777848243713,
    0.6772263050079346,
    0.6762280464172363,
    0.6765462160110474,
    0.6781876683235168,
    0.6768025159835815,
    0.6764336824417114,
    0.6771016120910645,
    0.6766905784606934,
    0.6747225522994995,
    0.6683522462844849,
    0.6674675345420837,
    0.6657294631004333,
    0.6645258069038391,
    0.666320264339447,
    0.6652960181236267,
    0.6670752167701721,
    0.6679028868675232,
    0.6699020862579346,
    0.6758840084075928
  ]
}