{
  "train": [
    0.6568058247636692,
    0.62381664520414,
    0.6032943876799691,
    0.5843140864607148,
    0.5684469635850691,
    0.5530200820838289,
    0.5592671010294571,
    0.5577544003284624,
    0.5453203454099852,
    0.5496173881251236,
    0.5443388317606132,
    0.5372591373955675,
    0.5403617517701511,
    0.53260741812255,
    0.5336105597430262,
    0.525630981757723,
    0.5349102591352509,
    0.5409068964385046,
    0.5140871869519427,
    0.5098029703929506,
    0.520255867924009,
    0.5174887327137839,
    0.516767627499961,
    0.5124251707434067,
    0.5156715773596552,
    0.5063015909617757,
    0.5070259071923242,
    0.5134588670848038,
    0.5031194921784801,
    0.5074567733139828,
    0.5124014304776497,
    0.4892505844825594,
    0.4871368811929167
  ],
  "val": [
    0.6690080761909485,
    0.662772536277771,
    0.6590747833251953,
    0.661992609500885,
    0.6648135185241699,
    0.6672225594520569,
    0.6701001524925232,
    0.6716783046722412,
    0.6776392459869385,
    0.679523229598999,
    0.6828424334526062,
    0.6802689433097839,
    0.6811485886573792,
    0.6801122426986694,
    0.678059995174408,
    0.6758547425270081,
    0.6775422096252441,
    0.6787473559379578,
    0.6851004362106323,
    0.6926572322845459,
    0.6908864974975586,
    0.6899637579917908,
    0.690051257610321,
    0.6898984909057617,
    0.6904191970825195,
    0.6927646398544312,
    0.6919739246368408,
    0.6911426782608032,
    0.6953771114349365,
    0.6986414194107056,
    0.7020925879478455,
    0.708759069442749,
    0.7222509384155273
  ]
}