{
  "train": [
    0.689301795266532,
    0.6571947591645377,
    0.6679936224603887,
    0.6477283415535988,
    0.6287342553655503,
    0.6151291679572589,
    0.6185277066207284,
    0.6172128821828683,
    0.6066880328901882,
    0.5979155478219094,
    0.5858980520018215,
    0.5862431261927036,
    0.5985588528252588,
    0.590910987900983,
    0.5986079673461726,
    0.5740926811847781,
    0.57607852076662,
    0.6003145857397558,
    0.5762202023285363,
    0.5757663126649528,
    0.5570190578258684,
    0.5772827606776665,
    0.5628457799040038,
    0.5763677150157872,
    0.5593570488427073,
    0.5423444712103294,
    0.5611267471548371,
    0.5805080453750535,
    0.5580690735079384,
    0.5386962485430863,
    0.5435190538467445,
    0.5423955039437769,
    0.5389240172696231,
    0.5256091326915572,
    0.534386157989502
  ],
  "val": [
    0.6692662835121155,
    0.6676144599914551,
    0.6653069257736206,
    0.6625645160675049,
    0.6611118316650391,
    0.6627236008644104,
    0.6657381057739258,
    0.6677525639533997,
    0.6684361696243286,
    0.6696503162384033,
    0.6720711588859558,
    0.6746411323547363,
    0.6783438920974731,
    0.6816446781158447,
    0.681304395198822,
    0.6799667477607727,
    0.6801552176475525,
    0.6802032589912415,
    0.6797254681587219,
    0.6808586716651917,
    0.6830896139144897,
    0.686069667339325,
    0.6897313594818115,
    0.6878087520599365,
    0.6873078346252441,
    0.6875105500221252,
    0.6891070604324341,
    0.6876118183135986,
    0.6894683241844177,
    0.6944480538368225,
    0.6978082656860352,
    0.6944624185562134,
    0.6923353672027588,
    0.6926326751708984,
    0.6924706697463989
  ]
}