{
  "train": [
    0.7095998067573961,
    0.702990096778118,
    0.6651945216902371,
    0.6487361236746088,
    0.6558392696779937,
    0.6591635252454598,
    0.6594555175363137,
    0.6315259510660406,
    0.6128900388778724,
    0.6090464389382912,
    0.6300844782091714,
    0.5999749012181325,
    0.5995364124551782,
    0.6061845436472023,
    0.6048838851487108,
    0.6144007984640563,
    0.5783689532961164,
    0.6043807828954875,
    0.5911786937948518,
    0.5775100462542379,
    0.596222011913807,
    0.6079078222730477,
    0.5927444822682536,
    0.577363104362206,
    0.5980193791131081,
    0.5787422698119591,
    0.59401864165743,
    0.6043934011694245,
    0.5831487401952884,
    0.5752841698125079,
    0.5649887702147949,
    0.5694512683769752,
    0.5796361066437707,
    0.5859182118782269,
    0.5958227297942627,
    0.552419457235947,
    0.550285357853462
  ],
  "val": [
    0.6896995902061462,
    0.6835116147994995,
    0.6832314133644104,
    0.6800546646118164,
    0.6722884178161621,
    0.6652218699455261,
    0.6648547649383545,
    0.6672838926315308,
    0.6696082353591919,
    0.673515260219574,
    0.675306499004364,
    0.6775668859481812,
    0.6803792715072632,
    0.6839285492897034,
    0.6833013296127319,
    0.6793802380561829,
    0.678040623664856,
    0.6787974834442139,
    0.6791998147964478,
    0.6821548938751221,
    0.6863468289375305,
    0.688287615776062,
    0.6897554993629456,
    0.6925568580627441,
    0.6945317983627319,
    0.6945342421531677,
    0.6940813660621643,
    0.6889314651489258,
    0.6860684156417847,
    0.6849241852760315,
    0.6845312118530273,
    0.6863133907318115,
    0.6896594166755676,
    0.6947184801101685,
    0.6980152130126953,
    0.6994423270225525,
    0.6988592743873596
  ]
}