{
  "train": [
    0.6660027028304603,
    0.6045810774042102,
    0.5623690527060936,
    0.5583409167862878,
    0.5226952207499537,
    0.5050126193779443,
    0.4940535931164408,
    0.4834295821013709,
    0.4774860422599492,
    0.4822648919274654,
    0.46296546142089545,
    0.46950142518640153,
    0.4487051253248318,
    0.4576173631722117,
    0.44834302299715617,
    0.45039970108440947,
    0.43613122528409726,
    0.4335283164320321,
    0.43531830704270913,
    0.41900583793377055,
    0.4277157577975043,
    0.4200453608494087,
    0.4334146398041636,
    0.40984120847556393,
    0.4158956592012509,
    0.42028163747834457,
    0.41018453710184893,
    0.40211906985109075,
    0.4070474784362492,
    0.402792876136714,
    0.3937435490744455,
    0.4033835583132476,
    0.40559865013131957,
    0.3926023143559254,
    0.383853649711374,
    0.3867138787149796,
    0.38953872883848367,
    0.3833222499328294
  ],
  "val": [
    0.6947792172431946,
    0.6863459348678589,
    0.6802534461021423,
    0.6809762716293335,
    0.6796770691871643,
    0.6738074421882629,
    0.6675918102264404,
    0.6619164347648621,
    0.6633241176605225,
    0.6628222465515137,
    0.6728456616401672,
    0.6863355040550232,
    0.705849826335907,
    0.7046565413475037,
    0.6949418187141418,
    0.6839343309402466,
    0.677410900592804,
    0.6801279783248901,
    0.7018483281135559,
    0.701023519039154,
    0.696332573890686,
    0.6867650151252747,
    0.6857183575630188,
    0.6945075392723083,
    0.7060354948043823,
    0.7043448686599731,
    0.6813857555389404,
    0.6747315526008606,
    0.6758546233177185,
    0.6842411756515503,
    0.7029795050621033,
    0.715706467628479,
    0.725059449672699,
    0.7175424695014954,
    0.7092593908309937,
    0.7124483585357666,
    0.7110338807106018,
    0.7034053206443787
  ]
}