{
  "train": [
    0.7439576751492881,
    0.7069116722186798,
    0.6963223456749188,
    0.6855510129717183,
    0.6849814668077553,
    0.6695002340918104,
    0.6553743044143827,
    0.644030306433222,
    0.6336143609925444,
    0.6412388550236895,
    0.6414642333984375,
    0.6360341818461864,
    0.6216895616994116,
    0.6306729096497221,
    0.6238675907327624,
    0.6295234246794226,
    0.619092003465286,
    0.6277337367898725,
    0.6190076934292986,
    0.6198372788029939,
    0.6022453278743575,
    0.5956700570477641,
    0.6046664347789558,
    0.6140813757046103,
    0.5969397678163838,
    0.6099641499260964,
    0.5850409871251713,
    0.6054190257793577,
    0.5837878523201778,
    0.5837841465555388,
    0.5876168056661859,
    0.5993730293706133,
    0.5743908060008082,
    0.5863168424573438,
    0.5826694457401783,
    0.5940821117955476,
    0.5738627778485491,
    0.5866495737888543
  ],
  "val": [
    0.7100098133087158,
    0.7172132730484009,
    0.7111866474151611,
    0.6954942345619202,
    0.6867743730545044,
    0.6828783750534058,
    0.6787720322608948,
    0.6774226427078247,
    0.6777694821357727,
    0.6778762936592102,
    0.6832414865493774,
    0.6885885000228882,
    0.6870876550674438,
    0.6820277571678162,
    0.679633617401123,
    0.6810466051101685,
    0.68182373046875,
    0.6796711087226868,
    0.6808586716651917,
    0.6860113143920898,
    0.6918157935142517,
    0.6935041546821594,
    0.6938502192497253,
    0.6952745318412781,
    0.6972755789756775,
    0.6959331035614014,
    0.6951927542686462,
    0.6940983533859253,
    0.6950342059135437,
    0.6954841017723083,
    0.6957015991210938,
    0.694141149520874,
    0.6901823878288269,
    0.6911556124687195,
    0.6916871666908264,
    0.6890886425971985,
    0.6908361315727234,
    0.6932703852653503
  ]
}