{
  "train": [
    0.6676821247697464,
    0.7002991843106124,
    0.6881016325480832,
    0.6385975215822605,
    0.6668128092300716,
    0.6403373095202328,
    0.6504098585086503,
    0.6608168741165124,
    0.6287795546019606,
    0.6262999479406572,
    0.6465658894900618,
    0.6251966780042414,
    0.6237116867098315,
    0.5982716447614097,
    0.624358038890538,
    0.6355570410859996,
    0.5943297743797302,
    0.6209402574694215,
    0.5853469665414595,
    0.6087297259880404,
    0.6259258888625159,
    0.6036886014961844,
    0.6068344289446111,
    0.5835690052051262,
    0.5673308504626081,
    0.597043158385554,
    0.5962763549071814,
    0.5842049098367175,
    0.6199576751939182,
    0.5728517462467325,
    0.6037659181162641,
    0.5725672309621802,
    0.6029517022259717,
    0.5931047653329784,
    0.5543815800415471,
    0.580898408525683,
    0.607289692157595,
    0.5937954583778757,
    0.5748020464857223,
    0.5672533879139153,
    0.5809757888610727,
    0.5730045966326897,
    0.5710792253757345,
    0.5833212938801996,
    0.5571302956548231,
    0.5820425114608163,
    0.551890614584749,
    0.5609125577170273,
    0.5632746281294987,
    0.5695202538532577,
    0.5660108424759851,
    0.5544160865797785,
    0.559064515265338,
    0.557566552913835,
    0.5491726325063283,
    0.5767433898789542
  ],
  "val": [
    0.6876970529556274,
    0.6866073608398438,
    0.6836660504341125,
    0.6806361675262451,
    0.6777066588401794,
    0.6740962862968445,
    0.6722131371498108,
    0.6710101366043091,
    0.6698489785194397,
    0.6683233976364136,
    0.668645977973938,
    0.6674544811248779,
    0.6671406030654907,
    0.6687796711921692,
    0.668601393699646,
    0.6697962284088135,
    0.6676239371299744,
    0.666786253452301,
    0.6678122282028198,
    0.6645556092262268,
    0.6614054441452026,
    0.6600240468978882,
    0.6574841737747192,
    0.6562651991844177,
    0.6548145413398743,
    0.6543763279914856,
    0.6562408804893494,
    0.6595528721809387,
    0.6605932116508484,
    0.6608524322509766,
    0.6616511344909668,
    0.6615996360778809,
    0.6636807918548584,
    0.6626307964324951,
    0.6603190898895264,
    0.6599005460739136,
    0.6601285338401794,
    0.6623899936676025,
    0.6647734045982361,
    0.6656097769737244,
    0.6681306958198547,
    0.6708347797393799,
    0.6716359853744507,
    0.6699807047843933,
    0.6703814268112183,
    0.6713681221008301,
    0.6705266833305359,
    0.6701072454452515,
    0.6700637340545654,
    0.6699270009994507,
    0.6726263165473938,
    0.6727882027626038,
    0.6741018891334534,
    0.6728501915931702,
    0.6725899577140808,
    0.6740145683288574
  ]
}