{
  "train": [
    0.643735374723162,
    0.6066616832329135,
    0.5788817940087154,
    0.570202438702137,
    0.5668193592226564,
    0.5443118760738467,
    0.5320710404753097,
    0.5299690142640927,
    0.5387306577466392,
    0.5394224192708584,
    0.5398399032689081,
    0.5200463625891455,
    0.5229122961683227,
    0.5183600909604228,
    0.5106921328112409,
    0.5211708667536674,
    0.5163319035997531,
    0.5112647643230231,
    0.502096512047528,
    0.50429512582389,
    0.487925763347466,
    0.5197996828943637,
    0.49272566079506147,
    0.4923944120923874,
    0.4919036879328084,
    0.4795321261354268,
    0.4817900221629683,
    0.4941106937788977,
    0.49906756505003114,
    0.49011146728628374,
    0.47829871444866573
  ],
  "val": [
    0.6670617461204529,
    0.66739422082901,
    0.6728945970535278,
    0.6746399402618408,
    0.6778746247291565,
    0.6810023188591003,
    0.6856821179389954,
    0.6853833198547363,
    0.6854529976844788,
    0.6873797178268433,
    0.6889488101005554,
    0.6900347471237183,
    0.6933550834655762,
    0.6977977156639099,
    0.6981104016304016,
    0.6996687054634094,
    0.7001693248748779,
    0.7026057243347168,
    0.7050145268440247,
    0.7021368145942688,
    0.7031496167182922,
    0.7078590989112854,
    0.7063825130462646,
    0.7066867351531982,
    0.7064831256866455,
    0.7069002389907837,
    0.7083504796028137,
    0.7066235542297363,
    0.7033485770225525,
    0.7021781206130981,
    0.6970449090003967
  ]
}