{
  "train": [
    0.6997930798037298,
    0.6719177500367752,
    0.6500151336486704,
    0.6292684107578447,
    0.6290297945731966,
    0.6158482652579622,
    0.5997245646462652,
    0.6091277062012057,
    0.6034123536401195,
    0.5876578212958838,
    0.6045825733927083,
    0.5912249261522527,
    0.5896386853579817,
    0.5851457321585105,
    0.5999648306757358,
    0.5787296048526106,
    0.5835805574955024,
    0.5732341819796068,
    0.580017857804087,
    0.5800724007519595,
    0.5654702327521564,
    0.5699644388236436,
    0.5644485354423523,
    0.566333128020094,
    0.5511697160786596,
    0.5589145314810898,
    0.5536517817985835,
    0.5500446091144543,
    0.5463687052280445,
    0.5280388552567055,
    0.5463067530998456,
    0.5401557763221816,
    0.5410298531865839,
    0.5467068091989151,
    0.537835741571605
  ],
  "val": [
    0.672415018081665,
    0.6697458624839783,
    0.6672185659408569,
    0.6663587093353271,
    0.6660066246986389,
    0.6669655442237854,
    0.6690380573272705,
    0.6714075207710266,
    0.6746811270713806,
    0.6765048503875732,
    0.6763554215431213,
    0.6784858107566833,
    0.6831274032592773,
    0.6885396242141724,
    0.6929798722267151,
    0.6942934989929199,
    0.6949397325515747,
    0.6961406469345093,
    0.6982851624488831,
    0.7011504769325256,
    0.7043120861053467,
    0.7077948451042175,
    0.7078729271888733,
    0.703972339630127,
    0.6999855637550354,
    0.6972272396087646,
    0.6982753276824951,
    0.7000181674957275,
    0.7041322588920593,
    0.7097742557525635,
    0.712059497833252,
    0.7137033343315125,
    0.7150983214378357,
    0.7123249173164368,
    0.7054616212844849
  ]
}