{
  "train": [
    0.7298441532210176,
    0.6798019773267173,
    0.6648520240055517,
    0.66075992173162,
    0.6522147018333961,
    0.6543303346399016,
    0.6433355203403041,
    0.6434141509051393,
    0.6267380833332175,
    0.6152425455342373,
    0.6310838657646931,
    0.6101895559010247,
    0.6155323254063799,
    0.6074397622658114,
    0.6090601318575478,
    0.6258601546287537,
    0.597025176574444,
    0.6084500762629391,
    0.6085462511466642,
    0.6027537531453401,
    0.5951908555230484,
    0.5951472282996906,
    0.587987794664693,
    0.6051164319362546,
    0.5959654297734717,
    0.5854806130742792,
    0.5743337906346533,
    0.5826090693180197,
    0.5774063887854515,
    0.5720464211379366,
    0.6153708279426462
  ],
  "val": [
    0.6476908922195435,
    0.6688945293426514,
    0.6655468344688416,
    0.6573957204818726,
    0.6563860177993774,
    0.6568053364753723,
    0.6567476391792297,
    0.6570979356765747,
    0.6586557030677795,
    0.6601419448852539,
    0.6616852879524231,
    0.663909375667572,
    0.6692233085632324,
    0.6716593503952026,
    0.6733643412590027,
    0.6725168228149414,
    0.6722860336303711,
    0.6727983951568604,
    0.6761229038238525,
    0.6792752146720886,
    0.6860684156417847,
    0.6939336657524109,
    0.6991918087005615,
    0.7001527547836304,
    0.6995276212692261,
    0.7016504406929016,
    0.6993552446365356,
    0.6986576318740845,
    0.6985123157501221,
    0.6981154084205627,
    0.6950898170471191
  ]
}