{
  "train": [
    0.6354081329747374,
    0.5927042652820719,
    0.56403518692026,
    0.561828764495004,
    0.5562990384148847,
    0.5315808446830129,
    0.5260598782835335,
    0.5235659684160073,
    0.5308229200945699,
    0.5183815389431169,
    0.5205478729872868,
    0.5000440199386897,
    0.5176583469794889,
    0.5159458679518676,
    0.4820158737046378,
    0.5001580512582375,
    0.5178265727212277,
    0.520628064430406,
    0.4924280320482301,
    0.4894398624086615,
    0.5078158554772438,
    0.4848603757437814,
    0.4959698166753271,
    0.4814479409767489,
    0.49757839276872834,
    0.47303355841213846,
    0.48494565119884286,
    0.4804041928845673,
    0.4736633879210561,
    0.48027038632942537,
    0.47677937869367926,
    0.4552406584981627,
    0.4730720254294391,
    0.4935171815562131,
    0.48958609344924026,
    0.4774527756745005,
    0.47282058910783287
  ],
  "val": [
    0.6881238222122192,
    0.6814289093017578,
    0.6777010560035706,
    0.6754088401794434,
    0.6737566590309143,
    0.6753324270248413,
    0.6736003160476685,
    0.6736472845077515,
    0.6756179332733154,
    0.6756066679954529,
    0.6750642657279968,
    0.6745359897613525,
    0.6779044270515442,
    0.6807851791381836,
    0.6851783990859985,
    0.6900457739830017,
    0.6924051642417908,
    0.6936752200126648,
    0.6934612989425659,
    0.6883069276809692,
    0.6833425760269165,
    0.6808064579963684,
    0.6816446185112,
    0.6831247210502625,
    0.6840040683746338,
    0.6872318983078003,
    0.6865609884262085,
    0.6922427415847778,
    0.6978100538253784,
    0.6990773677825928,
    0.6977494955062866,
    0.699397623538971,
    0.7009522318840027,
    0.7024555802345276,
    0.7044848203659058,
    0.697844922542572,
    0.6989206671714783
  ]
}