{
  "train": [
    0.7659271811616832,
    0.783615602648317,
    0.7461474355805684,
    0.7250128640917134,
    0.7113298412614268,
    0.6864898739189937,
    0.6912818257444597,
    0.6972852686943092,
    0.6613505917229676,
    0.6543735744330683,
    0.6459786474998361,
    0.6361409137988913,
    0.6460597612000452,
    0.6331197252414497,
    0.6409722170219045,
    0.6138915152385317,
    0.6337906462805611,
    0.6367110996117146,
    0.6116444575669143,
    0.5949222325104211,
    0.61652774205936,
    0.6158913106753908,
    0.6168920861676409,
    0.5940124327913293,
    0.5933619998945978,
    0.5870127785088394,
    0.5844451926024676,
    0.5677710495558865,
    0.5744228618485587,
    0.5911016910534187,
    0.5824771159388161,
    0.5949032911526159,
    0.5762375851570092,
    0.6036133631109604,
    0.5763057144404632,
    0.5588204073788497,
    0.554183674856947,
    0.5749771310190849,
    0.5937258612933417,
    0.5807521927532892,
    0.5677288221608242,
    0.5547260037196681,
    0.5825999432009429,
    0.5566673184850534,
    0.5596558219693565,
    0.553144818749921,
    0.5610764769497764,
    0.5754645986510027,
    0.5720189643904493,
    0.5580064994948251
  ],
  "val": [
    0.6827040314674377,
    0.6838526725769043,
    0.6845877766609192,
    0.684865415096283,
    0.6850110292434692,
    0.6826140880584717,
    0.6803388595581055,
    0.6776310205459595,
    0.6752876043319702,
    0.674333393573761,
    0.6722279787063599,
    0.6692394614219666,
    0.668405294418335,
    0.6662092804908752,
    0.6646955013275146,
    0.6638892292976379,
    0.660697877407074,
    0.6596173048019409,
    0.6596735715866089,
    0.6593956351280212,
    0.661792516708374,
    0.6645132899284363,
    0.6668480038642883,
    0.6660240292549133,
    0.6655120849609375,
    0.6674098372459412,
    0.6683029532432556,
    0.6711148619651794,
    0.6714025735855103,
    0.6718877553939819,
    0.6722154021263123,
    0.6723035573959351,
    0.6740013957023621,
    0.67574143409729,
    0.6754153370857239,
    0.6742753386497498,
    0.67563396692276,
    0.6758227348327637,
    0.6779800057411194,
    0.6808093786239624,
    0.6805790662765503,
    0.6748728156089783,
    0.6727337837219238,
    0.6700267195701599,
    0.6719815135002136,
    0.6730245351791382,
    0.6736811399459839,
    0.6757715344429016,
    0.6773732304573059,
    0.6779760718345642
  ]
}