{
  "train": [
    0.688481760142472,
    0.6605129300667147,
    0.6217334211753507,
    0.6104121792492608,
    0.5884560384773856,
    0.5704008669688784,
    0.5761286751390091,
    0.5562643088730685,
    0.5619741278916157,
    0.5548797563966272,
    0.5502453331876858,
    0.5535285522785093,
    0.5457733772658362,
    0.5461581182010068,
    0.5479307609238648,
    0.5386579405204416,
    0.5470259853184517,
    0.5289388956694767,
    0.5351963225256633,
    0.5296033503386774,
    0.5299689335188842,
    0.5274171491561852,
    0.5282701380147136,
    0.5185169239936791,
    0.5237026819454625,
    0.5386579756079048,
    0.5091137350192798,
    0.5204650520397525,
    0.49963529297870957,
    0.5077112830918411,
    0.539133783631724,
    0.5133733645154925,
    0.5209747096294253,
    0.5095673687939574
  ],
  "val": [
    0.6760016679763794,
    0.6679509282112122,
    0.662372350692749,
    0.6599166989326477,
    0.6599428653717041,
    0.6626465916633606,
    0.6676263213157654,
    0.671173632144928,
    0.6750736832618713,
    0.6783836483955383,
    0.6779990792274475,
    0.6761735081672668,
    0.6739987730979919,
    0.6733935475349426,
    0.671818733215332,
    0.6710221767425537,
    0.671196460723877,
    0.671560525894165,
    0.6729293465614319,
    0.6705127954483032,
    0.6703526973724365,
    0.6706845760345459,
    0.6715757250785828,
    0.6759388446807861,
    0.6809356212615967,
    0.6823129057884216,
    0.6840551495552063,
    0.6867515444755554,
    0.6863918304443359,
    0.6890413761138916,
    0.6875513792037964,
    0.6856866478919983,
    0.6861072778701782,
    0.6887380480766296
  ]
}