{
  "train": [
    0.6532637559134384,
    0.6326771451921885,
    0.5990556871949746,
    0.5603373667289471,
    0.5619928444841226,
    0.5382987304861322,
    0.5589251729655148,
    0.5514072226773342,
    0.5519546464158984,
    0.5565313755585055,
    0.5553512731796415,
    0.5354452761523242,
    0.5597443759734995,
    0.5594713570449152,
    0.5485756268054981,
    0.5061601303481116,
    0.5559756817488835,
    0.5302682818450364,
    0.5340756110369865,
    0.5220598833901542,
    0.521533308945266,
    0.5242834951490017,
    0.5217478439725679,
    0.5559760916409234,
    0.5178960138941046,
    0.5240766108036041,
    0.5372804755647781,
    0.5254203333643269,
    0.5314804438886971,
    0.49972127708308217,
    0.5139577711744262,
    0.5341535815464452,
    0.5167504891092554,
    0.509384581608138,
    0.5351455558109753
  ],
  "val": [
    0.6843286156654358,
    0.6795247793197632,
    0.6731082201004028,
    0.6656721234321594,
    0.663291871547699,
    0.6649949550628662,
    0.6680009961128235,
    0.6760361194610596,
    0.6850678324699402,
    0.6878125071525574,
    0.6860113143920898,
    0.6877588033676147,
    0.6895955801010132,
    0.6856173276901245,
    0.6851063370704651,
    0.6840205192565918,
    0.6839461922645569,
    0.686318576335907,
    0.6865502595901489,
    0.6901086568832397,
    0.6924540996551514,
    0.6916280388832092,
    0.6895406246185303,
    0.6907941699028015,
    0.6931561827659607,
    0.6937437653541565,
    0.6888190507888794,
    0.6894853711128235,
    0.6889057755470276,
    0.6929903626441956,
    0.6946908831596375,
    0.7019678354263306,
    0.7046704292297363,
    0.7047674059867859,
    0.698641836643219
  ]
}