{
  "train": [
    0.6947176987901696,
    0.6870782936147868,
    0.647860616005113,
    0.6389197909773277,
    0.6246433516441308,
    0.6510753954572631,
    0.6154782070314943,
    0.615431518096642,
    0.6011046916980461,
    0.5803251874270697,
    0.5955731519337358,
    0.5844186139224198,
    0.6041264815870764,
    0.5873694390498946,
    0.5625993773855013,
    0.5889349867557657,
    0.5737061253909407,
    0.5773264956591752,
    0.5903976806278887,
    0.5870505979495683,
    0.5815697732230125,
    0.5623040833496695,
    0.5734683476351752,
    0.5656681689135546,
    0.589136580234678,
    0.5720742761795157,
    0.5638236491550953,
    0.5917653550068146,
    0.5583505545343671,
    0.5730684986842677,
    0.5855672315423712,
    0.5685096694330863,
    0.5666324795760544,
    0.573879131542638,
    0.5563775776642297,
    0.5639089340059628,
    0.5645797772360552,
    0.55270248240438,
    0.5751157643759779,
    0.5438132547392633,
    0.5490187642903164
  ],
  "val": [
    0.6906548738479614,
    0.6860237717628479,
    0.6803743839263916,
    0.6756108403205872,
    0.6691092848777771,
    0.6640053391456604,
    0.6611683368682861,
    0.6605890989303589,
    0.6586921811103821,
    0.6593517065048218,
    0.6574758291244507,
    0.6576181054115295,
    0.6586888432502747,
    0.6590551733970642,
    0.6602008938789368,
    0.663124144077301,
    0.6644533276557922,
    0.6635310053825378,
    0.6645230054855347,
    0.663597047328949,
    0.6599949598312378,
    0.6593085527420044,
    0.6585240364074707,
    0.6580694317817688,
    0.6590822339057922,
    0.6616098880767822,
    0.6624693870544434,
    0.6649972200393677,
    0.664484441280365,
    0.6647960543632507,
    0.6623625755310059,
    0.6601868271827698,
    0.6615530848503113,
    0.6625827550888062,
    0.6620351076126099,
    0.6628523468971252,
    0.6614958047866821,
    0.6630922555923462,
    0.6633612513542175,
    0.6625227928161621,
    0.6641789078712463
  ]
}