{
  "train": [
    0.7253777381821807,
    0.6334985494613647,
    0.6043012112819502,
    0.5655255737563072,
    0.5341308947854442,
    0.5379252993120935,
    0.5223490569391861,
    0.5040027461028451,
    0.531354117569665,
    0.5122933421522525,
    0.5124433501600631,
    0.5244524791616524,
    0.5148960501689629,
    0.4925612137822682,
    0.5163590166662714,
    0.5052395551075489,
    0.49495836901547285,
    0.4929946223503263,
    0.4917412150669568,
    0.4903135368683068,
    0.4897330425349362,
    0.49887490243160076,
    0.5041354148845955,
    0.5005215791058658,
    0.48423069245709577,
    0.46956215307043103,
    0.489097569669996,
    0.4737154970615368,
    0.4649644482311944,
    0.4856300057448777,
    0.47364828548407906,
    0.46454356720882095,
    0.46558861999676143,
    0.4683289231337937,
    0.4636987933677993
  ],
  "val": [
    0.6907547116279602,
    0.683262050151825,
    0.6772990226745605,
    0.6735263466835022,
    0.671509861946106,
    0.6739391684532166,
    0.6750555634498596,
    0.6773704290390015,
    0.6781899333000183,
    0.6764249801635742,
    0.6795617938041687,
    0.680920422077179,
    0.6840494871139526,
    0.688133716583252,
    0.6956475377082825,
    0.6999971270561218,
    0.7011334896087646,
    0.6962435245513916,
    0.6892711520195007,
    0.684547483921051,
    0.684669554233551,
    0.6864134073257446,
    0.6856480240821838,
    0.6790779232978821,
    0.6753183603286743,
    0.674892783164978,
    0.6773035526275635,
    0.6883247494697571,
    0.6920192241668701,
    0.6962500810623169,
    0.6966480016708374,
    0.7000217437744141,
    0.7020856738090515,
    0.7035790681838989,
    0.7058088183403015
  ]
}