{
  "train": [
    0.7456773754411143,
    0.7141615892278736,
    0.6727673017919944,
    0.6542681611230221,
    0.6430595296944304,
    0.633023031826677,
    0.5970004347744834,
    0.5970861486026219,
    0.5787062377765261,
    0.5903844962566357,
    0.5799966187312685,
    0.5647823050104338,
    0.5695918504827715,
    0.5770305666723862,
    0.5638967332581581,
    0.5570563747377818,
    0.5859150008615015,
    0.5522841191644152,
    0.5526678617951906,
    0.5561979753630502,
    0.5545499998654051,
    0.5616788276897863,
    0.5336160056403118,
    0.549509960442341,
    0.5520155341754406,
    0.5685379232091857,
    0.5428702355605628,
    0.5294856763825628,
    0.5504415311249606,
    0.5394590505825475,
    0.5549834943170031,
    0.5466009231623757,
    0.5488128676790321,
    0.54173421918465,
    0.526616043057935,
    0.5425529201042476,
    0.5339669740846005,
    0.5232663771201824,
    0.525658515580182,
    0.5500794434782319,
    0.5219443807460992,
    0.5223801348890577,
    0.5304878539052503,
    0.5208025593769374,
    0.49917789177941574,
    0.5325545656857232,
    0.5138696458539352,
    0.5148170120610392,
    0.5130394253824732,
    0.5037283752058527,
    0.5209196976252964,
    0.5288110880428935,
    0.5212228973510817
  ],
  "val": [
    0.7052834630012512,
    0.7038591504096985,
    0.7018471360206604,
    0.6974298357963562,
    0.6931983828544617,
    0.6880776286125183,
    0.6861904859542847,
    0.6860573887825012,
    0.6870272755622864,
    0.6894410848617554,
    0.6902726888656616,
    0.6896852254867554,
    0.6870670914649963,
    0.6850453019142151,
    0.6843618154525757,
    0.6822481155395508,
    0.6805251240730286,
    0.6782113909721375,
    0.6786447763442993,
    0.6775396466255188,
    0.6727479696273804,
    0.6678669452667236,
    0.6635248064994812,
    0.6645122766494751,
    0.668826699256897,
    0.6697911024093628,
    0.6742527484893799,
    0.6774755120277405,
    0.6784579753875732,
    0.6801290512084961,
    0.6825016140937805,
    0.6827213764190674,
    0.6848242878913879,
    0.6906019449234009,
    0.6914686560630798,
    0.6901785731315613,
    0.6872894167900085,
    0.6867249608039856,
    0.6824831962585449,
    0.6778398156166077,
    0.6783357262611389,
    0.6769699454307556,
    0.6731643676757812,
    0.6773926615715027,
    0.6760421395301819,
    0.6777201890945435,
    0.6768787503242493,
    0.6849720478057861,
    0.6868087649345398,
    0.686435878276825,
    0.6833783388137817,
    0.6847844123840332,
    0.6844775676727295
  ]
}