{
  "train": [
    0.6876896120644556,
    0.627593794186127,
    0.5887803215111418,
    0.5780204464062094,
    0.5630824219417102,
    0.5615470829268394,
    0.5589495976570205,
    0.5483855114781798,
    0.5684268894453941,
    0.5571775213250973,
    0.5337653182116635,
    0.5320483039458984,
    0.561257351208203,
    0.5271148907727209,
    0.5430702458461517,
    0.5322873348672988,
    0.515845698088848,
    0.5117356474763655,
    0.5234603764388361,
    0.5059865260946339,
    0.4987451595625854,
    0.536977587662307,
    0.509120089667184,
    0.5279665818355354,
    0.505318361843748,
    0.5132398414494369,
    0.495019603538983,
    0.4999667074292751,
    0.486617866554871,
    0.4934702335026464,
    0.5050464372329524,
    0.5095157561631039,
    0.5091493711095726,
    0.4953522826063222,
    0.49504733775636833,
    0.4832016623078896,
    0.49377322519941286,
    0.49846852794656615,
    0.48967542436909794,
    0.48039897028448547
  ],
  "val": [
    0.6873339414596558,
    0.6825912594795227,
    0.679067850112915,
    0.6776092052459717,
    0.6740461587905884,
    0.673335611820221,
    0.6741126775741577,
    0.672115683555603,
    0.6689193844795227,
    0.6685763001441956,
    0.6741006970405579,
    0.6782842874526978,
    0.6843701601028442,
    0.6840229630470276,
    0.6823346614837646,
    0.6800338625907898,
    0.6789126992225647,
    0.6758343577384949,
    0.6702052354812622,
    0.6732442378997803,
    0.6762188673019409,
    0.6806754469871521,
    0.6862277984619141,
    0.6901741623878479,
    0.6960632801055908,
    0.6968364715576172,
    0.6970732808113098,
    0.6915082931518555,
    0.6843490600585938,
    0.6775602698326111,
    0.6725717782974243,
    0.6734306216239929,
    0.6789464950561523,
    0.6801673769950867,
    0.6810123920440674,
    0.6899524331092834,
    0.694279670715332,
    0.6962100267410278,
    0.6976813077926636,
    0.6922663450241089
  ]
}