{
  "train": [
    0.7260105427850057,
    0.6872342924766353,
    0.6296378738187217,
    0.6011847410295984,
    0.5973110386890731,
    0.5764560681845754,
    0.5737779504559898,
    0.5675866856363606,
    0.5775720547572732,
    0.5575669102480846,
    0.5490204683078334,
    0.5509971685597462,
    0.5293117776292885,
    0.5655168999592072,
    0.5217979877746751,
    0.5479816083837612,
    0.5230091399159925,
    0.5375916907940005,
    0.5359467317905332,
    0.5110531516850289,
    0.5289876901457462,
    0.5210449677970022,
    0.5327038988104007,
    0.509072428853641,
    0.5236569960129085,
    0.530616766126285,
    0.4940863690646411,
    0.5366396783607934,
    0.49521766551609697,
    0.5271721960875788,
    0.5148790980794747,
    0.5051185719191734,
    0.5062055302958183,
    0.5123232926053954,
    0.4952735222619155
  ],
  "val": [
    0.6792358756065369,
    0.6738412976264954,
    0.670436441898346,
    0.666947603225708,
    0.6666533350944519,
    0.6681355237960815,
    0.669259250164032,
    0.6727585792541504,
    0.6775540113449097,
    0.6763455867767334,
    0.6799702644348145,
    0.6843865513801575,
    0.6884217858314514,
    0.6866121888160706,
    0.6832361221313477,
    0.6830878853797913,
    0.6870805621147156,
    0.6929411292076111,
    0.6967081427574158,
    0.6995494365692139,
    0.6973280906677246,
    0.6972194910049438,
    0.6961390376091003,
    0.6956970691680908,
    0.7010847926139832,
    0.7052372694015503,
    0.7073185443878174,
    0.7076864242553711,
    0.7057254314422607,
    0.7030578255653381,
    0.7058054804801941,
    0.7052841186523438,
    0.7071468234062195,
    0.7108700275421143,
    0.7169472575187683
  ]
}