{
  "train": [
    0.6518664662473894,
    0.6460878276472608,
    0.609678552362132,
    0.591969048448384,
    0.6028405946170168,
    0.5923657616958242,
    0.5824263879818282,
    0.5827806239644883,
    0.5878669789859227,
    0.584185028311067,
    0.5826798675976363,
    0.5862123158764957,
    0.5688391116452335,
    0.5548948795337395,
    0.5510023585681257,
    0.5630522984002024,
    0.5485925904929344,
    0.5368654165655521,
    0.5577444203675087,
    0.5616561391670716,
    0.5563435193353099,
    0.5550884224217514,
    0.5710366441698497,
    0.5495404928482225,
    0.5615736014150047,
    0.5758641429722603,
    0.5424492091968142,
    0.5342357088192343,
    0.5428631153012732,
    0.5325199480127232,
    0.5404340859704417,
    0.5334503838581405,
    0.5320454276547644,
    0.5344945644510204,
    0.532071741343719,
    0.5247829265782399,
    0.52014461746944,
    0.5293073574897691,
    0.5273042102459029,
    0.513072038372162,
    0.5088096826240934,
    0.5060268540687749,
    0.5234098023381727,
    0.5081176305639332,
    0.5196131429648752,
    0.5380015217611942,
    0.4986903688003277,
    0.49576313272485595,
    0.5110835130578779,
    0.5084938130942471,
    0.5015333594359788,
    0.5096852747090345,
    0.5061457808969057,
    0.49841669333979416
  ],
  "val": [
    0.6873357892036438,
    0.6837186813354492,
    0.6786275506019592,
    0.6794323325157166,
    0.6812955737113953,
    0.6836541891098022,
    0.6799986362457275,
    0.6783884763717651,
    0.6778129935264587,
    0.6800471544265747,
    0.6838107109069824,
    0.6819238066673279,
    0.6786567568778992,
    0.6762707233428955,
    0.6769810914993286,
    0.6805967092514038,
    0.6830267310142517,
    0.6858325004577637,
    0.686931848526001,
    0.6782819032669067,
    0.6698846220970154,
    0.6738831996917725,
    0.6699903607368469,
    0.6663010716438293,
    0.6714338660240173,
    0.6716002821922302,
    0.66789311170578,
    0.6687121987342834,
    0.6741775870323181,
    0.6750717759132385,
    0.6800097227096558,
    0.6861113905906677,
    0.6894863843917847,
    0.6886370778083801,
    0.6827349662780762,
    0.6822492480278015,
    0.6869832873344421,
    0.69305020570755,
    0.7004427909851074,
    0.7101266980171204,
    0.7161118984222412,
    0.7049578428268433,
    0.6973741054534912,
    0.6942669153213501,
    0.6919785141944885,
    0.688869059085846,
    0.6912333369255066,
    0.6971324682235718,
    0.6991099119186401,
    0.7043720483779907,
    0.7061941027641296,
    0.7052598595619202,
    0.7063499689102173,
    0.7077116966247559
  ]
}