{
  "train": [
    0.5587924473684996,
    0.528087425114486,
    0.5330529882402842,
    0.526605531206272,
    0.4977372262278214,
    0.4955480630174646,
    0.4945945246466275,
    0.4995926272105701,
    0.47550845748098025,
    0.4994495284968409,
    0.4786737869525778,
    0.4728593406418861,
    0.4731201858356081,
    0.4670516615137091,
    0.46560128187311106,
    0.4644989496087793,
    0.4616453119099434,
    0.4592018796892589,
    0.46034330276432883,
    0.4706427421182247,
    0.471368260865141,
    0.4473960936950345,
    0.46663751302681533,
    0.4634228507286222,
    0.4489670482468722,
    0.45324523783669685,
    0.44791922075995083,
    0.43972839774756595,
    0.4477930380205803,
    0.45227040680758474,
    0.4635956009914135,
    0.44216559849349146,
    0.4470446118580297,
    0.44927341905720714,
    0.4404944633615428,
    0.44277112765852455,
    0.42991771648082827,
    0.43963183587407834,
    0.43822505233323045,
    0.42663143230189243,
    0.4359809280616309,
    0.44220232068024246,
    0.43591072230503475,
    0.4259410623846383,
    0.42110068560233843,
    0.4281497415650654,
    0.4245990823055136,
    0.4208141419981501,
    0.4259273439205339,
    0.4125865360198937,
    0.424000250001259,
    0.4277357341620722,
    0.41236158735646405,
    0.4193338563876786
  ],
  "val": [
    0.6948562264442444,
    0.6717241406440735,
    0.6720281839370728,
    0.664752185344696,
    0.6688393950462341,
    0.6703739762306213,
    0.6663544774055481,
    0.6660696864128113,
    0.6713389158248901,
    0.6709359884262085,
    0.6716428995132446,
    0.6741610169410706,
    0.6734347939491272,
    0.6753930449485779,
    0.6763354539871216,
    0.6739650964736938,
    0.6702956557273865,
    0.6690554618835449,
    0.667266309261322,
    0.6629200577735901,
    0.6605202555656433,
    0.6590074300765991,
    0.6590222120285034,
    0.658164381980896,
    0.6603809595108032,
    0.6633390188217163,
    0.6647392511367798,
    0.6650235652923584,
    0.6676304936408997,
    0.6713495254516602,
    0.6724943518638611,
    0.6713564991950989,
    0.6732221841812134,
    0.6769516468048096,
    0.6800066232681274,
    0.6828390955924988,
    0.6868605613708496,
    0.6917517781257629,
    0.6950545907020569,
    0.6941935420036316,
    0.6970719695091248,
    0.6964361071586609,
    0.6951338052749634,
    0.6978253722190857,
    0.6996341347694397,
    0.6935374736785889,
    0.6953962445259094,
    0.6995202302932739,
    0.6978469491004944,
    0.705371081829071,
    0.7104540467262268,
    0.7108193039894104,
    0.7081888914108276,
    0.7053983807563782
  ]
}