{
  "train": [
    0.7673160325130218,
    0.7076781735631633,
    0.6791250124353493,
    0.6342351765468203,
    0.6403105761030038,
    0.6426403613513326,
    0.6220044338057193,
    0.5928528981255781,
    0.5965299230490999,
    0.5967375750612156,
    0.5977765044261669,
    0.5902405332755573,
    0.5801145190675857,
    0.5804480284892867,
    0.5774440339633397,
    0.5720199296627139,
    0.5681536417876558,
    0.5650992992476289,
    0.5687230202952042,
    0.5759258640223536,
    0.5817844394979805,
    0.5646605479893426,
    0.5573383474291251,
    0.5579463272846391,
    0.5710705559829186,
    0.5530680923039103,
    0.541967739906217,
    0.5560981038168733,
    0.5850506985716044,
    0.5561961502277205,
    0.571377933318979,
    0.5603962374731825,
    0.5571838940305663,
    0.5578999859946114,
    0.5510459586317316,
    0.5660649890382888,
    0.5630933472088405,
    0.525867896714234,
    0.5270809604616588,
    0.553682940640473,
    0.5552878262374201,
    0.5395261221037709,
    0.54377791241472,
    0.5619824516949395,
    0.5460610595242731,
    0.5668211000893504,
    0.5297564503007335,
    0.5304926410684445,
    0.5354238848380855,
    0.5451744122458209,
    0.540424196297312,
    0.5259236831383165,
    0.523221297510739,
    0.5191526195685852,
    0.5458349914386355,
    0.5168450336738173,
    0.5262964896380607,
    0.5438579805378844,
    0.5241333037761632,
    0.5418447614303363,
    0.5241387536373044,
    0.5144165730828723,
    0.5255266711336052,
    0.5279188214851718,
    0.5346085678767688,
    0.5311161651106303
  ],
  "val": [
    0.6897096633911133,
    0.6884434223175049,
    0.6860089302062988,
    0.6829853057861328,
    0.6804653406143188,
    0.6762797832489014,
    0.6738741993904114,
    0.6717901825904846,
    0.6725690364837646,
    0.6754007339477539,
    0.6782773733139038,
    0.678723156452179,
    0.6811410784721375,
    0.680639386177063,
    0.6834145188331604,
    0.6815174221992493,
    0.6812002062797546,
    0.6814940571784973,
    0.6833470463752747,
    0.6807176470756531,
    0.683372437953949,
    0.6836162805557251,
    0.6821107268333435,
    0.6783678531646729,
    0.6776947975158691,
    0.6779338717460632,
    0.6771683692932129,
    0.6775998473167419,
    0.6792078018188477,
    0.6785535216331482,
    0.6781876683235168,
    0.6785786747932434,
    0.6761669516563416,
    0.6731572151184082,
    0.6700571179389954,
    0.6689478754997253,
    0.6706796884536743,
    0.6710604429244995,
    0.6740553379058838,
    0.6768593192100525,
    0.6776857376098633,
    0.6777575016021729,
    0.6788768768310547,
    0.6806504726409912,
    0.6821497678756714,
    0.686924397945404,
    0.686879575252533,
    0.6828359365463257,
    0.6802243590354919,
    0.6814523339271545,
    0.6799099445343018,
    0.6780308485031128,
    0.6771338582038879,
    0.6767882704734802,
    0.6764006614685059,
    0.679129958152771,
    0.6815464496612549,
    0.6826476454734802,
    0.6816447973251343,
    0.6836366653442383,
    0.6861580014228821,
    0.6868147850036621,
    0.6892900466918945,
    0.6893245577812195,
    0.6865129470825195,
    0.6877785325050354
  ]
}