{
  "train": [
    0.6763477058246218,
    0.631205807325288,
    0.6220989770489961,
    0.6110182554263787,
    0.6128145397590299,
    0.5926173326417143,
    0.5699574652270143,
    0.5821948004473606,
    0.5827383874672387,
    0.5732149402496263,
    0.5635027870756065,
    0.5815794467926025,
    0.5884755598794064,
    0.5568364206793273,
    0.5387318125499293,
    0.5414916202058933,
    0.545096808760037,
    0.54340803197452,
    0.5377816754608906,
    0.5391903179032462,
    0.5265387417060401,
    0.5407312022054137,
    0.5257039865836721,
    0.5304672908900406,
    0.5225256672633692,
    0.5160726000522745,
    0.5262402243214875,
    0.5168153487990055,
    0.5168022915647534,
    0.5078835066022545,
    0.5236585037461643,
    0.5183681819239273
  ],
  "val": [
    0.6691334247589111,
    0.6659932136535645,
    0.667008638381958,
    0.6692929267883301,
    0.6809499263763428,
    0.6781294941902161,
    0.6799212694168091,
    0.6831608414649963,
    0.6864790320396423,
    0.6934579610824585,
    0.7055862545967102,
    0.7048963308334351,
    0.6854572296142578,
    0.6778580546379089,
    0.6773543357849121,
    0.674669623374939,
    0.6753993034362793,
    0.681195855140686,
    0.6877880096435547,
    0.6869686841964722,
    0.6890462040901184,
    0.6914750933647156,
    0.6920949816703796,
    0.688093364238739,
    0.681735098361969,
    0.6828296780586243,
    0.6911055445671082,
    0.7075239419937134,
    0.7072685956954956,
    0.7015622854232788,
    0.7053453922271729,
    0.7139244675636292
  ]
}