{
  "train": [
    0.8842644679722528,
    0.7631567376000541,
    0.7225310012624768,
    0.6539896394818875,
    0.6346606071946657,
    0.6029834594632605,
    0.5887328224816346,
    0.5678654641940676,
    0.5644668669536196,
    0.5365212636040937,
    0.5417710533870265,
    0.5479405109811886,
    0.5552378273362597,
    0.506804975970038,
    0.521847596896693,
    0.5371419979727327,
    0.5316822966331332,
    0.5131394576850196,
    0.5121758691783022,
    0.5185736309131378,
    0.5323620048062555,
    0.5044010123008578,
    0.4823126885397681,
    0.4941838970912501,
    0.5170060895346655,
    0.4921224193619977,
    0.5025593459312552,
    0.5137003900969557,
    0.5046643572194236,
    0.5046783662194689,
    0.5009378576513581,
    0.5026674834378247,
    0.48304969131065706,
    0.5037352918404077,
    0.5023999243534257,
    0.48431517426016296,
    0.4863174484281117,
    0.4743527018377934,
    0.5077256360664744,
    0.46649700638108654,
    0.47791485862778915,
    0.49830828452932424,
    0.4877777183290773,
    0.48766908592778474,
    0.4893778914888504,
    0.46895416719572885
  ],
  "val": [
    0.7017689347267151,
    0.6987598538398743,
    0.6979624032974243,
    0.6994643807411194,
    0.7010412216186523,
    0.7006943225860596,
    0.6978194713592529,
    0.7012417316436768,
    0.7035887241363525,
    0.7041842937469482,
    0.7021058201789856,
    0.696577250957489,
    0.6886686682701111,
    0.6877423524856567,
    0.6860263347625732,
    0.68548184633255,
    0.6887962222099304,
    0.6897501349449158,
    0.6946569085121155,
    0.7074577212333679,
    0.7073777914047241,
    0.7056300640106201,
    0.7033652067184448,
    0.7068755626678467,
    0.7038997411727905,
    0.7002686858177185,
    0.7008489370346069,
    0.6984525918960571,
    0.6998434066772461,
    0.7098414897918701,
    0.7070749402046204,
    0.7057644724845886,
    0.694414496421814,
    0.6888997554779053,
    0.6868618726730347,
    0.6872255802154541,
    0.6892690658569336,
    0.6898123025894165,
    0.6925169825553894,
    0.6938104629516602,
    0.6995077133178711,
    0.699436366558075,
    0.6916713118553162,
    0.6865873336791992,
    0.6886740922927856,
    0.6895390748977661
  ]
}