{
  "train": [
    0.7959080588054187,
    0.7565056619973018,
    0.7068324966970922,
    0.697713222409704,
    0.704079163191941,
    0.6904687517382241,
    0.6833493087092056,
    0.6492179899380125,
    0.6617667401952697,
    0.6669815223792503,
    0.6525485421636422,
    0.6671544495474528,
    0.6399728497260897,
    0.6298794376439062,
    0.6274210329126255,
    0.6519450463097671,
    0.6291570572430277,
    0.6346913998937372,
    0.6292333332775849,
    0.6277209399956201,
    0.6216899218230412,
    0.6082706715673062,
    0.6163613640616092,
    0.6049150557353579,
    0.6320360884290611,
    0.6184019091094068,
    0.6083899845043427,
    0.6133934573586939,
    0.6083085252146415,
    0.603555689304333,
    0.6097162456935262,
    0.6055652011791474,
    0.6126723628619621,
    0.6000553023051746,
    0.5962645191277189,
    0.6061735611243788,
    0.5984739452747289,
    0.6052805293957001,
    0.6027363826488626,
    0.6109688223289151,
    0.6040969420536398,
    0.5852112294417884,
    0.5989332157990028,
    0.5960376054195348,
    0.5945600852590477,
    0.599850068538647,
    0.5911995149011096
  ],
  "val": [
    0.6976122856140137,
    0.6851240992546082,
    0.6817916035652161,
    0.6799900531768799,
    0.6780441403388977,
    0.6768646240234375,
    0.675660252571106,
    0.6719962358474731,
    0.6680965423583984,
    0.6660441160202026,
    0.6632416844367981,
    0.6624094843864441,
    0.6611804962158203,
    0.6602020263671875,
    0.6604651212692261,
    0.659602165222168,
    0.6590550541877747,
    0.6597987413406372,
    0.6604493856430054,
    0.6596814393997192,
    0.6595918536186218,
    0.6599718332290649,
    0.6616162061691284,
    0.6632137298583984,
    0.6648277044296265,
    0.6683072447776794,
    0.6681709885597229,
    0.6673827171325684,
    0.668190062046051,
    0.6694344282150269,
    0.6721609830856323,
    0.6758838891983032,
    0.6796945929527283,
    0.6813673377037048,
    0.6819341778755188,
    0.6792512536048889,
    0.6773344874382019,
    0.6775781512260437,
    0.6779409050941467,
    0.6777400374412537,
    0.677986204624176,
    0.6768213510513306,
    0.6739920377731323,
    0.67287677526474,
    0.6727497577667236,
    0.6744149923324585,
    0.6787843704223633
  ]
}