{
  "train": [
    0.7537409096515825,
    0.7252264874322074,
    0.7009330453543827,
    0.7095731737578443,
    0.6826142956470621,
    0.6896439561702935,
    0.7004866579483295,
    0.7035862976694341,
    0.6615458917735245,
    0.6710334170628064,
    0.6677268799302614,
    0.6544993111652694,
    0.6574115656279578,
    0.6598831541432536,
    0.6384805364561785,
    0.6334794803793207,
    0.6422438392498223,
    0.6531517764030419,
    0.6507801023022882,
    0.6412275401242261,
    0.6421976124711812,
    0.6334243384488111,
    0.6351128628688493,
    0.6422959941948576,
    0.6348419439029224,
    0.6273941785243932,
    0.6182359962040568,
    0.6274256139553239,
    0.6226351857185364,
    0.6315439525496196,
    0.6151688721379623,
    0.6142282092512534,
    0.6143419766073743,
    0.5973570164788533,
    0.5868056601491468,
    0.5963084779936692,
    0.6174311954986873,
    0.6013804826830408,
    0.6185928321824286,
    0.5919656938519972,
    0.5953029449937379,
    0.6126413128058898,
    0.6052086714453297,
    0.6005218105363141,
    0.6038217617960399
  ],
  "val": [
    0.6681216955184937,
    0.6588029861450195,
    0.6584664583206177,
    0.6581753492355347,
    0.6593998670578003,
    0.6591928601264954,
    0.6587245464324951,
    0.6588501930236816,
    0.658460795879364,
    0.6576583981513977,
    0.6568117737770081,
    0.6553236842155457,
    0.6539324522018433,
    0.654572606086731,
    0.6538459658622742,
    0.6546972393989563,
    0.6541784405708313,
    0.655013382434845,
    0.6575078964233398,
    0.6602175235748291,
    0.6619223952293396,
    0.6630251407623291,
    0.6626101136207581,
    0.6631819605827332,
    0.6664131283760071,
    0.6701827049255371,
    0.6745603084564209,
    0.6763467192649841,
    0.6780934929847717,
    0.6786742806434631,
    0.6812053918838501,
    0.6826530694961548,
    0.6845758557319641,
    0.6869761943817139,
    0.6881197094917297,
    0.6869206428527832,
    0.6846287250518799,
    0.6792176365852356,
    0.6750087738037109,
    0.6712731122970581,
    0.669981837272644,
    0.670017421245575,
    0.6711580753326416,
    0.6725343465805054,
    0.6731250286102295
  ]
}