{
  "train": [
    0.6836516422591186,
    0.6382015147819895,
    0.6182527227941992,
    0.5980981256574246,
    0.5871928351853282,
    0.5675384851512063,
    0.5876485872738467,
    0.5598610369442719,
    0.5645805934967079,
    0.5303142854732833,
    0.5402591469252638,
    0.5377048389077774,
    0.5539910217811321,
    0.5354997498061269,
    0.5537469610204837,
    0.5553370664272402,
    0.5409055584169961,
    0.5345351390650707,
    0.5250177744574147,
    0.5481437189238412,
    0.5441923302969909,
    0.5328435627697724,
    0.5188799560657276,
    0.5229594468189578,
    0.5139091660823728,
    0.5197596103687004,
    0.5312377938202449,
    0.5305869367909549,
    0.5348067330609402,
    0.5284544396870242,
    0.5236183501816736,
    0.516777632271715,
    0.5239520997836672,
    0.5104908332448875,
    0.511760942601218,
    0.5254109880607116,
    0.5135909727054276,
    0.5163425135201422,
    0.488147872715748,
    0.48904204867743506,
    0.49934825506703606,
    0.5117486442251159,
    0.5145141673205521,
    0.48744230141193406,
    0.5016118528807691,
    0.4998549306627565,
    0.502643644516104,
    0.4922984478802517
  ],
  "val": [
    0.6979944705963135,
    0.6928574442863464,
    0.6880332827568054,
    0.6832968592643738,
    0.6782196164131165,
    0.6753051280975342,
    0.6744175553321838,
    0.6756110787391663,
    0.6751902103424072,
    0.6765086650848389,
    0.6784021854400635,
    0.6755972504615784,
    0.6725248098373413,
    0.672252893447876,
    0.6711134314537048,
    0.6679189205169678,
    0.6652663350105286,
    0.6627469062805176,
    0.663712203502655,
    0.6655352115631104,
    0.6653379797935486,
    0.6666901707649231,
    0.669599175453186,
    0.6704802513122559,
    0.6737030148506165,
    0.6758970022201538,
    0.677001416683197,
    0.6746851205825806,
    0.6747790575027466,
    0.6741131544113159,
    0.6748840808868408,
    0.6783737540245056,
    0.6797606348991394,
    0.6788248419761658,
    0.679376482963562,
    0.6768556237220764,
    0.6747577786445618,
    0.6714670062065125,
    0.6687413454055786,
    0.6689375042915344,
    0.6715588569641113,
    0.6745543479919434,
    0.6775175929069519,
    0.6800788044929504,
    0.6807682514190674,
    0.681761622428894,
    0.6808754205703735,
    0.6827319264411926
  ]
}