{
  "train": [
    0.8110089166998276,
    0.6932881635985351,
    0.6859516316446764,
    0.6639409018267551,
    0.6573499579147752,
    0.625317623462583,
    0.6343935036600516,
    0.6194913178829137,
    0.6139583132537128,
    0.6066811721900414,
    0.6005441120692662,
    0.5977740995402406,
    0.6018324511979014,
    0.5930093617862081,
    0.5712775978548773,
    0.5856170369486503,
    0.5673487239283294,
    0.5724400963102069,
    0.560378011517924,
    0.5478971716512013,
    0.5666752072977902,
    0.553542057428454,
    0.5558792255782141,
    0.5540712223264385,
    0.5690753659591299,
    0.5496514893224087,
    0.5289481360043211,
    0.5372864515910595,
    0.5381097739259598,
    0.5464521076878891,
    0.5466727555678983,
    0.553979203912425,
    0.5464325535473565,
    0.5398818066554704,
    0.541570738324978,
    0.5179950653625827,
    0.536635038594307,
    0.5152721117282736,
    0.5144979249080414
  ],
  "val": [
    0.6761366128921509,
    0.6712901592254639,
    0.6778015494346619,
    0.676680326461792,
    0.6699380278587341,
    0.6662671566009521,
    0.6612147092819214,
    0.6587634682655334,
    0.6566879749298096,
    0.6573148965835571,
    0.6599849462509155,
    0.663098931312561,
    0.6660422682762146,
    0.6675674319267273,
    0.6663923263549805,
    0.6650397181510925,
    0.6655269861221313,
    0.6677514910697937,
    0.6727091670036316,
    0.6801212430000305,
    0.6849193572998047,
    0.6850059628486633,
    0.6851798295974731,
    0.6860420107841492,
    0.6853988170623779,
    0.6858240365982056,
    0.6878294944763184,
    0.6896817088127136,
    0.6884403824806213,
    0.6898037195205688,
    0.6871100068092346,
    0.6810475587844849,
    0.6793752908706665,
    0.6790390014648438,
    0.680697500705719,
    0.6819221377372742,
    0.6828266382217407,
    0.6801679730415344,
    0.6811246871948242
  ]
}