{
  "train": [
    0.6687347809669419,
    0.5911449434721998,
    0.5713101223184558,
    0.5694871072111458,
    0.5577926779615467,
    0.5407538058722547,
    0.5506984811698274,
    0.5285291262154509,
    0.5386526136856361,
    0.5213414183978377,
    0.5295883575683744,
    0.5326661991661993,
    0.5292831481677558,
    0.518111561319511,
    0.5077515238611569,
    0.51042806926032,
    0.5066923930727202,
    0.4998396307670424,
    0.5080561160747641,
    0.5144736708091397,
    0.4998401779259367,
    0.49820042361179595,
    0.4964426849863212,
    0.4848548129861578,
    0.4966096464049053,
    0.5029901376205125,
    0.4984110814009981,
    0.49014906049361956,
    0.48664526267004715,
    0.4921365581416144,
    0.4795927546294452,
    0.485397602096567,
    0.49100022465724663
  ],
  "val": [
    0.6846719980239868,
    0.6726168394088745,
    0.6713576912879944,
    0.678031325340271,
    0.6778021454811096,
    0.6846531629562378,
    0.6872242093086243,
    0.6823580265045166,
    0.6832512021064758,
    0.6834285259246826,
    0.6840402483940125,
    0.6817787289619446,
    0.6744009256362915,
    0.6731318235397339,
    0.6744194626808167,
    0.6809259653091431,
    0.6795763969421387,
    0.6813589334487915,
    0.6863146424293518,
    0.6882889866828918,
    0.6900998950004578,
    0.6980805993080139,
    0.6973546147346497,
    0.7100898623466492,
    0.7128984928131104,
    0.7046697735786438,
    0.6969079971313477,
    0.6884936094284058,
    0.6872097849845886,
    0.6955305933952332,
    0.7019435167312622,
    0.7041651606559753,
    0.7025836110115051
  ]
}