{
  "train": [
    0.6631810764961055,
    0.6289894912630466,
    0.6172086082655808,
    0.6198023076127903,
    0.5881598577123558,
    0.5907314234766466,
    0.5856670164709608,
    0.5762248984698591,
    0.5834221558030603,
    0.5791180547822286,
    0.5715560132059557,
    0.5607211137640065,
    0.5486290883548154,
    0.5503765958283335,
    0.5607028374530999,
    0.5495336149713675,
    0.5479425329880174,
    0.5465806443702999,
    0.5427663539137159,
    0.5423112922701342,
    0.5267871398056669,
    0.5313056967234964,
    0.5406244966784134,
    0.5362488131217769,
    0.5266049179831161,
    0.5316430480022148,
    0.5233739021376436,
    0.5282020267888243,
    0.5160028538093191,
    0.5272750772278885,
    0.5115756137030465,
    0.5010674817515124,
    0.5052433071171709,
    0.49999859459294477
  ],
  "val": [
    0.6649854779243469,
    0.6679027080535889,
    0.664074182510376,
    0.6593055129051208,
    0.6619588136672974,
    0.667672872543335,
    0.6732273697853088,
    0.6853476762771606,
    0.6839984059333801,
    0.6811877489089966,
    0.6734880208969116,
    0.6659929752349854,
    0.6613983511924744,
    0.662775993347168,
    0.6619815826416016,
    0.6603135466575623,
    0.6624575853347778,
    0.6686378121376038,
    0.6696277260780334,
    0.6720982193946838,
    0.6797462701797485,
    0.6894325613975525,
    0.6958535313606262,
    0.6983034014701843,
    0.6931062936782837,
    0.690707266330719,
    0.6898050308227539,
    0.6913087964057922,
    0.6956855654716492,
    0.6898695826530457,
    0.6837412118911743,
    0.6801811456680298,
    0.6790553331375122,
    0.6796078681945801
  ]
}