{
  "train": [
    0.720586096418315,
    0.6971572470195188,
    0.6600836762066545,
    0.6734221850709962,
    0.6782570601684119,
    0.6374010537645499,
    0.6467339822224208,
    0.6377368448990319,
    0.6314576012747628,
    0.6302920779571157,
    0.6103358823677589,
    0.6165763600706466,
    0.6202752082218678,
    0.6146472391530211,
    0.6181988748423571,
    0.6126386314777318,
    0.6038788382349343,
    0.5973265934460269,
    0.6104098508510684,
    0.6109854966548863,
    0.589758579660519,
    0.5903648666560356,
    0.580961771933316,
    0.592198523100961,
    0.5939244498760242,
    0.5963128778734818,
    0.5950448087283543,
    0.5961281149258167,
    0.5857723416953251,
    0.5906347230150195,
    0.5905904112191036
  ],
  "val": [
    0.667072057723999,
    0.6704109311103821,
    0.6700925230979919,
    0.669317364692688,
    0.6707420945167542,
    0.6721895337104797,
    0.6723725199699402,
    0.674031674861908,
    0.6775124669075012,
    0.6799004673957825,
    0.6813177466392517,
    0.680383563041687,
    0.6806505918502808,
    0.6817428469657898,
    0.6854406595230103,
    0.6907466650009155,
    0.6926755905151367,
    0.6955631971359253,
    0.6989856362342834,
    0.6985419988632202,
    0.6958892941474915,
    0.6941012144088745,
    0.6960828304290771,
    0.6963682174682617,
    0.6948675513267517,
    0.6921564936637878,
    0.6887936592102051,
    0.6860665082931519,
    0.6843929290771484,
    0.6850139498710632,
    0.6856693029403687
  ]
}