{
  "train": [
    0.6970602121259192,
    0.6516409489908829,
    0.6248368518105869,
    0.6151131685144209,
    0.5711028273469709,
    0.580617219209671,
    0.5735684128230428,
    0.5509918411377028,
    0.5572432996017005,
    0.5428239309729026,
    0.5509724683068656,
    0.5240125855788809,
    0.5359538943309502,
    0.5212758317075926,
    0.5245260263017832,
    0.5272197714580104,
    0.517568041831989,
    0.5166160006241258,
    0.5096930124489545,
    0.5113887939547083,
    0.5157798508117939,
    0.5104825809377754,
    0.487117505719509,
    0.49251908563040747,
    0.4710722926802236,
    0.48279323366475224,
    0.4917898534847598,
    0.4781904525944752,
    0.4846037620394101,
    0.4720650149390028,
    0.4703607914483019,
    0.48811199306854475,
    0.46738375862830966,
    0.4514433963251819,
    0.46678623043257617,
    0.4421688324124942
  ],
  "val": [
    0.7072550058364868,
    0.6888868808746338,
    0.6992291212081909,
    0.7037827372550964,
    0.6927481889724731,
    0.6826242804527283,
    0.6827166676521301,
    0.6838239431381226,
    0.6965559124946594,
    0.7046517729759216,
    0.7135055065155029,
    0.7229232788085938,
    0.7218382954597473,
    0.7226341366767883,
    0.7206800580024719,
    0.7107510566711426,
    0.7014042139053345,
    0.6934367418289185,
    0.6922633647918701,
    0.6998782753944397,
    0.7087112069129944,
    0.7089188098907471,
    0.7153956890106201,
    0.7135306000709534,
    0.7140356302261353,
    0.7165849208831787,
    0.7145493030548096,
    0.7159636616706848,
    0.7143222093582153,
    0.7049869298934937,
    0.7022229433059692,
    0.7147835493087769,
    0.7187862396240234,
    0.7203382253646851,
    0.7248128056526184,
    0.7253839373588562
  ]
}