{
  "train": [
    0.7314890524730306,
    0.6624937110346526,
    0.6586842663182414,
    0.6307569633563751,
    0.6264279881134409,
    0.6170294469800489,
    0.6155317742836299,
    0.6041564042932295,
    0.5969246575985049,
    0.5825676272068118,
    0.5965168869554116,
    0.5996148580400814,
    0.5768414641836007,
    0.5725000949915994,
    0.5705181521735168,
    0.5731060493168573,
    0.5864460054289531,
    0.5754916565171604,
    0.5545437475437014,
    0.5598449304773303,
    0.5680233240127563,
    0.5541029528444037,
    0.5371519779336864,
    0.5599458663921638,
    0.5492088640558308,
    0.5383451310871857,
    0.5535309241323049,
    0.5223686074094819,
    0.5335061056860562,
    0.5263646057086625,
    0.5224386707608923,
    0.534314941596515,
    0.5228496453738565,
    0.5091710403341377,
    0.5264479429851024,
    0.5109525992365306,
    0.5128413732415937,
    0.5262731737984813
  ],
  "val": [
    0.6913661360740662,
    0.6893490552902222,
    0.696406900882721,
    0.6957538723945618,
    0.6874846816062927,
    0.6804646253585815,
    0.675947904586792,
    0.6742196679115295,
    0.6768417358398438,
    0.6768300533294678,
    0.6765425801277161,
    0.6794387698173523,
    0.682687520980835,
    0.6848302483558655,
    0.682291567325592,
    0.6817584037780762,
    0.6865715384483337,
    0.6925730109214783,
    0.6990439295768738,
    0.7021639943122864,
    0.698419451713562,
    0.6941021680831909,
    0.6938714385032654,
    0.6895673871040344,
    0.6874680519104004,
    0.6866872906684875,
    0.6827942728996277,
    0.6821560859680176,
    0.6849873661994934,
    0.6899700164794922,
    0.6930965185165405,
    0.6959661245346069,
    0.6992626190185547,
    0.7007154822349548,
    0.698839545249939,
    0.6951664686203003,
    0.6947045922279358,
    0.6939618587493896
  ]
}