{
  "train": [
    0.700835425865474,
    0.694845130878129,
    0.6703526354188403,
    0.6887478570045509,
    0.6440235156143828,
    0.6450445807626095,
    0.6630723955008784,
    0.6472980142226947,
    0.6329099530069698,
    0.6422784889272868,
    0.6301621392442676,
    0.6392950480207434,
    0.6367592042302851,
    0.636245827369502,
    0.6337881980858413,
    0.6289541749237794,
    0.614699612403738,
    0.6294198056747173,
    0.6195533081815747,
    0.6184575639922043,
    0.5961457769859013,
    0.610922820168763,
    0.6091688354614333,
    0.598384244982245,
    0.6214822354575096,
    0.61080691262419,
    0.6105417858790881,
    0.5943339211600167,
    0.6101331428941248,
    0.6079841934401413,
    0.6010358022351571,
    0.6000516168002424,
    0.6034550414296794,
    0.5794178314984139,
    0.6067972394633175,
    0.6102305280751196,
    0.5988968237867496,
    0.6030419733136746,
    0.5932569685827922,
    0.5897664962143734,
    0.593612410164819,
    0.593871065842107,
    0.5858817047673494,
    0.5659154248355057,
    0.595677024918824,
    0.5758170758562134
  ],
  "val": [
    0.6881211400032043,
    0.6943854689598083,
    0.6913719773292542,
    0.690968930721283,
    0.6865619421005249,
    0.681222140789032,
    0.6798350214958191,
    0.6787900924682617,
    0.6775241494178772,
    0.6762579083442688,
    0.6753988862037659,
    0.6752006411552429,
    0.6747066974639893,
    0.6745029091835022,
    0.6736423969268799,
    0.6736000776290894,
    0.6754689812660217,
    0.6769394874572754,
    0.6786302328109741,
    0.6795637607574463,
    0.6812416911125183,
    0.6824594736099243,
    0.6846508383750916,
    0.691380500793457,
    0.6966614127159119,
    0.6968098282814026,
    0.6956584453582764,
    0.6925241351127625,
    0.6851873993873596,
    0.677011251449585,
    0.6750706434249878,
    0.6756116151809692,
    0.6789883971214294,
    0.6846082210540771,
    0.6889758110046387,
    0.6872335076332092,
    0.6840643286705017,
    0.6830563545227051,
    0.6820644736289978,
    0.6819285154342651,
    0.6824310421943665,
    0.6823812127113342,
    0.6833321452140808,
    0.6863275170326233,
    0.6890227198600769,
    0.6888498067855835
  ]
}