{
  "train": [
    0.731573463073505,
    0.7067128880857834,
    0.6490409529855099,
    0.6325756232139512,
    0.6116842375013042,
    0.6155865444925618,
    0.5948310473869587,
    0.5785678084847963,
    0.587620253046158,
    0.582862099403231,
    0.6100819734810609,
    0.5795562135174944,
    0.5639977810418078,
    0.5691312997799202,
    0.541516987854624,
    0.5549155831924213,
    0.5713055627099399,
    0.5529660312412995,
    0.5629507197535096,
    0.5588421601380034,
    0.5390315061719547,
    0.5662053667853031,
    0.5445905870991975,
    0.5558528935380758,
    0.5456350988942414,
    0.5408240274842737,
    0.5395372906341929,
    0.5473301520782151,
    0.5256868850421436,
    0.5609502404781398,
    0.5475956195680965,
    0.534205239541425,
    0.5417386274326024,
    0.5319239702718012,
    0.5518969558729914,
    0.5227640344591563,
    0.5192419334585443,
    0.5127705820088316,
    0.5285612661850276,
    0.5161749685339152,
    0.5007559830332037,
    0.5204069068279172,
    0.5203325481250368,
    0.5403472690159464,
    0.4999374499168302,
    0.5222162113988341,
    0.5174051800678516,
    0.5222021516027122,
    0.5223016368931738,
    0.5108421403786232,
    0.5064644718111442,
    0.5002016225471873,
    0.4899712300359322,
    0.5153352033915778,
    0.5164817189935393,
    0.5330983635240001,
    0.48844577555585966,
    0.5086276035003474,
    0.4909618303106336,
    0.5163926458711108,
    0.5107006548073492,
    0.5284093583158671,
    0.5144808541965015,
    0.5023163288391282,
    0.49991224493299213,
    0.4964412436109458,
    0.48450430801936556,
    0.4959446219681519,
    0.4769203395679079
  ],
  "val": [
    0.7094420790672302,
    0.7050206661224365,
    0.7009580135345459,
    0.6958407163619995,
    0.6912680864334106,
    0.6897429823875427,
    0.6916418671607971,
    0.6953439712524414,
    0.6961557269096375,
    0.6958550810813904,
    0.6925930976867676,
    0.6935755014419556,
    0.6880488395690918,
    0.6914952397346497,
    0.689837634563446,
    0.690602719783783,
    0.6919378042221069,
    0.6907736659049988,
    0.6905571818351746,
    0.6929479837417603,
    0.6922955513000488,
    0.6909475922584534,
    0.6927356719970703,
    0.6922532916069031,
    0.6938331723213196,
    0.6948710680007935,
    0.6939405798912048,
    0.6934219002723694,
    0.6953494548797607,
    0.6957594156265259,
    0.7042639851570129,
    0.7035757899284363,
    0.6991096138954163,
    0.6997684240341187,
    0.6980092525482178,
    0.694972574710846,
    0.6877347826957703,
    0.6858456134796143,
    0.6857907176017761,
    0.6875410079956055,
    0.6910434365272522,
    0.6936388611793518,
    0.6958771347999573,
    0.6945711374282837,
    0.6934056878089905,
    0.6981447339057922,
    0.6960856914520264,
    0.6949498653411865,
    0.6975250244140625,
    0.6981428265571594,
    0.6939473152160645,
    0.6960734724998474,
    0.698816180229187,
    0.7007262110710144,
    0.7026113271713257,
    0.70347660779953,
    0.7041637301445007,
    0.7037721276283264,
    0.7084536552429199,
    0.7064833641052246,
    0.7107385993003845,
    0.714859664440155,
    0.718218207359314,
    0.7233268618583679,
    0.7290080785751343,
    0.734931468963623,
    0.7315885424613953,
    0.7265750169754028,
    0.7225856184959412
  ]
}