{
  "train": [
    0.7609451765497329,
    0.7096643166001795,
    0.6694515001010425,
    0.63389492064274,
    0.6221104763411536,
    0.6099659882742783,
    0.6089489962079843,
    0.5819876792982881,
    0.5948962240383543,
    0.5837832561561039,
    0.582919175401697,
    0.5905918851861813,
    0.5983213597330553,
    0.5669768888668474,
    0.5635755916534386,
    0.5542716821426241,
    0.5549565679921306,
    0.5748402535034518,
    0.5772376550829469,
    0.558166445476081,
    0.5680093345383705,
    0.5663655432574267,
    0.5502948493793093,
    0.5479341397438143,
    0.5247722635128228,
    0.5604187596607678,
    0.5239093532703193,
    0.5616527372980352,
    0.5468701549938747,
    0.5495701993040263,
    0.5298351298999316,
    0.5413119226253679,
    0.5245732186463079,
    0.5464537228856768,
    0.5246703812641463,
    0.5353684561886811,
    0.5175833945791123,
    0.5232014612024054,
    0.5316379211219073,
    0.5122638371190414,
    0.5324428941815945,
    0.5160390485096448,
    0.5211408279212237,
    0.5451113047270939,
    0.5241012711243089,
    0.5091410919363275,
    0.5188486601037933,
    0.5278772152409765,
    0.5186871989019985,
    0.5449292586354787,
    0.5020326229151834,
    0.5193959894438682,
    0.5174923518608356,
    0.522330792666656,
    0.5307257680470133,
    0.5277123113571129,
    0.50287954443194,
    0.4975054023301073,
    0.5164810474870241,
    0.5153845533948814,
    0.5091179353850228,
    0.5182003606422781,
    0.5140976089562102,
    0.5017132779647564
  ],
  "val": [
    0.7204301357269287,
    0.7127583622932434,
    0.7059354782104492,
    0.7018390893936157,
    0.6979708671569824,
    0.6953867673873901,
    0.6958674788475037,
    0.6974031925201416,
    0.7037290930747986,
    0.7075436115264893,
    0.7097651362419128,
    0.7120027542114258,
    0.7103655338287354,
    0.7072522640228271,
    0.7056253552436829,
    0.706607460975647,
    0.7039919495582581,
    0.7002671360969543,
    0.7006394267082214,
    0.7007418870925903,
    0.6990126967430115,
    0.7002274990081787,
    0.7007678151130676,
    0.7031927108764648,
    0.7032652497291565,
    0.7009475231170654,
    0.6966744661331177,
    0.6958966255187988,
    0.6937516927719116,
    0.6948830485343933,
    0.6945291757583618,
    0.6908980011940002,
    0.6912328600883484,
    0.6906141638755798,
    0.6927549839019775,
    0.6935814023017883,
    0.6940668821334839,
    0.6935346126556396,
    0.6963219046592712,
    0.6977005004882812,
    0.6989858746528625,
    0.6987606287002563,
    0.6971176266670227,
    0.6964038610458374,
    0.6925103068351746,
    0.6943584680557251,
    0.6966137886047363,
    0.7021435499191284,
    0.7021411657333374,
    0.7047696113586426,
    0.7117600440979004,
    0.7158355116844177,
    0.713894248008728,
    0.7120946049690247,
    0.708789050579071,
    0.7059509754180908,
    0.7056137919425964,
    0.7032269835472107,
    0.7039144039154053,
    0.7036396265029907,
    0.7063925862312317,
    0.7062073349952698,
    0.706585705280304,
    0.7035760283470154
  ]
}