{
  "train": [
    0.8056044099953374,
    0.7296442574468153,
    0.7030849691682262,
    0.6792734887799606,
    0.6767857641422103,
    0.6590679681359841,
    0.6575353826795306,
    0.6481608319752322,
    0.6224113946477768,
    0.6260917681484974,
    0.6321409224289392,
    0.6227213696305975,
    0.6160919601694116,
    0.5944512982673833,
    0.6162805163801597,
    0.6125936302645453,
    0.5985302884003212,
    0.5997855127444995,
    0.6074286928317817,
    0.5955481802301453,
    0.5994827952878229,
    0.5846300790168969,
    0.572373780123706,
    0.5677130283980534,
    0.5846156665844283,
    0.5831424881672037,
    0.5785685818770836,
    0.5686810251527232,
    0.5647798794243724,
    0.5612114001377463,
    0.5611131928237201,
    0.5686144209260424,
    0.5792067086168111,
    0.571068405958232,
    0.5612852937482261,
    0.5579530705372101,
    0.5484518173880177,
    0.5510889394529934,
    0.5513215280812362,
    0.5485753143949462,
    0.5444271971145874,
    0.5415100698987839,
    0.5253378276167244,
    0.5332451627172273,
    0.5407874314068574,
    0.5406209098294451
  ],
  "val": [
    0.7481869459152222,
    0.7206957936286926,
    0.7150144577026367,
    0.7127628922462463,
    0.7080062031745911,
    0.7020133137702942,
    0.6939905285835266,
    0.6883673071861267,
    0.6846431493759155,
    0.6823182702064514,
    0.6818743348121643,
    0.6813266277313232,
    0.6808512210845947,
    0.6806347370147705,
    0.6802602410316467,
    0.6801723837852478,
    0.6824666857719421,
    0.6839314103126526,
    0.6847649812698364,
    0.6865934133529663,
    0.6888704299926758,
    0.6902068257331848,
    0.6920793056488037,
    0.6920437812805176,
    0.690328061580658,
    0.6881916522979736,
    0.6890568733215332,
    0.6915440559387207,
    0.693676769733429,
    0.6952546238899231,
    0.6965134739875793,
    0.6948378086090088,
    0.6909851431846619,
    0.686292827129364,
    0.6842101216316223,
    0.6859518885612488,
    0.6885690689086914,
    0.6891248226165771,
    0.6889452934265137,
    0.6899749636650085,
    0.690211832523346,
    0.6917829513549805,
    0.6942288875579834,
    0.6979446411132812,
    0.7009339928627014,
    0.7001107931137085
  ]
}