{
  "train": [
    0.7844461214366217,
    0.7177773573128461,
    0.7036234125715172,
    0.68440916297471,
    0.6782043035981691,
    0.6600259645231839,
    0.6507301917804286,
    0.6455364556148134,
    0.6529919732674002,
    0.6315693990350357,
    0.6326566103643971,
    0.6184699203580472,
    0.6230704434986772,
    0.6287189777848756,
    0.6161967474838783,
    0.6121172332411329,
    0.6110547581329722,
    0.6058269918258554,
    0.5963035081994945,
    0.605408972707288,
    0.6175637444839102,
    0.5914881502466248,
    0.5956805213331589,
    0.5913049448006259,
    0.5985295047313709,
    0.5904515012731693,
    0.6006156041704375,
    0.591504331880015,
    0.5843681023625905,
    0.5743561796660493,
    0.575945947704644,
    0.5649837778119619,
    0.5699565310783574,
    0.5727636514626113,
    0.5680884560340731,
    0.5494397485197471,
    0.5648198990986265,
    0.5672619370697755
  ],
  "val": [
    0.7272488474845886,
    0.7162594795227051,
    0.7171215415000916,
    0.7097910046577454,
    0.70122891664505,
    0.693904459476471,
    0.6901060938835144,
    0.6900812983512878,
    0.6903364062309265,
    0.691004753112793,
    0.6918936371803284,
    0.6908047199249268,
    0.690464973449707,
    0.690679132938385,
    0.6905272603034973,
    0.6902793645858765,
    0.6927417516708374,
    0.6922532916069031,
    0.6901796460151672,
    0.6915424466133118,
    0.6921643614768982,
    0.6938627362251282,
    0.6938644051551819,
    0.6952546834945679,
    0.6966864466667175,
    0.6989305019378662,
    0.7003288865089417,
    0.7003843784332275,
    0.699105978012085,
    0.6978099346160889,
    0.6966053247451782,
    0.6966387033462524,
    0.6980437636375427,
    0.696871817111969,
    0.6959674954414368,
    0.6940246224403381,
    0.6936527490615845,
    0.7013330459594727
  ]
}