{
  "train": [
    0.6854467386095394,
    0.6570041297104559,
    0.6691865445357825,
    0.6251987594689055,
    0.6508998189653669,
    0.6169230156931383,
    0.6345013268475462,
    0.6335215677181488,
    0.625583168908293,
    0.6064311389265389,
    0.6042780899649183,
    0.6194042206691404,
    0.6042899691999839,
    0.5956551887718915,
    0.5896784974436454,
    0.6023539753970254,
    0.600033515192605,
    0.5907226102105503,
    0.5890559181203983,
    0.5957062250287662,
    0.617343978928815,
    0.5827295190007816,
    0.6005436005850731,
    0.5953915580152878,
    0.5836564675340512,
    0.576143561619256,
    0.5794805147377728,
    0.5558163567716852,
    0.586715529998535,
    0.5741447847464989,
    0.5752409335427684,
    0.583823440110155,
    0.5668534897818354,
    0.5560605385033368,
    0.5668402447782713,
    0.5708401998862844,
    0.5734064303008206
  ],
  "val": [
    0.6785974502563477,
    0.6775760650634766,
    0.6829643845558167,
    0.6814529299736023,
    0.6721386909484863,
    0.6646407246589661,
    0.6630004048347473,
    0.6650851368904114,
    0.6671059727668762,
    0.6671344041824341,
    0.6681314706802368,
    0.6723116040229797,
    0.677006721496582,
    0.6833634972572327,
    0.6864749193191528,
    0.687952995300293,
    0.6873070001602173,
    0.6887332201004028,
    0.6912437081336975,
    0.6938592195510864,
    0.6938316226005554,
    0.689129650592804,
    0.6852695941925049,
    0.6818986535072327,
    0.6793316602706909,
    0.678331196308136,
    0.6783749461174011,
    0.6785385012626648,
    0.6778518557548523,
    0.6777104139328003,
    0.677155613899231,
    0.6776747703552246,
    0.6787340044975281,
    0.6788086295127869,
    0.6806953549385071,
    0.6814401745796204,
    0.682707667350769
  ]
}