{
  "train": [
    0.6930305347066795,
    0.6513590430978484,
    0.6126825771308297,
    0.6065333973010772,
    0.5921067839185593,
    0.5595769615008913,
    0.5813055829755192,
    0.5625931805577772,
    0.5622686861183843,
    0.5435605413220786,
    0.5370475905282157,
    0.5390545579012979,
    0.5421663211484261,
    0.5248782878438828,
    0.5286054931250699,
    0.5251138154509032,
    0.5293596257717151,
    0.534697364997394,
    0.5158870751634607,
    0.50941346607772,
    0.5194717399005232,
    0.5055261800441836,
    0.5163133537828042,
    0.5310676641064912,
    0.5179528566123229,
    0.5090004860473971,
    0.49466408414793717,
    0.5012197942275719,
    0.5099945097721269,
    0.4996790671583467,
    0.5023665685078194,
    0.4958527792850739,
    0.49176038074963196,
    0.5026754795624118
  ],
  "val": [
    0.6841588020324707,
    0.682172417640686,
    0.669243335723877,
    0.6673654317855835,
    0.6685691475868225,
    0.6738810539245605,
    0.6781731247901917,
    0.682958722114563,
    0.6883783340454102,
    0.6911652088165283,
    0.693673849105835,
    0.6949824094772339,
    0.69537752866745,
    0.6963903307914734,
    0.6962252855300903,
    0.6946204900741577,
    0.6954097747802734,
    0.6994211077690125,
    0.6972799897193909,
    0.6903836131095886,
    0.6885279417037964,
    0.688188374042511,
    0.6863518357276917,
    0.6891072392463684,
    0.6939937472343445,
    0.6971489191055298,
    0.6963099241256714,
    0.6927580833435059,
    0.689449667930603,
    0.681654155254364,
    0.6790581941604614,
    0.6818979978561401,
    0.6854841113090515,
    0.6923033595085144
  ]
}