{
  "train": [
    0.656966629286705,
    0.6430433512908484,
    0.5795955784215129,
    0.5813147832313782,
    0.5822485506240958,
    0.5912874288159639,
    0.5525322063215847,
    0.5737963770997936,
    0.5673806831754488,
    0.5378191556249347,
    0.555574889253513,
    0.5214463719006243,
    0.5417121008699164,
    0.5461753885734257,
    0.534117277326255,
    0.5280691649526211,
    0.5308357386166239,
    0.5398890622730913,
    0.530896385755445,
    0.5063638510962425,
    0.5255671542853557,
    0.5281251704164327,
    0.5205663207716542,
    0.5194232174622014,
    0.522213861566459,
    0.5228670351023744,
    0.5158211400943437,
    0.5182682522412004,
    0.521659616179067,
    0.5188486220801405,
    0.506541493490999,
    0.5042012885873541,
    0.5188556260663301,
    0.5243605219671879,
    0.5099201814588068,
    0.5096091328583328,
    0.5172166871319851,
    0.49453970041181067,
    0.49426603992584306,
    0.5140236225621454,
    0.4921343256100058
  ],
  "val": [
    0.6870837807655334,
    0.6829673647880554,
    0.6801405549049377,
    0.6772172451019287,
    0.6746676564216614,
    0.6734924912452698,
    0.6738245487213135,
    0.6736814379692078,
    0.6736571192741394,
    0.6739185452461243,
    0.6728990077972412,
    0.676440954208374,
    0.6789231896400452,
    0.6814190149307251,
    0.6838384866714478,
    0.6839718222618103,
    0.6844320297241211,
    0.6801941990852356,
    0.679827868938446,
    0.678528368473053,
    0.6787207722663879,
    0.6775993704795837,
    0.6773279905319214,
    0.6804537773132324,
    0.6791124939918518,
    0.6804933547973633,
    0.6819213032722473,
    0.6863355040550232,
    0.6857404112815857,
    0.6863474249839783,
    0.6913279891014099,
    0.6949801445007324,
    0.6999073624610901,
    0.6970499753952026,
    0.6969782710075378,
    0.695040762424469,
    0.6943246126174927,
    0.6923688650131226,
    0.6905738711357117,
    0.6890735626220703,
    0.6872618198394775
  ]
}