{
  "train": [
    0.6732338719767302,
    0.6414082258792934,
    0.6282484732531561,
    0.5828596488595597,
    0.5890954935491965,
    0.5684620435601972,
    0.5358783687864032,
    0.5594789120070452,
    0.5381754639700715,
    0.540773864156507,
    0.5352365562481246,
    0.5361608008445777,
    0.5482078084511123,
    0.5387822430709313,
    0.5265057756395762,
    0.5105432066424139,
    0.5147787385386199,
    0.5245214498101785,
    0.5087496224295329,
    0.5267481980065407,
    0.5199560568544078,
    0.5099615815825063,
    0.5042953066931569,
    0.5009500952483398,
    0.5025417368693892,
    0.49040674414540747,
    0.49911764719216106,
    0.518495788127918,
    0.5052473826948645,
    0.5042671846051522,
    0.5128123795457662,
    0.4725648589028513,
    0.4788493696104717,
    0.4963755827819185,
    0.4750468971694044,
    0.5018251180061566,
    0.48640514961604414,
    0.48163018085686443
  ],
  "val": [
    0.6993004083633423,
    0.691493809223175,
    0.6844848990440369,
    0.6759618520736694,
    0.6659172177314758,
    0.6594594717025757,
    0.654936671257019,
    0.6527544260025024,
    0.654432475566864,
    0.6589584350585938,
    0.6635900139808655,
    0.6687626838684082,
    0.6724435091018677,
    0.6736482381820679,
    0.6747040748596191,
    0.6746415495872498,
    0.6753658056259155,
    0.6736783385276794,
    0.672490119934082,
    0.6726667881011963,
    0.6725820899009705,
    0.6724328994750977,
    0.6741872429847717,
    0.677733302116394,
    0.6791867017745972,
    0.6811201572418213,
    0.6824846863746643,
    0.6819793581962585,
    0.6796783804893494,
    0.6802532076835632,
    0.6809130907058716,
    0.6753777265548706,
    0.6734022498130798,
    0.6766687631607056,
    0.6841040849685669,
    0.6842080950737,
    0.6879569888114929,
    0.6896368265151978
  ]
}