{
  "train": [
    0.7300664209967176,
    0.6876735199848419,
    0.684728181127257,
    0.6816583498945377,
    0.6671345057745872,
    0.6488753486736655,
    0.6565392557623351,
    0.6755928074197816,
    0.6404176856496652,
    0.6427468625195508,
    0.6224274096524187,
    0.6319475720081423,
    0.6250755833874783,
    0.6259057101944985,
    0.6220218222129521,
    0.6187876932726705,
    0.6194312184902248,
    0.6315704090841885,
    0.6235424562040808,
    0.619352317208727,
    0.6113444772259943,
    0.6225460980619703,
    0.6072216615301048,
    0.6316654792266526,
    0.6114030398171524,
    0.5934341213679666,
    0.6020925050885807,
    0.6175728513689464,
    0.6180901920854165,
    0.5792908380771505,
    0.5939545704813426,
    0.6016977191558612,
    0.6198232377984841,
    0.5989547022457781,
    0.6201449758900798,
    0.5823099325443136,
    0.5779702465228846,
    0.5982572842994934,
    0.5785742707440419,
    0.5832418934465042,
    0.5797737701773056,
    0.5837098562658714,
    0.6106017604837277,
    0.5819712400142782,
    0.5909675597557293,
    0.5606313964416241,
    0.5881967720727028,
    0.5816479877298102,
    0.571414916092539,
    0.568482985931077,
    0.5596418593611036,
    0.5614607522053084
  ],
  "val": [
    0.6709181070327759,
    0.6689766049385071,
    0.6721624135971069,
    0.6756072044372559,
    0.6779183745384216,
    0.6825123429298401,
    0.6863142251968384,
    0.6875330209732056,
    0.6878402233123779,
    0.6811439394950867,
    0.6735453009605408,
    0.6724519729614258,
    0.67338627576828,
    0.6736786961555481,
    0.6739932298660278,
    0.6739965677261353,
    0.6735418438911438,
    0.672155499458313,
    0.6678517460823059,
    0.6653882265090942,
    0.6638256907463074,
    0.6637250781059265,
    0.6660523414611816,
    0.6691519021987915,
    0.6733332872390747,
    0.6785747408866882,
    0.6849706768989563,
    0.6864749193191528,
    0.6797255873680115,
    0.676247239112854,
    0.6744241118431091,
    0.6713278889656067,
    0.6693456768989563,
    0.6678034067153931,
    0.6677082777023315,
    0.6681605577468872,
    0.671269416809082,
    0.6730300784111023,
    0.6749946475028992,
    0.6768257021903992,
    0.6775843501091003,
    0.6783658862113953,
    0.6762154698371887,
    0.676543653011322,
    0.6782582998275757,
    0.6782031655311584,
    0.6782870888710022,
    0.6812130808830261,
    0.6823456287384033,
    0.6841930747032166,
    0.687326192855835,
    0.6885538101196289
  ]
}