{
  "train": [
    0.6754164269992283,
    0.6594767338536643,
    0.6441477672219864,
    0.6513633575345495,
    0.6372187765948291,
    0.6143523045067717,
    0.614905054346094,
    0.6092425928327251,
    0.5975159484471007,
    0.6021763346171731,
    0.5904351437620341,
    0.5834525582825609,
    0.5897764545943349,
    0.5789673360697741,
    0.5658465315555704,
    0.5606195183810342,
    0.5806754862733663,
    0.5705852523225868,
    0.5508366721897877,
    0.5494191273679874,
    0.5465677313029472,
    0.5517260573180438,
    0.5562285068880748,
    0.549322359667623,
    0.5517843697458652,
    0.5510595725674935,
    0.546379034742346,
    0.5534730518392741,
    0.5483639227052041,
    0.5461687956537519,
    0.5368857863794994,
    0.5242561234041975,
    0.5229370549981818
  ],
  "val": [
    0.6804012060165405,
    0.6790246367454529,
    0.6786088943481445,
    0.6798211336135864,
    0.680199146270752,
    0.681038498878479,
    0.6820017099380493,
    0.6813188791275024,
    0.6800797581672668,
    0.6807841062545776,
    0.6824957728385925,
    0.6859943866729736,
    0.6855505108833313,
    0.6826178431510925,
    0.6856304407119751,
    0.6903613805770874,
    0.6908963918685913,
    0.6901652216911316,
    0.6913468241691589,
    0.6922979354858398,
    0.694367527961731,
    0.6957180500030518,
    0.6971675157546997,
    0.7023430466651917,
    0.7029322981834412,
    0.6962243914604187,
    0.6900348663330078,
    0.6841842532157898,
    0.6813797950744629,
    0.6804109811782837,
    0.6806100606918335,
    0.683611273765564,
    0.6881002187728882
  ]
}