{
  "train": [
    0.833365173469036,
    0.7968551804279459,
    0.7265021110990365,
    0.7187200417659553,
    0.6984307528129352,
    0.6722418055158531,
    0.651501778898568,
    0.631851544814744,
    0.6379236291194784,
    0.6239342648407509,
    0.6368349558614158,
    0.5842986746961847,
    0.5949766685809995,
    0.5987505956823602,
    0.5845227435304614,
    0.5769117515662621,
    0.5944902206876596,
    0.5792974351074895,
    0.5615959284928045,
    0.578700679863615,
    0.555695682323625,
    0.5684689660671309,
    0.5696492155490838,
    0.5421188720341387,
    0.5726983529593557,
    0.5697419766722054,
    0.5593570670470815,
    0.5530518604616813,
    0.5666503853398591,
    0.5642732493395876,
    0.5679240655429257,
    0.5421305797957434,
    0.5311449287560186,
    0.5201496382065007,
    0.5356525182723999,
    0.5444294775060832,
    0.543232937604923,
    0.539202820491321,
    0.5445399372448475,
    0.5396729102862879,
    0.5312676570685626,
    0.5482425393142136,
    0.5465024254592181,
    0.5231883478869358,
    0.5202103312966859,
    0.5098271648872075,
    0.5506540757094698,
    0.5208708464805716,
    0.5276213076901554,
    0.5115119210017726,
    0.5292086152020347,
    0.5200086647066576,
    0.5299683677151873,
    0.523895648606305,
    0.5086494944072122,
    0.5246200000711263,
    0.5329934264638742,
    0.5101488793424784,
    0.5202177058299774,
    0.5013334780491044,
    0.529957140314168,
    0.5207701428183193,
    0.5328562617889179,
    0.49821721186191575,
    0.49291664552806047,
    0.5250734918810464,
    0.4916236723585082,
    0.49251040742902336,
    0.5338527369381759,
    0.5234157437174191,
    0.5196300812542732,
    0.4963479592588735,
    0.5215722689487664,
    0.5132620314071918,
    0.48656674441445635,
    0.5078467421343761,
    0.499363368074295,
    0.5214615851787511,
    0.49519358068851416,
    0.49463450233337325,
    0.5019318197161106,
    0.4880658671480094,
    0.5140952334321779,
    0.5016288628131885,
    0.5253557233974852,
    0.4954817206988781,
    0.506769921538865,
    0.5011103206080169,
    0.497442108803782
  ],
  "val": [
    0.6846281290054321,
    0.6858621835708618,
    0.687311589717865,
    0.6895548701286316,
    0.6901237368583679,
    0.6875085830688477,
    0.6845782399177551,
    0.6854858994483948,
    0.6855356097221375,
    0.6872633099555969,
    0.6896642446517944,
    0.6906501650810242,
    0.6923014521598816,
    0.6916154026985168,
    0.6882272362709045,
    0.6845985054969788,
    0.68553227186203,
    0.6828691959381104,
    0.6831529140472412,
    0.6824552416801453,
    0.6855801343917847,
    0.6844533681869507,
    0.6834561228752136,
    0.6820084452629089,
    0.6824859976768494,
    0.6801859140396118,
    0.6803476810455322,
    0.6818732619285583,
    0.6811539530754089,
    0.6816332340240479,
    0.6838710308074951,
    0.683272659778595,
    0.6856372356414795,
    0.68416827917099,
    0.6845748424530029,
    0.6820544004440308,
    0.681212306022644,
    0.679131031036377,
    0.6811339855194092,
    0.6856713891029358,
    0.6878224611282349,
    0.6851623058319092,
    0.6846290230751038,
    0.6850377321243286,
    0.6828417778015137,
    0.6801379919052124,
    0.6802144050598145,
    0.6841762065887451,
    0.6844109892845154,
    0.6837472915649414,
    0.6844629049301147,
    0.6849107146263123,
    0.6822630167007446,
    0.6848992705345154,
    0.6854454874992371,
    0.6829158067703247,
    0.6818403601646423,
    0.6785649061203003,
    0.6765139102935791,
    0.6766102910041809,
    0.6790258288383484,
    0.6798030734062195,
    0.6793642044067383,
    0.6833783984184265,
    0.6841054558753967,
    0.6870315670967102,
    0.6893047094345093,
    0.6921483874320984,
    0.6920813918113708,
    0.6941381692886353,
    0.695788562297821,
    0.6976218819618225,
    0.6950168609619141,
    0.6913759112358093,
    0.6886355876922607,
    0.6890804171562195,
    0.6895319819450378,
    0.6880886554718018,
    0.6865266561508179,
    0.6873348951339722,
    0.689999520778656,
    0.6932000517845154,
    0.6955575346946716,
    0.6986440420150757,
    0.6942499876022339,
    0.6906366348266602,
    0.688789427280426,
    0.6880113482475281,
    0.6879599690437317
  ]
}