{
  "train": [
    0.6681968951460175,
    0.6439898489731286,
    0.6224260753011469,
    0.6220278681205411,
    0.6298084699461612,
    0.5997196588610193,
    0.6008549467683426,
    0.6091889536439492,
    0.5930589475655204,
    0.5982285646969462,
    0.5880499065215952,
    0.5928161505407887,
    0.5888161415537002,
    0.5979345517205488,
    0.5894235742503199,
    0.5878273151778235,
    0.5783806795557144,
    0.5831068146404962,
    0.5827156070417958,
    0.5909735592715258,
    0.5676762112255754,
    0.5651481277836955,
    0.5593176374000869,
    0.5728434999588088,
    0.5606518123537448,
    0.5836517492244984,
    0.5669093604745536,
    0.561762941588322,
    0.543917798643629,
    0.5567564747016418,
    0.5773589622798224,
    0.5449883362342571,
    0.5585696311126201,
    0.5649619751375884,
    0.5526194146701268,
    0.5632078809103942,
    0.5396538124295879,
    0.5447135315152812,
    0.5588647191747657,
    0.5400476957776864,
    0.52762911061348,
    0.5488273210713429,
    0.5393849320599599,
    0.5452675352542858,
    0.5382472863925502,
    0.5367301937394542,
    0.5411957117724301
  ],
  "val": [
    0.6793562173843384,
    0.6758512258529663,
    0.6745683550834656,
    0.6759819388389587,
    0.6777387857437134,
    0.6794103980064392,
    0.6798095703125,
    0.681713879108429,
    0.6838703155517578,
    0.6850523352622986,
    0.6837444305419922,
    0.6814672350883484,
    0.6791420578956604,
    0.676501989364624,
    0.6728537678718567,
    0.6706836223602295,
    0.6692702174186707,
    0.6696090698242188,
    0.671329140663147,
    0.6729594469070435,
    0.6738818883895874,
    0.6750744581222534,
    0.6780640482902527,
    0.6802566051483154,
    0.6827924251556396,
    0.6808842420578003,
    0.6783594489097595,
    0.6768594980239868,
    0.6764847636222839,
    0.6747857928276062,
    0.6741108894348145,
    0.6766586303710938,
    0.6776994466781616,
    0.6777449250221252,
    0.6744664907455444,
    0.6735243201255798,
    0.6741157174110413,
    0.6725766062736511,
    0.6726592183113098,
    0.6730066537857056,
    0.6714912056922913,
    0.6699145436286926,
    0.6714464426040649,
    0.6736992001533508,
    0.6756947636604309,
    0.676169216632843,
    0.6800411939620972
  ]
}