{
  "train": [
    0.6983352887806634,
    0.682230093209027,
    0.6612260109685325,
    0.6542043037015229,
    0.6166584309685994,
    0.6297613220849061,
    0.6225185444202329,
    0.6208051563483741,
    0.609643500133101,
    0.6160633373143051,
    0.578529383748623,
    0.6029377250835813,
    0.5975526459698607,
    0.5779285187204483,
    0.5975587279925793,
    0.5886059790996495,
    0.5640392180146843,
    0.5753322137987672,
    0.5623479397426098,
    0.5875486523059789,
    0.5679004720866386,
    0.5711721899767814,
    0.5633274331468666,
    0.5668416246404788,
    0.5694307388343247,
    0.583030592338205,
    0.5692226816280722,
    0.5658995236082031,
    0.5657699950810137,
    0.5577959250934018,
    0.5650550957971019,
    0.5612243386031371,
    0.5622315427352642
  ],
  "val": [
    0.6575003266334534,
    0.6494991779327393,
    0.6469480395317078,
    0.6493898630142212,
    0.6511988043785095,
    0.654749870300293,
    0.6590802073478699,
    0.6643838882446289,
    0.6695200800895691,
    0.6724920868873596,
    0.6759135723114014,
    0.6822167038917542,
    0.6843702793121338,
    0.685783863067627,
    0.6841447353363037,
    0.6855742931365967,
    0.6846717000007629,
    0.683838427066803,
    0.6837198734283447,
    0.6849033832550049,
    0.6849022507667542,
    0.6881804466247559,
    0.6907467842102051,
    0.6955490708351135,
    0.6984475255012512,
    0.7013769745826721,
    0.7008901238441467,
    0.7017754316329956,
    0.7023481726646423,
    0.6982110142707825,
    0.6972441673278809,
    0.6967144012451172,
    0.6965544819831848
  ]
}