{
  "train": [
    0.6705292654154923,
    0.6108533560936087,
    0.5734304492109514,
    0.5874554826121025,
    0.5657926084372797,
    0.5520338768442276,
    0.555886563996376,
    0.5493592661002586,
    0.540834659719702,
    0.542113643268059,
    0.5361157749674003,
    0.5350226768719152,
    0.5461536713421639,
    0.5168213729787929,
    0.5130138952156593,
    0.5441821129451244,
    0.5041911041208089,
    0.5218903573569406,
    0.5139030395763848,
    0.504076215433957,
    0.513436452214941,
    0.489390960761479,
    0.48856376368423987,
    0.501108067376273,
    0.49710135580283665,
    0.491178501268913,
    0.477866072079231,
    0.4732776369367327,
    0.4860468304215981,
    0.488160700927227,
    0.4700923074642426,
    0.47754779575493533
  ],
  "val": [
    0.6666781902313232,
    0.6636590957641602,
    0.671873927116394,
    0.6791006922721863,
    0.6853758096694946,
    0.6886441111564636,
    0.6905853152275085,
    0.686845064163208,
    0.6804863810539246,
    0.6764988899230957,
    0.6771776080131531,
    0.6824747323989868,
    0.6802358627319336,
    0.679443359375,
    0.6813487410545349,
    0.6806409358978271,
    0.6779096722602844,
    0.6746141314506531,
    0.6750364899635315,
    0.6753585934638977,
    0.6783692836761475,
    0.6837443709373474,
    0.6899232268333435,
    0.689348042011261,
    0.6986863017082214,
    0.7013981342315674,
    0.7004237174987793,
    0.7012743949890137,
    0.7011941075325012,
    0.6954613924026489,
    0.7000121474266052,
    0.7042903304100037
  ]
}