{
  "train": [
    0.8621304173187669,
    0.7800897512529871,
    0.7564636636250125,
    0.7049784569317484,
    0.6980605733218451,
    0.6959674690157321,
    0.685388314312902,
    0.6859446138583968,
    0.6762374392871199,
    0.6633237873392152,
    0.6334598155444479,
    0.6509781180344192,
    0.6204394762739173,
    0.6148135629780774,
    0.6309622978341991,
    0.6292349938394988,
    0.6227697116400808,
    0.6213953111852918,
    0.63362768864984,
    0.6083106407391027,
    0.5974503285779155,
    0.6058517565280933,
    0.6103244209524445,
    0.5937340092189206,
    0.594225940445961,
    0.6078312499769802,
    0.5734444825813688,
    0.572305503737163,
    0.6127180709627461,
    0.578758579756826,
    0.58175921029058,
    0.5682382539575324,
    0.5915473132885148,
    0.5722280435374217,
    0.567293280891597,
    0.5888608830609345,
    0.580023538156096,
    0.5948913443851941,
    0.560634741642205,
    0.5890374518380377,
    0.5701600709572214,
    0.5719746691840035
  ],
  "val": [
    0.7610732913017273,
    0.7057358622550964,
    0.6801868081092834,
    0.6729592680931091,
    0.673279345035553,
    0.6724183559417725,
    0.6700040102005005,
    0.6659347414970398,
    0.6626737713813782,
    0.6617124080657959,
    0.661277174949646,
    0.6609140038490295,
    0.6610341668128967,
    0.662775993347168,
    0.6638381481170654,
    0.6647262573242188,
    0.665981113910675,
    0.6658258438110352,
    0.6664875149726868,
    0.6686638593673706,
    0.6711258888244629,
    0.6728919148445129,
    0.6727933883666992,
    0.6757333874702454,
    0.6804413795471191,
    0.6809982657432556,
    0.6821352243423462,
    0.6816900968551636,
    0.6818652153015137,
    0.6820198893547058,
    0.6834659576416016,
    0.6853002905845642,
    0.6864615678787231,
    0.6853216290473938,
    0.6845573782920837,
    0.6818815469741821,
    0.6738710403442383,
    0.6673553586006165,
    0.6653146147727966,
    0.668020486831665,
    0.6728340983390808,
    0.6733204126358032
  ]
}