{
  "train": [
    0.7187703193114896,
    0.6743263616937721,
    0.6906296666619813,
    0.6691568012308018,
    0.6477986524257754,
    0.6610991593652171,
    0.6390095323764632,
    0.6271601028630299,
    0.6179294615543535,
    0.6030980013861444,
    0.6159227434637511,
    0.6172835462786294,
    0.6129154366225444,
    0.6013403667017744,
    0.6151874887532202,
    0.6297269572178131,
    0.6078202284028378,
    0.5959304811919264,
    0.6167701588475646,
    0.5986135057334242,
    0.6054678647388966,
    0.5930168843034453,
    0.5994985244544269,
    0.5813428352912658,
    0.5782732910710603,
    0.5817138501282396,
    0.5957902418862423,
    0.5945194959640503,
    0.5718328136528654,
    0.580195173547773,
    0.5767817071505955,
    0.5749731739166335,
    0.5702228610738745,
    0.5652441015384467,
    0.5809402360117494
  ],
  "val": [
    0.6900510191917419,
    0.6845917701721191,
    0.6841870546340942,
    0.6844029426574707,
    0.6837887763977051,
    0.6885036826133728,
    0.6921658515930176,
    0.6975040435791016,
    0.6981001496315002,
    0.7012252807617188,
    0.703126072883606,
    0.6975180506706238,
    0.6941173076629639,
    0.6934205889701843,
    0.693981945514679,
    0.6932497620582581,
    0.6955482363700867,
    0.7008619904518127,
    0.704879105091095,
    0.7077190279960632,
    0.7114260196685791,
    0.717098593711853,
    0.7214459180831909,
    0.7191351652145386,
    0.718668520450592,
    0.7131169438362122,
    0.7057172656059265,
    0.7012351751327515,
    0.6959822177886963,
    0.6953623294830322,
    0.6981367468833923,
    0.6981340646743774,
    0.6936168074607849,
    0.6911749243736267,
    0.6889883279800415
  ]
}