{
  "train": [
    0.7775272850332589,
    0.8167390952556591,
    0.7627336374057337,
    0.7718195830072675,
    0.7278095850803582,
    0.7156751919262515,
    0.7034144307592233,
    0.6982554420461795,
    0.6937147646114744,
    0.6656315549841068,
    0.6635460310381621,
    0.6489882815647595,
    0.6701985902974171,
    0.6522893664872118,
    0.6559306289174874,
    0.6526249990674663,
    0.624224754096252,
    0.5944223756273391,
    0.6290742241103073,
    0.6167284799326817,
    0.5902605972853787,
    0.6131719811796554,
    0.6027144584162482,
    0.5898093314006411,
    0.6022643614285098,
    0.5703455472521006,
    0.6044138267709704,
    0.5690233413809038,
    0.5898414130868583,
    0.5720303020453805,
    0.5766013402656969,
    0.5850527506743746,
    0.5838624673523927,
    0.5760100246063007,
    0.5780216026775943,
    0.5807145610818722,
    0.5656901407124374,
    0.5589342214203821,
    0.581163588415813,
    0.5728114264939219,
    0.5654969576544362,
    0.5753791041562123,
    0.5687358426343044,
    0.5678103980172444,
    0.5537481014364458,
    0.556699080713864,
    0.5598852367236696,
    0.5652037324576542,
    0.5708375711159166,
    0.5539322220926801,
    0.5804903941788697,
    0.5534753749523257,
    0.5450513116244612,
    0.5327509072026596,
    0.5575119286335161,
    0.5589052832185342,
    0.553756940541009,
    0.5532058546402184,
    0.5370768095765796,
    0.5461700508747195,
    0.5424957169687806,
    0.5383426896457014,
    0.5367208877807768,
    0.559083837740527,
    0.534600504660254,
    0.5427461058048192,
    0.5557095399631068,
    0.5438314814285692,
    0.5371005825808483,
    0.540546803051615,
    0.5154527960152462,
    0.5419620542690672,
    0.5310403736941333,
    0.5285443069018754,
    0.5335759943341974,
    0.5485527224728627,
    0.5473249692634996,
    0.5150159234777459,
    0.5225587998117719,
    0.5370162235104979,
    0.5422441753847845,
    0.5274668796896347,
    0.5146807508515607,
    0.543779219019002,
    0.5156901743024441,
    0.5291520474579534,
    0.4981085326284023,
    0.5178025582153809,
    0.5289677410877397,
    0.5144667778109094,
    0.5514857037901291
  ],
  "val": [
    0.7144339680671692,
    0.7151755094528198,
    0.7162312269210815,
    0.7193902730941772,
    0.7191022634506226,
    0.7169269323348999,
    0.7148008346557617,
    0.7162011861801147,
    0.7126758098602295,
    0.7088567018508911,
    0.7071841955184937,
    0.7051835656166077,
    0.7009248733520508,
    0.7024861574172974,
    0.7022566795349121,
    0.6992583870887756,
    0.6987422704696655,
    0.6993021368980408,
    0.6976047158241272,
    0.6965411305427551,
    0.6972156763076782,
    0.6945314407348633,
    0.6927306652069092,
    0.6891448497772217,
    0.6859268546104431,
    0.6842730045318604,
    0.6875845193862915,
    0.6861575841903687,
    0.6851499676704407,
    0.6835320591926575,
    0.679355263710022,
    0.6757283210754395,
    0.6745662689208984,
    0.6751675009727478,
    0.6730402708053589,
    0.6725504398345947,
    0.6714771389961243,
    0.670764148235321,
    0.6714782118797302,
    0.6732680201530457,
    0.6752605438232422,
    0.6751611828804016,
    0.6758988499641418,
    0.6732921004295349,
    0.6735205054283142,
    0.6736000180244446,
    0.6754384636878967,
    0.6781557202339172,
    0.6757112741470337,
    0.6755544543266296,
    0.6751783490180969,
    0.6748502850532532,
    0.6742000579833984,
    0.6745432615280151,
    0.6762269735336304,
    0.6751559376716614,
    0.674182116985321,
    0.6744008660316467,
    0.6734622716903687,
    0.6709369421005249,
    0.6702760457992554,
    0.6709505319595337,
    0.6721925735473633,
    0.6721951365470886,
    0.6735279560089111,
    0.6732672452926636,
    0.6749657392501831,
    0.6790319085121155,
    0.6788477301597595,
    0.6832883954048157,
    0.6832964420318604,
    0.6843363046646118,
    0.6850659847259521,
    0.6875627040863037,
    0.6903287768363953,
    0.6876571178436279,
    0.6872668862342834,
    0.6845207810401917,
    0.683457612991333,
    0.6822209358215332,
    0.6788890361785889,
    0.6772239804267883,
    0.6792890429496765,
    0.6769357323646545,
    0.677118182182312,
    0.6777498126029968,
    0.6761517524719238,
    0.6800912618637085,
    0.6795563101768494,
    0.6806507706642151,
    0.6814541220664978
  ]
}