{
  "train": [
    0.695622273560228,
    0.6546897359669502,
    0.6271225149408349,
    0.6155221083481324,
    0.6071015558219308,
    0.5883695377504884,
    0.584732623816711,
    0.5737985335840967,
    0.5565507902300416,
    0.5635163566749084,
    0.5575834448114404,
    0.5443363694721842,
    0.5529837167908993,
    0.5331417266371214,
    0.5338267449087697,
    0.5317153305255721,
    0.5320943485339874,
    0.5322736495821346,
    0.5380798010109681,
    0.5164811605303158,
    0.5100653719138629,
    0.5119159803014671,
    0.5198571262101235,
    0.4985387711395771,
    0.5144222027856141,
    0.5000814663365557,
    0.5269118261161109,
    0.5030678209706481,
    0.49759903564828956,
    0.49301305604098467,
    0.5037542327577844,
    0.48144570653661717,
    0.5019890909711716,
    0.48655044327815766,
    0.484756252742166,
    0.4840470678700602,
    0.48613830931080976
  ],
  "val": [
    0.6993629336357117,
    0.6925874352455139,
    0.6957643628120422,
    0.6912754774093628,
    0.6826795339584351,
    0.6748137474060059,
    0.6742421984672546,
    0.6751547455787659,
    0.6775475144386292,
    0.6807747483253479,
    0.6826830506324768,
    0.6843110918998718,
    0.6846672296524048,
    0.6881309151649475,
    0.692756712436676,
    0.6948372721672058,
    0.6969612240791321,
    0.7000023722648621,
    0.7028898596763611,
    0.7027872204780579,
    0.7028548717498779,
    0.7026352882385254,
    0.7029362320899963,
    0.6985620260238647,
    0.6948075890541077,
    0.6928529143333435,
    0.6925216317176819,
    0.694436252117157,
    0.6944591999053955,
    0.6914374232292175,
    0.6869704127311707,
    0.6881015300750732,
    0.6914048790931702,
    0.700627863407135,
    0.7007898688316345,
    0.6958456635475159,
    0.691592812538147
  ]
}