{
  "train": [
    0.6005221799089404,
    0.5937476310823938,
    0.5651147914637485,
    0.5541340322623699,
    0.5414503519170977,
    0.5378850340255963,
    0.5335932946557482,
    0.547835504039755,
    0.5105091811988154,
    0.5114411774820882,
    0.5169806044383589,
    0.4997276923632974,
    0.5093376627696559,
    0.5088668098590644,
    0.4987558652027487,
    0.49454027942835993,
    0.49099888516764334,
    0.4847918986686932,
    0.5066383466344749,
    0.48723872600517837,
    0.4934491515159607,
    0.4931988906977799,
    0.4867313768476101,
    0.4901187989512101,
    0.483198505610668,
    0.4883971513785752,
    0.49462584967683687,
    0.4864875747652477,
    0.4893060239958646,
    0.48446779679782287,
    0.4790216235104453,
    0.4763163657023989,
    0.4705813447830125,
    0.46564031674944123,
    0.47207405531934915
  ],
  "val": [
    0.6847350001335144,
    0.6813074946403503,
    0.6773834824562073,
    0.6725966930389404,
    0.6692317724227905,
    0.6705994009971619,
    0.671220064163208,
    0.6724473834037781,
    0.6742842793464661,
    0.6746267676353455,
    0.6741524338722229,
    0.6736462116241455,
    0.6719444394111633,
    0.6744551062583923,
    0.6783629059791565,
    0.6809946298599243,
    0.6806244850158691,
    0.6816580891609192,
    0.6816920042037964,
    0.6806843280792236,
    0.6801995038986206,
    0.6788063645362854,
    0.677925705909729,
    0.6763461828231812,
    0.6781907081604004,
    0.6788731217384338,
    0.6778398156166077,
    0.679015040397644,
    0.681427001953125,
    0.6805911064147949,
    0.6782481670379639,
    0.6780052781105042,
    0.679034411907196,
    0.6804941892623901,
    0.6825840473175049
  ]
}