{
  "train": [
    0.661754641920475,
    0.591774060808379,
    0.5477138998473219,
    0.5348217132056288,
    0.5336635089272936,
    0.5383152218875039,
    0.5143904734421246,
    0.5278668450604519,
    0.5091869828149016,
    0.48685773517110664,
    0.5037677512673909,
    0.508033202786751,
    0.5017977260016455,
    0.4758070287446083,
    0.4887938249874585,
    0.5191926010723772,
    0.49636206412550266,
    0.4901682341040062,
    0.4849280116006071,
    0.4842693324159519,
    0.4677872625477795,
    0.4657608341113687,
    0.4591254832709364,
    0.47465660213836897,
    0.46527899353962227,
    0.46758377199689743,
    0.47027912339553457,
    0.4608866663401937,
    0.449778120505986,
    0.45662359797895835,
    0.45297577008237977,
    0.46079019666305315,
    0.4565004791532244,
    0.4465956444223526,
    0.47566232481613535
  ],
  "val": [
    0.6890054941177368,
    0.6852060556411743,
    0.6806463599205017,
    0.6766796112060547,
    0.6744017004966736,
    0.6760794520378113,
    0.6823461651802063,
    0.6838350892066956,
    0.6877170205116272,
    0.6947713494300842,
    0.7054305076599121,
    0.7121695876121521,
    0.7208837270736694,
    0.7260079979896545,
    0.7298465967178345,
    0.7288727164268494,
    0.7250214219093323,
    0.7203760147094727,
    0.7112618088722229,
    0.7038747072219849,
    0.7017629742622375,
    0.6983489990234375,
    0.6981409192085266,
    0.7018663883209229,
    0.7077810168266296,
    0.7118743062019348,
    0.7122218012809753,
    0.7132415771484375,
    0.7144452929496765,
    0.7109253406524658,
    0.707414984703064,
    0.7047417759895325,
    0.7050408720970154,
    0.7087077498435974,
    0.7090145945549011
  ]
}