{
  "train": [
    0.6336467556765514,
    0.6064736249998872,
    0.5794665801701288,
    0.5960622406358203,
    0.56877676195699,
    0.5681697218288929,
    0.5604226662607615,
    0.5693276304329558,
    0.54827856489003,
    0.5538807549500113,
    0.5604048650252995,
    0.558252973656349,
    0.5427992608159634,
    0.5531482535042787,
    0.5305580015252964,
    0.5328317729416739,
    0.5328921387935507,
    0.5476466931145767,
    0.5228831221904661,
    0.5599949101509132,
    0.5541877637943023,
    0.5421690661918941,
    0.5105145881915915,
    0.514827971534776,
    0.5223921303972235,
    0.5085464748255725,
    0.5169263065154917,
    0.5286111109362447,
    0.5193581369710086,
    0.5132948994049298,
    0.5342944333412377,
    0.5153694945603169,
    0.5162807981956181,
    0.4993539377679966,
    0.4994746587546588,
    0.5256017572774089,
    0.5193794197930491,
    0.503125160638922,
    0.52270503657792,
    0.5100547997235078,
    0.5077707432760981,
    0.5189566706201713
  ],
  "val": [
    0.6792182326316833,
    0.6741544604301453,
    0.6702030301094055,
    0.6713694334030151,
    0.6720220446586609,
    0.6740549802780151,
    0.6758630871772766,
    0.6759971976280212,
    0.6744579672813416,
    0.6696997284889221,
    0.668592631816864,
    0.6682983040809631,
    0.6724147796630859,
    0.675619900226593,
    0.6782108545303345,
    0.6825827956199646,
    0.6846817135810852,
    0.6819485425949097,
    0.6822843551635742,
    0.6814644932746887,
    0.6814981698989868,
    0.6799085736274719,
    0.6792529821395874,
    0.6814673542976379,
    0.685275673866272,
    0.689989447593689,
    0.6912726163864136,
    0.691885232925415,
    0.6886053681373596,
    0.6874920725822449,
    0.688755989074707,
    0.6871682405471802,
    0.687216579914093,
    0.6892238855361938,
    0.6962503790855408,
    0.6983097791671753,
    0.6963357329368591,
    0.6966508626937866,
    0.6968786120414734,
    0.6975072026252747,
    0.6992316842079163,
    0.6995127201080322
  ]
}