{
  "train": [
    0.672254765855855,
    0.6394773046371385,
    0.6163875099473399,
    0.6176800214011093,
    0.607086742159181,
    0.6018022143194828,
    0.6144036682955737,
    0.6020566991397313,
    0.5886211768159726,
    0.6061788239502555,
    0.5911531994495486,
    0.5801291456950709,
    0.5747287818070116,
    0.5636314582354917,
    0.571332554218217,
    0.5755314383600733,
    0.5755408441491903,
    0.5600003561950082,
    0.5615995505760456,
    0.5600065969187638,
    0.5581594812752578,
    0.5681179388990543,
    0.5461418568500744,
    0.5486732647924001,
    0.5594635097851307,
    0.541269286072313,
    0.5472509533607314,
    0.5296390212228146,
    0.5472952557608411,
    0.5349256231867033,
    0.5385666580623006,
    0.5356883640066156
  ],
  "val": [
    0.6799160838127136,
    0.6663004159927368,
    0.6782642602920532,
    0.6767578125,
    0.6791263222694397,
    0.687661349773407,
    0.6755465269088745,
    0.6674339175224304,
    0.6755595207214355,
    0.6741621494293213,
    0.6669133305549622,
    0.6690807342529297,
    0.6712048053741455,
    0.673814058303833,
    0.6784900426864624,
    0.6812647581100464,
    0.6858556866645813,
    0.6894725561141968,
    0.6888540387153625,
    0.6849302649497986,
    0.683009684085846,
    0.6878830790519714,
    0.6895478367805481,
    0.6888814568519592,
    0.68450528383255,
    0.6772093772888184,
    0.6787932515144348,
    0.6874813437461853,
    0.6891131401062012,
    0.6921531558036804,
    0.7037363052368164,
    0.7081347107887268
  ]
}