{
  "train": [
    0.6895301999716923,
    0.6943119482453821,
    0.6655293556269753,
    0.6536773639946736,
    0.644277684500652,
    0.6328910454153427,
    0.6174886696444356,
    0.6133730815255584,
    0.6144221386885995,
    0.6259399928482883,
    0.608743414503013,
    0.6020334982519666,
    0.5780137498390499,
    0.6117600446264145,
    0.5925530829453116,
    0.6058750822039073,
    0.5900399027199581,
    0.5789941161724147,
    0.5752428285594057,
    0.5899777089433716,
    0.5772308310851675,
    0.5829949854629968,
    0.5748489519645428,
    0.5672316181248632,
    0.5645967578065807,
    0.5705622372956112,
    0.5677293904602821,
    0.5652056069209658,
    0.5658934301343458,
    0.5457018644645296,
    0.5657411461393235,
    0.5630088049202717,
    0.56747724681065,
    0.5550610431896642,
    0.5452737370735319,
    0.5375501252160284,
    0.57773298641731,
    0.5389369381178776
  ],
  "val": [
    0.695699155330658,
    0.6927858591079712,
    0.6880349516868591,
    0.6853999495506287,
    0.6821869015693665,
    0.6795229911804199,
    0.6790689826011658,
    0.6785405278205872,
    0.6797162294387817,
    0.6812558174133301,
    0.6850429773330688,
    0.6862729787826538,
    0.6895713210105896,
    0.6926151514053345,
    0.6946595907211304,
    0.694116473197937,
    0.6923565864562988,
    0.693408191204071,
    0.6943966746330261,
    0.6963236331939697,
    0.69748854637146,
    0.7001216411590576,
    0.7003308534622192,
    0.6993871927261353,
    0.7010090947151184,
    0.6981867551803589,
    0.692337691783905,
    0.6895643472671509,
    0.6891406774520874,
    0.6908219456672668,
    0.6934846639633179,
    0.697050929069519,
    0.7011592388153076,
    0.7054516077041626,
    0.7030998468399048,
    0.7055661082267761,
    0.7063522934913635,
    0.7127707600593567
  ]
}