{
  "train": [
    0.7243063725861423,
    0.6916745883490651,
    0.6714532061163427,
    0.6780656614327079,
    0.6657837984597155,
    0.6422399904927597,
    0.6420109495153568,
    0.6152470879660451,
    0.6454476535026663,
    0.6213994404952514,
    0.6242629681608359,
    0.6273600955314824,
    0.6165966555990022,
    0.6011956005260862,
    0.6065988147200034,
    0.6140754161209896,
    0.5988844269014931,
    0.6021991727387377,
    0.6129536490722243,
    0.6050138297339378,
    0.583295103951628,
    0.5854793041210457,
    0.599763454768458,
    0.6053777463330424,
    0.5962653386181799,
    0.5703825022786709,
    0.609508665030813,
    0.5738828725415498,
    0.5780837016152631,
    0.5876211920395273,
    0.5516286465922012
  ],
  "val": [
    0.6790522336959839,
    0.6804836988449097,
    0.6859757304191589,
    0.6876522898674011,
    0.6857630014419556,
    0.6814974546432495,
    0.680634617805481,
    0.6818261742591858,
    0.6838964223861694,
    0.6853600144386292,
    0.6858627796173096,
    0.6866830587387085,
    0.6867704391479492,
    0.6850305199623108,
    0.6849762797355652,
    0.6849450469017029,
    0.6860033273696899,
    0.6875057220458984,
    0.6866660714149475,
    0.6887880563735962,
    0.6922657489776611,
    0.6948572993278503,
    0.6953754425048828,
    0.6935642957687378,
    0.6922527551651001,
    0.6915767192840576,
    0.6905553340911865,
    0.688062310218811,
    0.6860924363136292,
    0.6846674084663391,
    0.6844866871833801
  ]
}