{
  "train": [
    0.7306796990591904,
    0.7056680083862079,
    0.6708161692901198,
    0.6506082289324605,
    0.6488757400677122,
    0.6489769496353976,
    0.6089960247131404,
    0.6274102714848636,
    0.6122941686014823,
    0.6149392550801996,
    0.6138322752684795,
    0.6189061817277242,
    0.6142665623444055,
    0.6242941177537289,
    0.6041880252913301,
    0.6094215521084264,
    0.6106368811259716,
    0.6177288067751917,
    0.600766585965462,
    0.5923260476788864,
    0.5961964313913448,
    0.6199887415458416,
    0.5945289452087703,
    0.593486721879743,
    0.5962033923623598,
    0.6016978603865712,
    0.5917095133823714,
    0.5884750171247961,
    0.5867894415197701,
    0.5683093772733153,
    0.588314345904759,
    0.5730625279431273,
    0.576463061894102,
    0.5853372445247443,
    0.5950620553176391,
    0.5881211569743791
  ],
  "val": [
    0.6774210333824158,
    0.6711100339889526,
    0.6682364344596863,
    0.6660379767417908,
    0.6648280620574951,
    0.6642820835113525,
    0.6672597527503967,
    0.67038893699646,
    0.6739533543586731,
    0.6762328743934631,
    0.6757634878158569,
    0.6793227791786194,
    0.680346667766571,
    0.684221625328064,
    0.6866421699523926,
    0.6868143081665039,
    0.6847217679023743,
    0.6835510730743408,
    0.681475043296814,
    0.6798489093780518,
    0.6778823733329773,
    0.6800065040588379,
    0.6780205965042114,
    0.6803876161575317,
    0.6855666041374207,
    0.6847163438796997,
    0.6853863000869751,
    0.686435878276825,
    0.6892258524894714,
    0.689443051815033,
    0.6901395916938782,
    0.6898776292800903,
    0.6872681975364685,
    0.6870356798171997,
    0.685523509979248,
    0.6838646531105042
  ]
}