{
  "train": [
    0.7103188810090126,
    0.7024430638463627,
    0.6835079313499,
    0.6526087534251471,
    0.6572258343250293,
    0.6349291560685106,
    0.6628575327948396,
    0.6383034877589183,
    0.6261548573160406,
    0.5885139416004049,
    0.5932205229850825,
    0.5669582295300338,
    0.5805183681361193,
    0.5940433725934898,
    0.5890450084150718,
    0.5703862194944485,
    0.5862431995974385,
    0.5640534943547743,
    0.5971352114466023,
    0.5758668706922109,
    0.5850498453149655,
    0.5943398155602329,
    0.5715422392478717,
    0.5571696834611188,
    0.5771505919289707,
    0.5756540410037111,
    0.5792438023783303,
    0.5601564004209828,
    0.56590076238651,
    0.5529330487321751,
    0.5576201979749895,
    0.548350082829668,
    0.5434711317123451,
    0.5639460512569973,
    0.5625075645047456,
    0.5734556569841694,
    0.5476600245889185,
    0.565462730494626,
    0.5401433249706118,
    0.5416374564758075,
    0.5588577417610902,
    0.5706141902308158,
    0.5694224934272578,
    0.5424763431102771,
    0.5546133896987426,
    0.5428493507389952,
    0.5557151659956119,
    0.5485052701287669,
    0.5196832436058909,
    0.5248684262113618,
    0.5374737378998931,
    0.5351143731859517,
    0.548730374850663,
    0.5390367860277298,
    0.5520318194563165,
    0.54139713142893,
    0.5272675391488475,
    0.5392642643651352
  ],
  "val": [
    0.6983941793441772,
    0.6974716186523438,
    0.6963706612586975,
    0.6919241547584534,
    0.6871541142463684,
    0.6816790103912354,
    0.6782108545303345,
    0.6751664280891418,
    0.6763989925384521,
    0.6736271381378174,
    0.6716445088386536,
    0.670757532119751,
    0.6703381538391113,
    0.6726497411727905,
    0.6755181550979614,
    0.6768293380737305,
    0.6753373146057129,
    0.6733081936836243,
    0.6733323931694031,
    0.6734441518783569,
    0.6730906963348389,
    0.6735559701919556,
    0.6741638779640198,
    0.6754648685455322,
    0.6751829385757446,
    0.6746394038200378,
    0.6727270483970642,
    0.6699464321136475,
    0.670613706111908,
    0.6700319051742554,
    0.6753096580505371,
    0.6785587072372437,
    0.6803817749023438,
    0.6811224818229675,
    0.6795594096183777,
    0.6791385412216187,
    0.6785979866981506,
    0.6766575574874878,
    0.6782065629959106,
    0.6795620322227478,
    0.6789975166320801,
    0.6798858046531677,
    0.6794444918632507,
    0.680844247341156,
    0.6808585524559021,
    0.6796025037765503,
    0.6788932085037231,
    0.6762481331825256,
    0.6735905408859253,
    0.672109842300415,
    0.6719656586647034,
    0.6723260283470154,
    0.6772557497024536,
    0.6777251362800598,
    0.679706335067749,
    0.6792209148406982,
    0.6820129752159119,
    0.6774641275405884
  ]
}