{
  "train": [
    0.698668682810121,
    0.6694966948091103,
    0.6657510931268701,
    0.6381243857844122,
    0.623296720641,
    0.6263136496684821,
    0.6269281298068944,
    0.629434927050116,
    0.6140727791292914,
    0.6060861049614517,
    0.5974134444603192,
    0.6025982982125776,
    0.6025995089502757,
    0.5938200146106664,
    0.5979255843045089,
    0.595597013464115,
    0.587622076126155,
    0.5811668384838574,
    0.5750013090706811,
    0.5769028026482155,
    0.583208634201529,
    0.56905444854586,
    0.5884849781473281,
    0.5827089451216712,
    0.5590964517569894,
    0.5769308968424209,
    0.5816876864785632,
    0.5801090269253172,
    0.5655098777686434,
    0.5660624104767598,
    0.5550904767266636
  ],
  "val": [
    0.6712338328361511,
    0.6720454692840576,
    0.6767895221710205,
    0.6734784841537476,
    0.6761637926101685,
    0.6819597482681274,
    0.6829959154129028,
    0.6821385622024536,
    0.6807035803794861,
    0.6799576878547668,
    0.6820330619812012,
    0.6843183040618896,
    0.6871498823165894,
    0.6857415437698364,
    0.6822721362113953,
    0.6790090203285217,
    0.6800515055656433,
    0.6858394145965576,
    0.6936221122741699,
    0.6999006271362305,
    0.7081745862960815,
    0.7122865319252014,
    0.7175255417823792,
    0.7133991718292236,
    0.7128993272781372,
    0.7122374176979065,
    0.7034710645675659,
    0.7002891302108765,
    0.6979494094848633,
    0.6947800517082214,
    0.6931038498878479
  ]
}