{
  "train": [
    0.7059285024116779,
    0.6557445884338153,
    0.619548333689497,
    0.6140217061700493,
    0.585782927538961,
    0.5986704636970764,
    0.5569715420600816,
    0.5443512447949114,
    0.5726223041858579,
    0.567436602315292,
    0.5391750878888398,
    0.5375395998578941,
    0.5388076783988276,
    0.542134565379232,
    0.5310873110306087,
    0.5327096572650477,
    0.5448985807414125,
    0.5155739151491907,
    0.5238199316222092,
    0.5156930527957202,
    0.5278701470990487,
    0.5163005543459812,
    0.524982511703604,
    0.5044721896425256,
    0.504562797364343,
    0.5030163229979905,
    0.5247909497157693,
    0.503127367038445,
    0.5178598036319751,
    0.4985775956379369,
    0.4998813456502454,
    0.5166139634959216,
    0.5294847097890131,
    0.4927135535648891
  ],
  "val": [
    0.684673547744751,
    0.6782729625701904,
    0.676325798034668,
    0.6741032600402832,
    0.6744254231452942,
    0.6756210923194885,
    0.6774628758430481,
    0.6782910823822021,
    0.6786467432975769,
    0.678366482257843,
    0.6775685548782349,
    0.6799446940422058,
    0.682050347328186,
    0.6831444501876831,
    0.6818754076957703,
    0.6829209923744202,
    0.6808217763900757,
    0.6808173060417175,
    0.6816333532333374,
    0.6808194518089294,
    0.6782175898551941,
    0.6811396479606628,
    0.6788007020950317,
    0.6766670346260071,
    0.6764494180679321,
    0.6780723333358765,
    0.6800429224967957,
    0.6809480786323547,
    0.6814047694206238,
    0.6793227195739746,
    0.6814796328544617,
    0.682633638381958,
    0.6820441484451294,
    0.68292635679245
  ]
}