{
  "train": [
    0.8339527378528576,
    0.7732792534851676,
    0.750960150375742,
    0.7338480238844021,
    0.7099200813053864,
    0.7060044630994937,
    0.697200167355279,
    0.6832438120113805,
    0.6740107765338691,
    0.6512505708656875,
    0.6870476113164367,
    0.6594420316184095,
    0.6477355730944666,
    0.6424076292902378,
    0.6265442870520606,
    0.6227662023065126,
    0.6398830451988822,
    0.6479321086935221,
    0.6343045560597199,
    0.638481050876561,
    0.6206262464006546,
    0.6433138800372044,
    0.6243985530190868,
    0.6245016176712337,
    0.6194667120285222,
    0.6291923643332984,
    0.6147842785994995,
    0.6158760642183239,
    0.6157090558207093,
    0.6389747678939932,
    0.5933673405294935,
    0.6155115448195358,
    0.5979473323657595,
    0.6043681704939292,
    0.6037805100967144,
    0.6041484743797133,
    0.6042501996890665,
    0.5982263535995201,
    0.5965926896762378,
    0.6063812404430559,
    0.5762333916913113,
    0.5885607124549415,
    0.5797155555245912,
    0.5997408190971525,
    0.562272300861152,
    0.5735293224527331,
    0.5777212001126388,
    0.5736645242850769,
    0.6126531615045857
  ],
  "val": [
    0.6886252164840698,
    0.6880515217781067,
    0.6868671178817749,
    0.6835824847221375,
    0.678966760635376,
    0.6763740181922913,
    0.6763836741447449,
    0.6749534010887146,
    0.6754898428916931,
    0.6761691570281982,
    0.6791189908981323,
    0.6757052540779114,
    0.6753395199775696,
    0.6743686199188232,
    0.6729291677474976,
    0.6703124642372131,
    0.6671106219291687,
    0.6666008830070496,
    0.6655922532081604,
    0.6674530506134033,
    0.6730290651321411,
    0.6740730404853821,
    0.6718984246253967,
    0.6694010496139526,
    0.6742146015167236,
    0.6757778525352478,
    0.6771587133407593,
    0.680648148059845,
    0.6832968592643738,
    0.682496190071106,
    0.679312527179718,
    0.6771653890609741,
    0.6776389479637146,
    0.6789113879203796,
    0.6774479150772095,
    0.6789431571960449,
    0.677340567111969,
    0.6762346029281616,
    0.6777816414833069,
    0.6800259351730347,
    0.6823182702064514,
    0.6829221844673157,
    0.6864461898803711,
    0.6914156079292297,
    0.6882490515708923,
    0.6921426057815552,
    0.6932252049446106,
    0.6913732886314392,
    0.6893734931945801
  ]
}