{
  "train": [
    0.7425478905292567,
    0.6426548725865745,
    0.6259012140076736,
    0.619350645048865,
    0.5927118101143485,
    0.6013916446070365,
    0.5791494044764288,
    0.595089838422578,
    0.5872911407148896,
    0.5714309871783985,
    0.5665507395866469,
    0.5764671845976355,
    0.5502065726982549,
    0.5623506316410497,
    0.5468004645385178,
    0.534997474971076,
    0.5514873553966654,
    0.5727549004437301,
    0.5377954582275428,
    0.5457825073467687,
    0.5337213219092984,
    0.5488359916386346,
    0.5387952075215984,
    0.5458143303547,
    0.5271086252381649,
    0.546804027897971,
    0.5223787077542009,
    0.5333997859743428,
    0.5228264437520446,
    0.5139018461622041,
    0.5233150018847047,
    0.5275202930854459,
    0.5216822078075315,
    0.510237689382337,
    0.5194773659330284,
    0.5061106866803663,
    0.5021180968566481,
    0.5171971083274616
  ],
  "val": [
    0.6714658141136169,
    0.7047529816627502,
    0.702578604221344,
    0.6818219423294067,
    0.6679995059967041,
    0.6668367385864258,
    0.665683388710022,
    0.6641824841499329,
    0.6669950485229492,
    0.673934280872345,
    0.6823690533638,
    0.6848797798156738,
    0.6899892687797546,
    0.6942692399024963,
    0.7023078203201294,
    0.7108792662620544,
    0.7168949842453003,
    0.7173233032226562,
    0.7122776508331299,
    0.7054443359375,
    0.702336847782135,
    0.7043774127960205,
    0.6985260844230652,
    0.6933102011680603,
    0.6941739916801453,
    0.6979634761810303,
    0.7056100964546204,
    0.712177038192749,
    0.7093122005462646,
    0.7056235074996948,
    0.7040549516677856,
    0.7056310176849365,
    0.7074130773544312,
    0.7154170274734497,
    0.71868497133255,
    0.7208200693130493,
    0.7217661142349243,
    0.7236946225166321
  ]
}