{
  "train": [
    0.7194947474108541,
    0.6749601643073735,
    0.6584667971568742,
    0.6427948565905904,
    0.641802820666083,
    0.6467313619670022,
    0.6401593464935942,
    0.6236566281671008,
    0.6117317341818598,
    0.612879840611237,
    0.6125620324623409,
    0.6085251070595727,
    0.6308363291430356,
    0.5930513551669755,
    0.605435028745623,
    0.5944469920520125,
    0.5979456243843868,
    0.6022086901030517,
    0.5873839467617091,
    0.6012829794672322,
    0.6108348215448445,
    0.59016208049699,
    0.5771947112576715,
    0.5885844923592554,
    0.5622628199055865,
    0.5786847805448354,
    0.5828885346504268,
    0.5632808612191619,
    0.5819205032487221,
    0.5839158863269637,
    0.5755933333793884,
    0.5889745773059394,
    0.5652262263110118,
    0.58083818287685,
    0.5613521744171387,
    0.5624644726955245,
    0.5808169724318781,
    0.5758695144371446,
    0.5599606841655788,
    0.5648917156487263,
    0.5446059689145958
  ],
  "val": [
    0.6949191093444824,
    0.6758021116256714,
    0.6710993051528931,
    0.6684596538543701,
    0.6689712405204773,
    0.6707981824874878,
    0.6718454360961914,
    0.6708645820617676,
    0.6700105667114258,
    0.6684693694114685,
    0.6681727170944214,
    0.6689679622650146,
    0.6692352294921875,
    0.6696640849113464,
    0.6723878383636475,
    0.6752585768699646,
    0.6794523000717163,
    0.681658148765564,
    0.6827003359794617,
    0.6846257448196411,
    0.6873987317085266,
    0.6892586946487427,
    0.6898770332336426,
    0.6919782757759094,
    0.6952422261238098,
    0.6944867372512817,
    0.6939501762390137,
    0.6947131156921387,
    0.6945450901985168,
    0.6937239170074463,
    0.6953352093696594,
    0.6946296095848083,
    0.6942896842956543,
    0.6935882568359375,
    0.6948680281639099,
    0.6972907781600952,
    0.6992844939231873,
    0.699920654296875,
    0.6946755051612854,
    0.6903273463249207,
    0.6891193985939026
  ]
}