{
  "train": [
    0.8120090344856525,
    0.7782826916924839,
    0.7690066313508697,
    0.7376167918073719,
    0.7365048022693014,
    0.719832133189798,
    0.7202747933970296,
    0.7093204371447633,
    0.7359516579529335,
    0.7149606540872546,
    0.7381551712017341,
    0.7005684055718295,
    0.7296337931614204,
    0.7080606586240196,
    0.703063038182376,
    0.7180357886652641,
    0.7076914131347769,
    0.7021768695027958,
    0.6981812518805706,
    0.6904528513917783,
    0.6978004008091142,
    0.6853492362745877,
    0.6845032916280437,
    0.6909495087092733,
    0.6862768548462779,
    0.6981621772197667,
    0.6962520729732044,
    0.6995165712140464,
    0.6940275762468723,
    0.7079022597209573,
    0.7152021509673208,
    0.6704134976335347,
    0.6642790513085615,
    0.6535295280329699,
    0.6635420369397244,
    0.6683020308393562,
    0.6732443800113471,
    0.6671578455441104,
    0.6702657656129358,
    0.6481062411674725,
    0.6915936390754625,
    0.6832933008964426,
    0.6341071375485124,
    0.6475589143231585,
    0.6680618568594232,
    0.6509948766290261,
    0.6418908115090995,
    0.6462303866893787,
    0.6823492525833581,
    0.6616270219163941,
    0.6449892426946481,
    0.6521657717051764,
    0.6460585206600246,
    0.6413891488695379,
    0.6461215900082894,
    0.6325327985979653,
    0.672687497338638,
    0.6363473323178409,
    0.6364861685654213,
    0.6307063340553509,
    0.6310140188104414,
    0.619568685592689,
    0.6436125389460859
  ],
  "val": [
    0.6788193583488464,
    0.6791147589683533,
    0.6801773905754089,
    0.6814023852348328,
    0.681374728679657,
    0.6808267831802368,
    0.6797596216201782,
    0.680145263671875,
    0.6809343099594116,
    0.6803609728813171,
    0.6817303895950317,
    0.6814906001091003,
    0.6817137598991394,
    0.6824847459793091,
    0.6820882558822632,
    0.6819641590118408,
    0.6841413378715515,
    0.6842601299285889,
    0.6839636564254761,
    0.6854113340377808,
    0.6867002844810486,
    0.6859093308448792,
    0.686057984828949,
    0.6853790879249573,
    0.6856098175048828,
    0.6828708648681641,
    0.6820953488349915,
    0.6815981864929199,
    0.6795704960823059,
    0.6780685782432556,
    0.6768649220466614,
    0.6761937141418457,
    0.6748078465461731,
    0.6765065789222717,
    0.6760848164558411,
    0.6765217781066895,
    0.679224967956543,
    0.6793534755706787,
    0.6787629723548889,
    0.6795259118080139,
    0.6787185668945312,
    0.6770780682563782,
    0.6778774261474609,
    0.6770369410514832,
    0.6784220933914185,
    0.678503155708313,
    0.6787344217300415,
    0.6801775097846985,
    0.678440511226654,
    0.6795477271080017,
    0.6821264028549194,
    0.6822031140327454,
    0.6815698742866516,
    0.6830726861953735,
    0.6851489543914795,
    0.6840015649795532,
    0.6835758686065674,
    0.6822592616081238,
    0.680928647518158,
    0.6801333427429199,
    0.6810073852539062,
    0.6806672215461731,
    0.6795142292976379
  ]
}