{
  "train": [
    0.7796262173817076,
    0.7597295025299335,
    0.6932472962464018,
    0.7060903989035507,
    0.6538542999422609,
    0.6383891980636296,
    0.6327841786915446,
    0.6227774549587607,
    0.6124176676637434,
    0.5778010173384192,
    0.5747057369777134,
    0.5672379784983367,
    0.5610091460162195,
    0.5541578814607536,
    0.571133417742593,
    0.5427064892693694,
    0.5485505667226068,
    0.5406960361990435,
    0.5526567292330887,
    0.5488646911282845,
    0.5541004283087594,
    0.5323396721496958,
    0.5344071463117459,
    0.5301391225436638,
    0.5342122113763406,
    0.5318178788488135,
    0.5378186350385544,
    0.5204384564766156,
    0.5278574639353258,
    0.53103231561595,
    0.5173911041226881,
    0.5138243301748642,
    0.5268229252011906,
    0.5186186203815667,
    0.5213558038173638,
    0.5181007159167322,
    0.5378700027912121,
    0.5114243526764104,
    0.520403728990132,
    0.5139727874342443,
    0.5175490179672617,
    0.5074759163879996,
    0.50387222220745,
    0.5085119193997877,
    0.49770616721637145,
    0.5111431799498685,
    0.4900741769468843,
    0.5068843138628992,
    0.5187096161208129,
    0.5298197730421432,
    0.5093899831689638,
    0.49399825592933616,
    0.5007114847892611,
    0.5020599823279921,
    0.49870620660593945,
    0.5059694467213354,
    0.515965620431994,
    0.4919794148999482,
    0.5079246213283445,
    0.49284034380184605,
    0.48055482263048294,
    0.5057432889351117
  ],
  "val": [
    0.7530874013900757,
    0.7460609078407288,
    0.7406249642372131,
    0.7322713732719421,
    0.7268972992897034,
    0.7187207937240601,
    0.7136306762695312,
    0.7081918716430664,
    0.7010056972503662,
    0.6947113871574402,
    0.6890065670013428,
    0.6844512820243835,
    0.6793667674064636,
    0.6773830652236938,
    0.6768614053726196,
    0.6751100420951843,
    0.6750750541687012,
    0.6746589541435242,
    0.6751444339752197,
    0.6725361943244934,
    0.6736145615577698,
    0.6746459007263184,
    0.6740237474441528,
    0.6756496429443359,
    0.678311288356781,
    0.6789822578430176,
    0.6761749386787415,
    0.6741571426391602,
    0.6748068928718567,
    0.6742494106292725,
    0.6701920032501221,
    0.6698992848396301,
    0.6719670295715332,
    0.6717854142189026,
    0.6745131015777588,
    0.6776420474052429,
    0.6807901859283447,
    0.684564471244812,
    0.6858215928077698,
    0.6869872212409973,
    0.684408962726593,
    0.6823129653930664,
    0.6803014278411865,
    0.6780785918235779,
    0.6776561737060547,
    0.6768179535865784,
    0.675814688205719,
    0.6775309443473816,
    0.6793500185012817,
    0.6824143528938293,
    0.689073383808136,
    0.6909278631210327,
    0.6929396986961365,
    0.69344562292099,
    0.6927627921104431,
    0.6914335489273071,
    0.6880218982696533,
    0.6849377155303955,
    0.688782274723053,
    0.6888238191604614,
    0.6935039758682251,
    0.6932231187820435
  ]
}