{
  "train": [
    0.5939805880555966,
    0.5616266313444804,
    0.5299261341541271,
    0.5212592282905955,
    0.500805315125752,
    0.4944164635512629,
    0.49157126343309,
    0.4809650787579015,
    0.48132032244076284,
    0.47434856460012237,
    0.45853840952436326,
    0.4632708201267449,
    0.4561299593577831,
    0.4485902601274951,
    0.44584565532618553,
    0.42974936477656434,
    0.43227445961806577,
    0.4398124834586834,
    0.4363862270204892,
    0.4471053467889137,
    0.4247067103832226,
    0.4113383758537875,
    0.4251361404146467,
    0.41440750842023955,
    0.43844012409595434,
    0.4133000031774267,
    0.3981411060676199,
    0.41125865405416256,
    0.4084302706671466,
    0.40713626058230845,
    0.39535864849983177,
    0.3826506861618587
  ],
  "val": [
    0.7055930495262146,
    0.6632230281829834,
    0.6684426665306091,
    0.6759804487228394,
    0.6903570294380188,
    0.7045034170150757,
    0.7085980772972107,
    0.7063042521476746,
    0.7031000852584839,
    0.706311821937561,
    0.7164071202278137,
    0.7158414125442505,
    0.7214949727058411,
    0.7262940406799316,
    0.7299791574478149,
    0.7285616397857666,
    0.7221330404281616,
    0.7161667346954346,
    0.7074280381202698,
    0.7037965655326843,
    0.706970751285553,
    0.7120425701141357,
    0.7220029830932617,
    0.7238884568214417,
    0.7197057604789734,
    0.7082189321517944,
    0.7164192795753479,
    0.7376803159713745,
    0.7187929153442383,
    0.7181156873703003,
    0.7009961605072021,
    0.6978910565376282
  ]
}