{
  "train": [
    0.7761364772989245,
    0.7256180817270513,
    0.7097073934348346,
    0.6837431729720731,
    0.6968961331644669,
    0.6685030477974803,
    0.6718997972939402,
    0.6646754125068928,
    0.6343143955240109,
    0.6642353822445047,
    0.6494200813946466,
    0.6546317221495905,
    0.6480386177894517,
    0.6296654640160171,
    0.6237984643193889,
    0.6495486268856255,
    0.6259183237705325,
    0.6209457105603712,
    0.638910340264513,
    0.6212147537417012,
    0.6354353968145812,
    0.6060361597925571,
    0.6065026404235163,
    0.6156811038848802,
    0.6203151768064264,
    0.60137843630584,
    0.6148857679860346,
    0.6072580438529329,
    0.5916154625380567,
    0.6099830625092455,
    0.601913039907446,
    0.5973810110186121,
    0.5979316261014328,
    0.5835781496733867,
    0.5846169367799618,
    0.5855600874999474,
    0.5748895572617724,
    0.5848943250519889,
    0.5807554539788533,
    0.5627420964499412,
    0.5955627425550827,
    0.57290259341301
  ],
  "val": [
    0.6782471537590027,
    0.6829907298088074,
    0.6817912459373474,
    0.6776936650276184,
    0.6737184524536133,
    0.6725778579711914,
    0.672447144985199,
    0.6721794009208679,
    0.6712701916694641,
    0.6700298190116882,
    0.6697873473167419,
    0.668144166469574,
    0.6684268712997437,
    0.6706401109695435,
    0.6743299961090088,
    0.6777253746986389,
    0.6825583577156067,
    0.6900243759155273,
    0.6981703639030457,
    0.7001346349716187,
    0.6964155435562134,
    0.6944699287414551,
    0.6935363411903381,
    0.6933131217956543,
    0.6969952583312988,
    0.7036368250846863,
    0.7080442309379578,
    0.7080851793289185,
    0.7070115804672241,
    0.7030882239341736,
    0.7027120590209961,
    0.7000661492347717,
    0.6993082165718079,
    0.6975136399269104,
    0.7019729614257812,
    0.705975353717804,
    0.7049611210823059,
    0.6986199617385864,
    0.6967434883117676,
    0.6957054734230042,
    0.6961499452590942,
    0.6936052441596985
  ]
}