{
  "train": [
    0.810257189673156,
    0.7574929509844098,
    0.7455963694990562,
    0.6706529735344384,
    0.6771529313965972,
    0.6533615037138238,
    0.6312800598849216,
    0.6573389292937781,
    0.6289277757917132,
    0.6454581034007331,
    0.6444032814702377,
    0.6239395561476646,
    0.6210496198073984,
    0.6138192344768881,
    0.613761759156664,
    0.6184429223901533,
    0.6254730949848156,
    0.6067546294827767,
    0.6142781238837782,
    0.6174088117524321,
    0.6062021549112104,
    0.6159978453161681,
    0.6153678949830568,
    0.6069551424439905,
    0.600470225212022,
    0.6186820503526134,
    0.6097192872921234,
    0.5995574708055393,
    0.5758338975788925,
    0.5816056014869013,
    0.5801629476946563,
    0.5607837503179541,
    0.568029596300548,
    0.5690270524306837
  ],
  "val": [
    0.6784383654594421,
    0.7159637808799744,
    0.6596921682357788,
    0.6529620289802551,
    0.6575469970703125,
    0.6561894416809082,
    0.6606067419052124,
    0.6619547605514526,
    0.664337694644928,
    0.6691400408744812,
    0.6715789437294006,
    0.6737312078475952,
    0.6733264923095703,
    0.673595666885376,
    0.6728112101554871,
    0.6725996136665344,
    0.6715629696846008,
    0.6730096936225891,
    0.6707828640937805,
    0.6713136434555054,
    0.669345498085022,
    0.6704956889152527,
    0.6696649789810181,
    0.6723694801330566,
    0.676042914390564,
    0.6788505911827087,
    0.6828407645225525,
    0.6859148740768433,
    0.6896628737449646,
    0.6912825703620911,
    0.6915865540504456,
    0.692909836769104,
    0.6925757527351379,
    0.6906450390815735
  ]
}