{
  "train": [
    0.819985572927691,
    0.7869370620826195,
    0.7736395521116961,
    0.7492547857350317,
    0.7634773680141994,
    0.7381002259959141,
    0.7063785345096306,
    0.6974885352139403,
    0.712581743160492,
    0.6842228567658974,
    0.6864588701079044,
    0.6811312660207889,
    0.652523110652792,
    0.6563677144755283,
    0.6711063992800971,
    0.6539889280431963,
    0.6380729152651256,
    0.6306525545167219,
    0.627554889970225,
    0.6169187849378351,
    0.6029005347214309,
    0.5949043881129749,
    0.6084690557912066,
    0.6051458933670533,
    0.6090184409042885,
    0.6068527288918425,
    0.5973739042657936,
    0.5928536791519579,
    0.5912584224945219,
    0.5990524289055998,
    0.5735861336069153,
    0.5799682469203554,
    0.57616043178906,
    0.5930600051809414,
    0.5782105861038997,
    0.582942779428266,
    0.5773026952015355,
    0.5814274584718526,
    0.5679264329924372,
    0.5794429470752848,
    0.5821473757034452,
    0.5568131164376959,
    0.5762392091633651,
    0.557943709084553,
    0.5727456772855937,
    0.5611472634846354,
    0.5695012828399395,
    0.5842897768678337,
    0.5678508672220953,
    0.5688831148476436,
    0.5850552135500414,
    0.561483333850729,
    0.5766212596681904,
    0.5727902421810357,
    0.5845423640288743,
    0.5449599277209766,
    0.5484922349159354,
    0.5523690869068277,
    0.5632231279546991,
    0.5580495428569211,
    0.5633316136933313,
    0.5522397345510023,
    0.5337965946479384,
    0.5536350023570319,
    0.5767930942803181,
    0.5784153042755691,
    0.5413323185714007,
    0.5464339585139834,
    0.5489721863434233,
    0.5299845913360859,
    0.5435518270055649,
    0.5521282694609881,
    0.556336124101883,
    0.5523958279581492,
    0.5551681107488172,
    0.5571998616157494,
    0.5396393185178635,
    0.5571725045518922,
    0.5615764495187205
  ],
  "val": [
    0.6909204125404358,
    0.6971151232719421,
    0.7024931907653809,
    0.7056418657302856,
    0.7045823931694031,
    0.7039368152618408,
    0.7011504769325256,
    0.6983975768089294,
    0.6965259313583374,
    0.6942592859268188,
    0.6922968029975891,
    0.6890314817428589,
    0.6895714998245239,
    0.6877359747886658,
    0.6842172741889954,
    0.6843612194061279,
    0.6816583871841431,
    0.6812767386436462,
    0.6797839403152466,
    0.6785911917686462,
    0.6782664656639099,
    0.6785576939582825,
    0.6753877401351929,
    0.6743316054344177,
    0.6738195419311523,
    0.6732134819030762,
    0.6743221282958984,
    0.6722765564918518,
    0.6718128323554993,
    0.6714516282081604,
    0.6711649894714355,
    0.6739227771759033,
    0.674288809299469,
    0.6760539412498474,
    0.6742197871208191,
    0.674801766872406,
    0.6724143624305725,
    0.6731896996498108,
    0.6708196401596069,
    0.668951153755188,
    0.6690022945404053,
    0.6671290397644043,
    0.6668946146965027,
    0.6689855456352234,
    0.6687902212142944,
    0.6688918471336365,
    0.6671718955039978,
    0.6652843356132507,
    0.6632097959518433,
    0.6645563244819641,
    0.6648073196411133,
    0.6648266315460205,
    0.6662092208862305,
    0.6656387448310852,
    0.669381856918335,
    0.6720353960990906,
    0.6753754019737244,
    0.6792593002319336,
    0.6847487092018127,
    0.6857103109359741,
    0.6852933764457703,
    0.6827934384346008,
    0.6805641055107117,
    0.680407702922821,
    0.6803069114685059,
    0.6793416738510132,
    0.6775799989700317,
    0.6785581111907959,
    0.6787046790122986,
    0.6774579882621765,
    0.6777700781822205,
    0.6744690537452698,
    0.677647590637207,
    0.6791029572486877,
    0.6778234839439392,
    0.6763352751731873,
    0.6750718951225281,
    0.6751672625541687,
    0.675226628780365
  ]
}