{
  "train": [
    0.6868679591000374,
    0.6041292057835997,
    0.5784569362114216,
    0.5451949899419776,
    0.5574181223737782,
    0.5312067290832256,
    0.5443385228734886,
    0.5052880961906734,
    0.5342724217569886,
    0.5174086372840581,
    0.5226184943039429,
    0.5115641804751504,
    0.5054367376959382,
    0.49002155588178214,
    0.4974046782613388,
    0.4993438540127477,
    0.49897689478737967,
    0.5072650583506805,
    0.49280202990682254,
    0.47834721574642386,
    0.4971825959059992,
    0.4988952798796405,
    0.4949370646124403,
    0.46832365561001404,
    0.4700014376875215,
    0.47055658786167653,
    0.47702255654217574,
    0.48236282690992494,
    0.47888214629271936,
    0.4889299584726982,
    0.48499953277005353,
    0.48950688034442846,
    0.4677100481070908,
    0.4559130841875311,
    0.4796427457497038,
    0.47246138773528223,
    0.4580471128078517,
    0.4521124571415004,
    0.457762072532635,
    0.46060201833988057,
    0.474040482138178,
    0.47021618779069685,
    0.4518634346611981,
    0.45977925799163105,
    0.4275595080382718,
    0.4521514855582139,
    0.46082286030200903,
    0.43621562766324123,
    0.44208511533995565,
    0.45766719162757763,
    0.4278317399212879,
    0.4410992283832851,
    0.4220967203231868,
    0.4354687638470692,
    0.4334449057508572,
    0.4223189042706795,
    0.44341504617864863,
    0.4375749706047509,
    0.4456432972635542,
    0.4327474042699842,
    0.4239803311860033,
    0.42454696156708477,
    0.4265149731941411,
    0.4297971575718208
  ],
  "val": [
    0.6857864260673523,
    0.6831216216087341,
    0.6801255941390991,
    0.6774823665618896,
    0.678753674030304,
    0.6798490285873413,
    0.6795774698257446,
    0.6836228370666504,
    0.6827205419540405,
    0.6796334981918335,
    0.6794782876968384,
    0.6794108748435974,
    0.6842502355575562,
    0.6897116899490356,
    0.6930723786354065,
    0.6908098459243774,
    0.6829214692115784,
    0.6786734461784363,
    0.6760978102684021,
    0.6806790828704834,
    0.6870792508125305,
    0.6841593980789185,
    0.684269368648529,
    0.6823034882545471,
    0.683777928352356,
    0.6923024654388428,
    0.696601390838623,
    0.7036813497543335,
    0.7053369879722595,
    0.7019535303115845,
    0.6964278817176819,
    0.6837074160575867,
    0.6736177206039429,
    0.6723166704177856,
    0.6728829741477966,
    0.6791878342628479,
    0.6899248361587524,
    0.6998074054718018,
    0.7031931281089783,
    0.7037814259529114,
    0.7085790634155273,
    0.7133303880691528,
    0.7101582288742065,
    0.7101607918739319,
    0.7080956101417542,
    0.708244264125824,
    0.7054917812347412,
    0.7055718302726746,
    0.6997655630111694,
    0.6960480809211731,
    0.6901165246963501,
    0.6922590732574463,
    0.6965358257293701,
    0.6988494992256165,
    0.7024945020675659,
    0.7005234360694885,
    0.6990898847579956,
    0.7022544741630554,
    0.7054991126060486,
    0.7042806148529053,
    0.7051202654838562,
    0.71054607629776,
    0.7159192562103271,
    0.7177674174308777
  ]
}