{
  "train": [
    0.7528574789686157,
    0.7374283319036362,
    0.7018244025742479,
    0.7153771314127692,
    0.7003505044970019,
    0.6892133220075973,
    0.6882243984438515,
    0.6849640710600491,
    0.6789174376450149,
    0.6700114496235777,
    0.6752480206818416,
    0.6889804769032107,
    0.658724678561018,
    0.6331813376525353,
    0.6509042925435334,
    0.6595196553639003,
    0.6507751753764787,
    0.6604753274635728,
    0.668504608969383,
    0.6456497713850049,
    0.6500776025462033,
    0.6339333412682482,
    0.6414789569201728,
    0.6329366984625755,
    0.6224815619402918,
    0.6527853543535241,
    0.6341058829147828,
    0.6339611835374034,
    0.6438117455966367,
    0.6486077983978347,
    0.6294818585142127,
    0.6163415996899159,
    0.6551480205188244,
    0.6227481570737116,
    0.5999411218272054,
    0.6321633143965246,
    0.620531648837874,
    0.6037707587181054,
    0.6232305879663365
  ],
  "val": [
    0.6792333722114563,
    0.6757044196128845,
    0.675226628780365,
    0.6763864755630493,
    0.6751576662063599,
    0.6730217337608337,
    0.6708128452301025,
    0.6693581938743591,
    0.6692041158676147,
    0.6703209280967712,
    0.6721953749656677,
    0.673038899898529,
    0.6741030812263489,
    0.6753022074699402,
    0.6754518151283264,
    0.6756976246833801,
    0.6756685972213745,
    0.6775379180908203,
    0.6790562272071838,
    0.6812012791633606,
    0.6816299557685852,
    0.681501567363739,
    0.6807453632354736,
    0.6804224848747253,
    0.6817625164985657,
    0.6820939183235168,
    0.6829929351806641,
    0.6824572086334229,
    0.6828662157058716,
    0.6825860738754272,
    0.6819344162940979,
    0.6826421618461609,
    0.682607114315033,
    0.6827893257141113,
    0.6846296787261963,
    0.6850422024726868,
    0.6857368350028992,
    0.6864768266677856,
    0.6882912516593933
  ]
}