{
  "train": [
    0.7376511998364491,
    0.6907279089166614,
    0.675044849001128,
    0.6854888588336888,
    0.6806416402896637,
    0.6684759946292257,
    0.6674202651225875,
    0.6553808013206632,
    0.662089706054462,
    0.661399854815065,
    0.6284762626798283,
    0.6477220971596065,
    0.6375871073142648,
    0.6292181892935278,
    0.6187623345793174,
    0.6128669900847186,
    0.639224467899999,
    0.601755478992838,
    0.5905766892315719,
    0.6001181913714103,
    0.6095316721300773,
    0.6179137068429017,
    0.5937984306824031,
    0.6183953581772414,
    0.6073605926166027,
    0.5930946646946404,
    0.6026730331881293,
    0.5695558710051287,
    0.5828362133702621,
    0.5982353346688407,
    0.5720209044775939,
    0.6009335811502241,
    0.5943211957151666,
    0.600304423881869,
    0.5907263189113786,
    0.5937233907835824,
    0.6012036486212256,
    0.5994777802763314,
    0.5977658602991714,
    0.5705749921023552,
    0.5664421898390859,
    0.5730600201437626,
    0.5906870682251277,
    0.5732207122107444,
    0.5942338308677297,
    0.5703092807619442
  ],
  "val": [
    0.6756123304367065,
    0.692780613899231,
    0.6855906844139099,
    0.6813696026802063,
    0.6844757199287415,
    0.6820816397666931,
    0.6759210824966431,
    0.6752443909645081,
    0.6770555973052979,
    0.6782334446907043,
    0.677647054195404,
    0.6734762191772461,
    0.6710537672042847,
    0.6715421676635742,
    0.6708634495735168,
    0.6708105802536011,
    0.6729181408882141,
    0.6752610206604004,
    0.6767657995223999,
    0.6793690919876099,
    0.6846686601638794,
    0.6872239112854004,
    0.6864470839500427,
    0.686261773109436,
    0.6868616938591003,
    0.6887735724449158,
    0.6914463639259338,
    0.6951940655708313,
    0.700217068195343,
    0.7037684917449951,
    0.706917941570282,
    0.709398090839386,
    0.7084172964096069,
    0.7066203951835632,
    0.7035496830940247,
    0.7015553116798401,
    0.6976724863052368,
    0.6969629526138306,
    0.6942605376243591,
    0.6893822550773621,
    0.685646116733551,
    0.6857412457466125,
    0.6878888607025146,
    0.6919468641281128,
    0.6943615674972534,
    0.6954995393753052
  ]
}