{
  "train": [
    0.9549163817772137,
    0.8691630028738764,
    0.7987333909044125,
    0.7698755763434424,
    0.7155841180843673,
    0.7139748951484417,
    0.669604880469186,
    0.6859113714965106,
    0.6784310105986195,
    0.6818482576332656,
    0.6485011128369224,
    0.6360742000523459,
    0.6296809359724298,
    0.6425185485426428,
    0.640393814429861,
    0.6392090975357394,
    0.6243418936658962,
    0.6365939054289474,
    0.6180019733941027,
    0.6149862772725486,
    0.6128051374933402,
    0.6176744963735196,
    0.6165617918733306,
    0.6070729494094849,
    0.588560807587478,
    0.6070621868072472,
    0.6216197906456558,
    0.6257947383843032,
    0.6412738182861817,
    0.6180142134868453,
    0.6158571971461103,
    0.596186033023402,
    0.6029245016610094,
    0.5921397059421821,
    0.6118003206300031,
    0.6096145343310727,
    0.6001584855793732,
    0.6045685974247937,
    0.6001384355164514,
    0.6022157084765692,
    0.5674668949813091,
    0.5908355090418472,
    0.5737687155530957,
    0.5790085123090322,
    0.5755158457262762,
    0.5741300844206598,
    0.5761724716336857,
    0.5822262558443793,
    0.5903836923279786,
    0.5822173098625221,
    0.5801829757361576,
    0.5991036245975588,
    0.5629679369809005,
    0.5622328384756454,
    0.5716309048272119,
    0.5774962678918698,
    0.5642929458853059,
    0.5620854852234789,
    0.5509538869258805,
    0.5738033951796921,
    0.5585718536611848,
    0.5574160696837702
  ],
  "val": [
    0.7039203643798828,
    0.6996853351593018,
    0.6988134980201721,
    0.6970088481903076,
    0.6975294351577759,
    0.6981703042984009,
    0.6987849473953247,
    0.6977891325950623,
    0.6941766142845154,
    0.69590824842453,
    0.6948013305664062,
    0.6900526285171509,
    0.6873261332511902,
    0.6843600869178772,
    0.68393874168396,
    0.6890694499015808,
    0.6886780858039856,
    0.6851587295532227,
    0.684387743473053,
    0.6885944604873657,
    0.691755473613739,
    0.6913421750068665,
    0.691159188747406,
    0.690268874168396,
    0.6920206546783447,
    0.6954107880592346,
    0.691694974899292,
    0.6910193562507629,
    0.6836618781089783,
    0.6805002093315125,
    0.6797977089881897,
    0.6792557835578918,
    0.6850263476371765,
    0.6889176368713379,
    0.6919912099838257,
    0.6994298696517944,
    0.7065707445144653,
    0.711818277835846,
    0.7184674739837646,
    0.7148309946060181,
    0.7169013619422913,
    0.7134114503860474,
    0.708732008934021,
    0.7049365043640137,
    0.7044548392295837,
    0.7040550112724304,
    0.7032206058502197,
    0.7009373903274536,
    0.6960901618003845,
    0.6973934173583984,
    0.7010449171066284,
    0.7061594128608704,
    0.7070352435112,
    0.7046861052513123,
    0.7032074332237244,
    0.7066891193389893,
    0.7095099091529846,
    0.7143245935440063,
    0.7195942997932434,
    0.7198158502578735,
    0.722571849822998,
    0.7238060235977173
  ]
}