{
  "train": [
    0.6878641018726556,
    0.6762321849761925,
    0.6760632275360559,
    0.660817256408372,
    0.6583751488495343,
    0.6652867145139009,
    0.6225894780581808,
    0.60019960955446,
    0.6049238789844983,
    0.6174650406602569,
    0.6234611771964087,
    0.5795090377624399,
    0.6003004412345698,
    0.5708261502200159,
    0.5821908779919441,
    0.6071979600220478,
    0.5719371802113914,
    0.5663730789875162,
    0.5838816841247634,
    0.5899633753475885,
    0.5768881034968522,
    0.5975628301427869,
    0.5996842193486068,
    0.5917730073036231,
    0.5683764878458577,
    0.6018063467124413,
    0.5931670460207709,
    0.5677968316477507,
    0.5736104283720401,
    0.5844367156768667,
    0.5701612557096435,
    0.5889419064733196,
    0.5694838600792909,
    0.5717319975345593,
    0.5698868403293816,
    0.5717811719537369,
    0.5736506425688419,
    0.5770114357835554,
    0.5697924333252931,
    0.5725568963095472,
    0.5618887479082116,
    0.5621601387197748,
    0.5605686920617015,
    0.5516212142159787,
    0.5725952451452246,
    0.5869032828678639,
    0.5930667314036139,
    0.5623072585448843,
    0.5436700462120507,
    0.5757876696257755,
    0.5358775162638114,
    0.5739093857445741,
    0.5597987113327816,
    0.5443267035366867,
    0.5342652257440126,
    0.5571420363017491,
    0.5558849593688702,
    0.5651379066147828,
    0.5589809420660798,
    0.5442550881155606,
    0.5399613631476322,
    0.5601895821505579,
    0.5205710524408688,
    0.5247696033252284,
    0.5189094423073266,
    0.5572519871988907
  ],
  "val": [
    0.6846497058868408,
    0.6842727661132812,
    0.6841537952423096,
    0.682315468788147,
    0.6810563206672668,
    0.6801988482475281,
    0.6786513924598694,
    0.6792901754379272,
    0.6788549423217773,
    0.6806501150131226,
    0.6813148856163025,
    0.6806078553199768,
    0.6808751821517944,
    0.6794096231460571,
    0.678004264831543,
    0.6776004433631897,
    0.678083598613739,
    0.6780903339385986,
    0.6788542866706848,
    0.6794916987419128,
    0.6818132996559143,
    0.6854179501533508,
    0.6856197714805603,
    0.686240017414093,
    0.6849572062492371,
    0.6838112473487854,
    0.6840071082115173,
    0.6855407357215881,
    0.6849884390830994,
    0.6855711936950684,
    0.6846864819526672,
    0.6841378808021545,
    0.6821524500846863,
    0.6800777316093445,
    0.6785815954208374,
    0.6775749325752258,
    0.6803457140922546,
    0.6811297535896301,
    0.6816296577453613,
    0.679409921169281,
    0.6807911396026611,
    0.6829857230186462,
    0.6833378076553345,
    0.6854668855667114,
    0.6892375349998474,
    0.6917682886123657,
    0.6918654441833496,
    0.689850389957428,
    0.6896367073059082,
    0.6867342591285706,
    0.6861194372177124,
    0.685872495174408,
    0.6858251690864563,
    0.6836957335472107,
    0.6818960309028625,
    0.6811221241950989,
    0.6808639168739319,
    0.6813462972640991,
    0.6825705170631409,
    0.6845041513442993,
    0.6864932179450989,
    0.6871485710144043,
    0.6872297525405884,
    0.6851575970649719,
    0.6864356398582458,
    0.6879990100860596
  ]
}