{
  "train": [
    0.8013424432923641,
    0.7700160462868038,
    0.7654388996180642,
    0.72498462529018,
    0.725349144395349,
    0.7340416379750069,
    0.7150127194785132,
    0.717096117036096,
    0.7071909328986858,
    0.6929514593091505,
    0.7252123875571002,
    0.6898784126554217,
    0.6956698251475254,
    0.7000957542452318,
    0.6969839642787802,
    0.6678810721547733,
    0.6755702469149246,
    0.6805442583384772,
    0.6770353681348228,
    0.6728612821677635,
    0.6638381874620034,
    0.658786215805655,
    0.6722553833364853,
    0.6604828027081607,
    0.6656664730292823,
    0.6554628698696644,
    0.6476189335578768,
    0.6619351620744602,
    0.6585929696195818,
    0.6304774116999997,
    0.6522509805087385,
    0.6525769371704515,
    0.6436817419940027,
    0.6345568901212345,
    0.6457971099562245,
    0.6321950751572407,
    0.6364047386376142,
    0.627669246913177,
    0.6187445066245318,
    0.6349173511190368,
    0.6422889772894347
  ],
  "val": [
    0.682888388633728,
    0.6816233992576599,
    0.6811986565589905,
    0.6799726486206055,
    0.6780596375465393,
    0.6757745742797852,
    0.6755054593086243,
    0.6757829189300537,
    0.6756194233894348,
    0.6751924157142639,
    0.6749606132507324,
    0.6756227612495422,
    0.6768207550048828,
    0.6787742972373962,
    0.6798200607299805,
    0.6805444955825806,
    0.6797353625297546,
    0.6783125400543213,
    0.6772348284721375,
    0.6767513155937195,
    0.6777173280715942,
    0.6771272420883179,
    0.6757945418357849,
    0.6778852939605713,
    0.680571973323822,
    0.6833405494689941,
    0.6859376430511475,
    0.6918919086456299,
    0.7005214095115662,
    0.7079077363014221,
    0.7119883298873901,
    0.711643636226654,
    0.7060301899909973,
    0.7010087370872498,
    0.7000665068626404,
    0.7030243277549744,
    0.7050727009773254,
    0.7063121199607849,
    0.7042472958564758,
    0.6997569799423218,
    0.6955529451370239
  ]
}