{
  "train": [
    0.5698091666686711,
    0.528795631207856,
    0.5254521343508377,
    0.47858706571785686,
    0.4706170394502837,
    0.4623181124038884,
    0.4329131816701936,
    0.4568913435113841,
    0.41746731256616526,
    0.43152625822081353,
    0.4207473473595868,
    0.4151679700231317,
    0.4151775632879417,
    0.40818901220565945,
    0.41522863874294486,
    0.420931080879249,
    0.3958173024243322,
    0.4058627095715753,
    0.37821638040941924,
    0.40446935190355837,
    0.39670349811685496,
    0.39199707000126394,
    0.37715687041212187,
    0.3762237202064157,
    0.3848106228365687,
    0.3931932433191779,
    0.37298814445880835,
    0.370994254579685,
    0.37444160797913084,
    0.38801816267333006,
    0.3729508736450684,
    0.3610077158277258,
    0.35869792294619707,
    0.37407510151416795,
    0.36194571250765195,
    0.3668472458576334,
    0.36096138187817167,
    0.36229455794019655
  ],
  "val": [
    0.6825689673423767,
    0.6836255788803101,
    0.6838755011558533,
    0.6833903193473816,
    0.6782910227775574,
    0.6728715896606445,
    0.668645977973938,
    0.6652275919914246,
    0.668140172958374,
    0.6695619225502014,
    0.6685655117034912,
    0.6696756482124329,
    0.6719688177108765,
    0.6707017421722412,
    0.6731699705123901,
    0.670531690120697,
    0.6723799109458923,
    0.6747285723686218,
    0.6727034449577332,
    0.674446165561676,
    0.6768456697463989,
    0.6773819327354431,
    0.6795196533203125,
    0.6823166012763977,
    0.6800791025161743,
    0.680193305015564,
    0.6786417365074158,
    0.6766882538795471,
    0.6787674427032471,
    0.680323600769043,
    0.6784273386001587,
    0.6814171671867371,
    0.6796894073486328,
    0.6805508136749268,
    0.6836390495300293,
    0.685262143611908,
    0.6851953864097595,
    0.6820131540298462
  ]
}