{
  "train": [
    0.6755184934937896,
    0.6580528992737456,
    0.6032748372096733,
    0.5899856718890185,
    0.5656913668651299,
    0.5481094289295779,
    0.5419448531907181,
    0.5355758543672233,
    0.5207622350730332,
    0.5167975851467678,
    0.511224105440337,
    0.5121032583889703,
    0.4918746560665187,
    0.5072686237654662,
    0.500355920327708,
    0.5108264069545445,
    0.48648044833996024,
    0.48830618059693887,
    0.48142347371049704,
    0.48825210949470255,
    0.48091648599784365,
    0.4894666615965331,
    0.48696208939763713,
    0.47965080368107765,
    0.4754278882970951,
    0.46743005147121225,
    0.4933175080515481,
    0.4722960136206866,
    0.46445762788133665,
    0.45041792292900273,
    0.47659301493555456,
    0.4652174229692356,
    0.4481368141221295,
    0.4662468048739316,
    0.44584839229513273,
    0.4453725590200847,
    0.45307522542370954,
    0.4610411134259454
  ],
  "val": [
    0.6920679211616516,
    0.687151312828064,
    0.6821488738059998,
    0.67764812707901,
    0.6759358048439026,
    0.672200620174408,
    0.6676584482192993,
    0.6651051044464111,
    0.6654657125473022,
    0.6694773435592651,
    0.6723098754882812,
    0.6704343557357788,
    0.6719624996185303,
    0.6709083318710327,
    0.6744753122329712,
    0.6711595058441162,
    0.6728286743164062,
    0.6758875250816345,
    0.6774850487709045,
    0.67815762758255,
    0.6787310838699341,
    0.6816421151161194,
    0.6827237606048584,
    0.6886762380599976,
    0.6930742263793945,
    0.6931005120277405,
    0.6943885087966919,
    0.6937564611434937,
    0.6950368881225586,
    0.69435715675354,
    0.6962551474571228,
    0.697706937789917,
    0.6950514912605286,
    0.6953068971633911,
    0.6941441297531128,
    0.6922869682312012,
    0.6943550705909729,
    0.6965910196304321
  ]
}