{
  "train": [
    0.6999266820000898,
    0.6817433863437822,
    0.6825357378997239,
    0.6607354970401144,
    0.6716921112220275,
    0.6459750905999997,
    0.6582869805138687,
    0.6563375694998379,
    0.6418619379034183,
    0.6378063741575908,
    0.6285338742392403,
    0.6190455379744468,
    0.5990917456561121,
    0.6269697153509544,
    0.6142391380418111,
    0.6067899506667565,
    0.6089449513134698,
    0.6177920892908069,
    0.6003663316736081,
    0.5897966153515971,
    0.6075989897615217,
    0.6101795881252571,
    0.601320490167646,
    0.6030342602377454,
    0.6052940126710338,
    0.5943166827920623,
    0.5952919536623461,
    0.5947042233838237,
    0.5886821517803399,
    0.6099022676792051,
    0.5737126830763417,
    0.5798102446964809,
    0.5824718023168629,
    0.5800144017623563,
    0.5811650832298354,
    0.5829787198545897,
    0.5737639938669251,
    0.5768183102748664,
    0.5623664894127494,
    0.5813643154252339,
    0.5573047017816253
  ],
  "val": [
    0.6857461333274841,
    0.6784822344779968,
    0.6767552495002747,
    0.675650954246521,
    0.6735439300537109,
    0.6718973517417908,
    0.672048032283783,
    0.6709519028663635,
    0.6700683236122131,
    0.6692258715629578,
    0.668948233127594,
    0.6695681810379028,
    0.6713395118713379,
    0.6738222241401672,
    0.6770192384719849,
    0.6804755330085754,
    0.6835675239562988,
    0.6844114065170288,
    0.6839611530303955,
    0.6842989921569824,
    0.6823283433914185,
    0.681328296661377,
    0.6819941401481628,
    0.6832541823387146,
    0.6820241808891296,
    0.6805211305618286,
    0.6796181797981262,
    0.6786603331565857,
    0.6788395047187805,
    0.6784904599189758,
    0.6786296367645264,
    0.6794139742851257,
    0.6801729202270508,
    0.6813648343086243,
    0.6826673746109009,
    0.6838598251342773,
    0.687069296836853,
    0.6870764493942261,
    0.6903243660926819,
    0.6925791501998901,
    0.6934791207313538
  ]
}