{
  "train": [
    0.7877986613165568,
    0.6870021130063851,
    0.6759810750120379,
    0.6324945896717128,
    0.64570745693639,
    0.62026954137633,
    0.6152888046109618,
    0.6116594968758193,
    0.5938364910374722,
    0.608662861614979,
    0.6065780370693489,
    0.5961083555456452,
    0.5909612451868104,
    0.6019520313281731,
    0.592282038163669,
    0.5944716839367533,
    0.5870950449570059,
    0.5879801552871178,
    0.5788870114704658,
    0.5846902005778157,
    0.5824380355515504,
    0.5660147520121682,
    0.5686241220958127,
    0.567481659316077,
    0.5802881465169597,
    0.5615348695534204,
    0.5581627473455345,
    0.558977133828431,
    0.5591589185991898,
    0.5539208618290906,
    0.5658203933039322,
    0.541075304517605,
    0.5609286426029769,
    0.5568145818898244,
    0.5595074692383188,
    0.5568142351258565
  ],
  "val": [
    0.6922023296356201,
    0.7335346341133118,
    0.7064037322998047,
    0.685451865196228,
    0.6722791790962219,
    0.6697881817817688,
    0.6733018755912781,
    0.6776147484779358,
    0.685752809047699,
    0.6886432766914368,
    0.685093104839325,
    0.6848692297935486,
    0.6873594522476196,
    0.6877428293228149,
    0.6831455230712891,
    0.6806923151016235,
    0.6769586801528931,
    0.6764677166938782,
    0.6789552569389343,
    0.6837650537490845,
    0.6848913431167603,
    0.6857248544692993,
    0.6860185861587524,
    0.6860586404800415,
    0.6846441626548767,
    0.681418776512146,
    0.6800316572189331,
    0.6786693930625916,
    0.6803264021873474,
    0.6860165596008301,
    0.683324933052063,
    0.6797993183135986,
    0.6848495006561279,
    0.6853063702583313,
    0.6866841316223145,
    0.6916940808296204
  ]
}