{
  "train": [
    0.7961959803632914,
    0.7546518145523635,
    0.7071241645390177,
    0.705009936699139,
    0.674581942006285,
    0.6533555861177116,
    0.6594662052657216,
    0.6670152180887795,
    0.6614542224724305,
    0.6563587558680567,
    0.6310487407181651,
    0.6295753368015947,
    0.6075971716730465,
    0.6210271892289223,
    0.5963917640336042,
    0.5926340040314961,
    0.5894346777441466,
    0.603623760157618,
    0.5860977052467797,
    0.5847677459270496,
    0.5943864689671935,
    0.6089009942092332,
    0.58446701494931,
    0.5735819113665613,
    0.5908762160780394,
    0.5537597692658749,
    0.5814111714292629,
    0.577290035233709,
    0.6056138074456765,
    0.5654146269037219,
    0.5887635218098833,
    0.5722886846570546,
    0.5661364365093814,
    0.5644069739750454,
    0.5750756586713744,
    0.5383214053555663,
    0.5690181363979584,
    0.5741294977700182,
    0.5448003487633954,
    0.5718519232543231,
    0.5592172782996605,
    0.5726740137109616,
    0.5515609050325572,
    0.5659533653940473,
    0.5785772515635185,
    0.5490731811288543,
    0.5407276711440439,
    0.5368211734764682,
    0.5345098596488314,
    0.5522331450079462,
    0.5502718443353775,
    0.5451636628564356,
    0.533127370139061,
    0.5689960260109361,
    0.5293798012099242,
    0.5379985882143669,
    0.5244747547093284,
    0.5174643479544541,
    0.5361868292827324,
    0.5291176370799248,
    0.5242722827225483,
    0.5384154490062169,
    0.5317518182575997,
    0.5266970501744689,
    0.5427720957788927,
    0.548893767624653,
    0.5064594346314228,
    0.5357843923744897,
    0.5385961142079584,
    0.549787661418539,
    0.5273072443572171,
    0.5404243724686759,
    0.5559962591514211,
    0.5464698575400366,
    0.5134775066023389,
    0.5331049737671913
  ],
  "val": [
    0.6871236562728882,
    0.6867588758468628,
    0.6871635317802429,
    0.6879870891571045,
    0.6896206736564636,
    0.6914703249931335,
    0.6935170888900757,
    0.6939123272895813,
    0.6956921815872192,
    0.6966270208358765,
    0.6962087154388428,
    0.6935238838195801,
    0.6905531883239746,
    0.6904029250144958,
    0.6891698837280273,
    0.6883217096328735,
    0.6894485950469971,
    0.6912112236022949,
    0.6892344951629639,
    0.688709020614624,
    0.6873852014541626,
    0.687839925289154,
    0.6875365376472473,
    0.689994215965271,
    0.6915608644485474,
    0.6891657114028931,
    0.6876895427703857,
    0.6860184073448181,
    0.683380126953125,
    0.682917594909668,
    0.6835206747055054,
    0.6827346682548523,
    0.6819778084754944,
    0.6800584197044373,
    0.6800058484077454,
    0.6787411570549011,
    0.6824365854263306,
    0.6838723421096802,
    0.6830294728279114,
    0.681118369102478,
    0.6781238317489624,
    0.6800337433815002,
    0.6777403354644775,
    0.676738977432251,
    0.6747112274169922,
    0.6738998889923096,
    0.6743516325950623,
    0.6777620911598206,
    0.6819417476654053,
    0.6833717226982117,
    0.6839542984962463,
    0.6836887001991272,
    0.6867071986198425,
    0.6910224556922913,
    0.6935503482818604,
    0.6935836672782898,
    0.6931810975074768,
    0.690325915813446,
    0.6861192584037781,
    0.6870606541633606,
    0.6842752695083618,
    0.6841025948524475,
    0.6858004331588745,
    0.6858991980552673,
    0.6862111687660217,
    0.6845665574073792,
    0.6862077116966248,
    0.6856285929679871,
    0.6882113218307495,
    0.6918267011642456,
    0.6921411156654358,
    0.689863383769989,
    0.6901480555534363,
    0.6897003650665283,
    0.6921426653862,
    0.695439338684082
  ]
}