{
  "train": [
    0.7139202139060485,
    0.6500270724883808,
    0.6306018095298354,
    0.6189049317918974,
    0.6143644058645652,
    0.5852585076698529,
    0.5798319525319368,
    0.5793339990336319,
    0.5761582161405404,
    0.5827521021142968,
    0.5777049979259228,
    0.5627224953303783,
    0.5592492105338374,
    0.5703941727506703,
    0.5516368229988173,
    0.5382343555612518,
    0.5246382499563282,
    0.5587161488720936,
    0.549991108513818,
    0.5448595029967171,
    0.5392603057945891,
    0.5346382078278828,
    0.5176588684467259,
    0.5393637832749654,
    0.536381896787089,
    0.5266532416414158,
    0.5280289582431023,
    0.5175903112136672,
    0.5223251748554812,
    0.5224540750381395,
    0.5307242284561026,
    0.5082379650012613,
    0.49027214305741446,
    0.5123216724160857,
    0.49788202528883085
  ],
  "val": [
    0.7000142931938171,
    0.6845596432685852,
    0.6725978851318359,
    0.6755025386810303,
    0.6717046499252319,
    0.6760444045066833,
    0.6830926537513733,
    0.6869463920593262,
    0.6929523944854736,
    0.7006338238716125,
    0.7067216038703918,
    0.7094756960868835,
    0.71250981092453,
    0.7110005021095276,
    0.7089712023735046,
    0.7102822065353394,
    0.723116934299469,
    0.7332645654678345,
    0.7208499908447266,
    0.714679479598999,
    0.7167248725891113,
    0.7156660556793213,
    0.7210745215415955,
    0.7145910263061523,
    0.7027937769889832,
    0.697853684425354,
    0.6974943280220032,
    0.6977643370628357,
    0.6938238739967346,
    0.6865028142929077,
    0.6819502115249634,
    0.6838641166687012,
    0.689332127571106,
    0.6981534957885742,
    0.7059519290924072
  ]
}