{
  "train": [
    0.7159865994758794,
    0.706155499214022,
    0.6801269054412842,
    0.6772056092769642,
    0.6645729019136851,
    0.6694095305034092,
    0.6669716462125919,
    0.6641538759757732,
    0.635598532084761,
    0.6542160064716057,
    0.6381022295928354,
    0.6411617683072396,
    0.6345545943147444,
    0.623213985430196,
    0.624673522164669,
    0.611381885453398,
    0.6300652796411749,
    0.606014404684452,
    0.615891451025244,
    0.6316480956641324,
    0.6014686430909951,
    0.6085677813426614,
    0.5833914905346086,
    0.5952695364435318,
    0.6101303649653355,
    0.5912555382756765,
    0.5905075525415355,
    0.5825927239920705,
    0.5767222854304196,
    0.5959497701945563,
    0.5864628377219139,
    0.5822296829646444,
    0.5865478298346984,
    0.5985470701908243,
    0.5766817542719723,
    0.5889137698511772,
    0.5788176780557398,
    0.5887664183607242,
    0.5683053614470759,
    0.5697916722650012,
    0.5852573853114555,
    0.5631108498338409,
    0.5792327884382802,
    0.5613545267452748,
    0.5715037695880006,
    0.5568859377518076,
    0.5686811020808854,
    0.5666371689641417,
    0.5555959646337725,
    0.5801384604623165,
    0.5497958715913331,
    0.5820799544820645,
    0.576426673992514,
    0.5525261818481784,
    0.5588049759418506,
    0.5804010018926536,
    0.5551254953363259,
    0.5714786678112199,
    0.5561552717180674,
    0.5722671052798849,
    0.5606892863517912,
    0.5620761507837643,
    0.5386763549790594,
    0.5345895143565286,
    0.5458967682763274
  ],
  "val": [
    0.7064743638038635,
    0.6953675150871277,
    0.6911002397537231,
    0.6880555152893066,
    0.6846493482589722,
    0.6829275488853455,
    0.680889368057251,
    0.6803321242332458,
    0.6807309985160828,
    0.6820329427719116,
    0.682464063167572,
    0.6814184188842773,
    0.6782357096672058,
    0.6763836741447449,
    0.6757678985595703,
    0.6742211580276489,
    0.6722906827926636,
    0.6749904155731201,
    0.6750689744949341,
    0.6750316619873047,
    0.6754728555679321,
    0.6771209239959717,
    0.6782679557800293,
    0.6792029738426208,
    0.6782610416412354,
    0.6780682802200317,
    0.6787480115890503,
    0.6793860197067261,
    0.6761119365692139,
    0.675036609172821,
    0.6733466386795044,
    0.6740833520889282,
    0.6746438145637512,
    0.6728267669677734,
    0.6711810827255249,
    0.6722258925437927,
    0.6767281889915466,
    0.6787511110305786,
    0.6807972192764282,
    0.683335542678833,
    0.6879885196685791,
    0.6931602358818054,
    0.6970431804656982,
    0.7022287249565125,
    0.7033714056015015,
    0.7000184655189514,
    0.6972193717956543,
    0.6964789032936096,
    0.7005858421325684,
    0.7058258056640625,
    0.7105605602264404,
    0.7137543559074402,
    0.7092326879501343,
    0.6988241076469421,
    0.6910994052886963,
    0.6850075125694275,
    0.6817363500595093,
    0.6827873587608337,
    0.6868351697921753,
    0.6902403235435486,
    0.6904647350311279,
    0.6865500211715698,
    0.6837413311004639,
    0.6808531880378723,
    0.6792648434638977
  ]
}