{
  "train": [
    0.7890917767444855,
    0.7390579011639938,
    0.718195578734863,
    0.6889913223059894,
    0.6891625127181631,
    0.6677158379496024,
    0.6497071144616076,
    0.6472426347544628,
    0.6741469367384323,
    0.6514896947174824,
    0.6431623838217975,
    0.6368508849825177,
    0.6267115306384458,
    0.6303323442712793,
    0.6056019179339479,
    0.6254729105921214,
    0.6152061059557158,
    0.5966287026264397,
    0.6144868223537953,
    0.6111694867975019,
    0.6166099107324197,
    0.5892898666447607,
    0.6051857773893572,
    0.5902471515932693,
    0.593469198407798,
    0.6039614513002592,
    0.5987484455108643,
    0.5669406455725872,
    0.5816127346654244,
    0.6026560684730267,
    0.5810382367648514
  ],
  "val": [
    0.6458050608634949,
    0.6489119529724121,
    0.6579123139381409,
    0.6657499670982361,
    0.6726182103157043,
    0.6753697991371155,
    0.6750206351280212,
    0.6755384206771851,
    0.6777547001838684,
    0.68063884973526,
    0.6836786270141602,
    0.6839826107025146,
    0.6853010654449463,
    0.6899333000183105,
    0.7013917565345764,
    0.7082287073135376,
    0.7087602615356445,
    0.711053729057312,
    0.7140713930130005,
    0.7169604897499084,
    0.7180689573287964,
    0.717486560344696,
    0.717766284942627,
    0.7197350859642029,
    0.7276952266693115,
    0.7335144877433777,
    0.7380411028862,
    0.7403284311294556,
    0.736333429813385,
    0.7336980104446411,
    0.7343642711639404
  ]
}