{
  "train": [
    0.7478061567973621,
    0.6710298760183926,
    0.6386765822988426,
    0.6526975490776776,
    0.6351089486347631,
    0.6143090949563558,
    0.6210837640198581,
    0.59425300623983,
    0.5894588114592829,
    0.6108535140605983,
    0.6141366157038458,
    0.6088228836435402,
    0.6055887373797412,
    0.6031961399933388,
    0.5834854621018095,
    0.5788516739906349,
    0.5954860707221947,
    0.5779416376146777,
    0.6029540271007369,
    0.585250784023642,
    0.6047390998877915,
    0.5820653914230798,
    0.5518680217818086,
    0.5965105318670789,
    0.5902007128217538,
    0.5814729730777553,
    0.5823719833284763,
    0.5634513650034448,
    0.6010758706501552,
    0.5704811365146355,
    0.5691504977606787,
    0.5690336136395121,
    0.5484368958203076,
    0.566747965190211,
    0.5644701955647304,
    0.5724331287327659,
    0.5597971357735507,
    0.5670403729518646,
    0.5557894551108036,
    0.5533762600621567,
    0.5508986526522143,
    0.5583087895891349,
    0.5551359280576846,
    0.5489612331824937,
    0.540433616473757,
    0.5714595191584432,
    0.55174573507215,
    0.5380853702282083,
    0.5434781953031793,
    0.5408334958142248,
    0.5581333596130897,
    0.5543942811160252,
    0.5705592306376678,
    0.5487161992218694
  ],
  "val": [
    0.6855378746986389,
    0.6825610399246216,
    0.6813271641731262,
    0.6797491312026978,
    0.6773142218589783,
    0.6757181286811829,
    0.6755986213684082,
    0.6757393479347229,
    0.6750223636627197,
    0.680087149143219,
    0.6851238012313843,
    0.6897048354148865,
    0.6931225657463074,
    0.691688597202301,
    0.6876256465911865,
    0.6863601803779602,
    0.6861345171928406,
    0.6825177073478699,
    0.6793622970581055,
    0.6789025664329529,
    0.6780033707618713,
    0.6733390092849731,
    0.670829713344574,
    0.6686832904815674,
    0.6708944439888,
    0.6727015376091003,
    0.6713150143623352,
    0.674521803855896,
    0.6773704886436462,
    0.6821091771125793,
    0.6844901442527771,
    0.6857427954673767,
    0.6865890622138977,
    0.6875964403152466,
    0.6860113739967346,
    0.6830899715423584,
    0.6842699646949768,
    0.6834173202514648,
    0.68067866563797,
    0.6803820133209229,
    0.6812799572944641,
    0.6820735335350037,
    0.6825293302536011,
    0.6836372017860413,
    0.6851092576980591,
    0.6847469210624695,
    0.687527596950531,
    0.6886868476867676,
    0.6889231204986572,
    0.6902508735656738,
    0.6904269456863403,
    0.6820667386054993,
    0.6827875971794128,
    0.6810503602027893
  ]
}