{
  "train": [
    0.6653213536210836,
    0.6653328896156085,
    0.6494210338944872,
    0.6502220941881828,
    0.6339464854137064,
    0.6183917639877996,
    0.6274398262864851,
    0.6292271640500412,
    0.6078394114090304,
    0.6182513263425217,
    0.6073574094936766,
    0.6122393050217276,
    0.6193916628807049,
    0.6316683201367045,
    0.6093287265359475,
    0.5917218841355423,
    0.5960075156442051,
    0.605129165602435,
    0.605791763865889,
    0.5944825887973673,
    0.6193127564608757,
    0.5852017434947009,
    0.6008543706879828,
    0.5908058229925597,
    0.5865167852105766,
    0.5815856265904281,
    0.6104035838484176,
    0.5975394386963304,
    0.577366287778751,
    0.5723227321220736,
    0.6043989132777811,
    0.5752113725751492,
    0.5648029760774134,
    0.5745437521065397,
    0.5762182162900277,
    0.5609922802506997,
    0.5703084184031181
  ],
  "val": [
    0.6762679219245911,
    0.6705225110054016,
    0.6664497256278992,
    0.6644948124885559,
    0.6615806221961975,
    0.6602388024330139,
    0.6598414778709412,
    0.6611553430557251,
    0.6629302501678467,
    0.6635046601295471,
    0.6654350161552429,
    0.6664019227027893,
    0.6663245558738708,
    0.6658434867858887,
    0.6654932498931885,
    0.6662518978118896,
    0.6676443219184875,
    0.6692988872528076,
    0.6690706014633179,
    0.6688232421875,
    0.669173002243042,
    0.6687508821487427,
    0.667877733707428,
    0.6682180762290955,
    0.6701430678367615,
    0.6727234721183777,
    0.6754091382026672,
    0.6767355799674988,
    0.676656186580658,
    0.6780599355697632,
    0.6812803149223328,
    0.6845776438713074,
    0.6899256110191345,
    0.6911155581474304,
    0.686578631401062,
    0.6833581924438477,
    0.681066632270813
  ]
}