{
  "train": [
    0.6777045321581986,
    0.6260123302783872,
    0.6025041234610703,
    0.5898799297257598,
    0.5872558320097148,
    0.5783843022261934,
    0.5673558342045751,
    0.5566689178274182,
    0.564857864908397,
    0.539554935664379,
    0.5462346940205015,
    0.5468836635204372,
    0.5356529193558717,
    0.5368027480071401,
    0.5269338984794805,
    0.5286191170438758,
    0.5243240586055323,
    0.5171624794969418,
    0.509073335842546,
    0.5161141579961542,
    0.5154588608612568,
    0.5113625083063623,
    0.5088647254582109,
    0.4993943930259479,
    0.5051333090941894,
    0.4954287224802478,
    0.4924210954475873,
    0.5012774524723955,
    0.4864326645000815,
    0.4934357880371545,
    0.47957688643427315,
    0.47985419484194863,
    0.4831781264009147,
    0.4746726504687605,
    0.4791392786749478,
    0.47320707927783723,
    0.4885349354426849,
    0.47074094341306266,
    0.4694099388099069,
    0.4603676359935347
  ],
  "val": [
    0.6831382513046265,
    0.6838868856430054,
    0.6805348992347717,
    0.6728712320327759,
    0.6688084602355957,
    0.6663365364074707,
    0.664367139339447,
    0.6634114384651184,
    0.6609482169151306,
    0.6594657301902771,
    0.6634068489074707,
    0.6673764586448669,
    0.6671142578125,
    0.6670383214950562,
    0.668734610080719,
    0.6695475578308105,
    0.6695170402526855,
    0.6708206534385681,
    0.6710923910140991,
    0.6724447011947632,
    0.6762754321098328,
    0.6771832704544067,
    0.674813449382782,
    0.6767906546592712,
    0.6774052381515503,
    0.6778490543365479,
    0.6785356402397156,
    0.6773162484169006,
    0.6758022308349609,
    0.6744839549064636,
    0.6754928231239319,
    0.6817740797996521,
    0.681993842124939,
    0.6792087554931641,
    0.6805481910705566,
    0.6819097399711609,
    0.6799792051315308,
    0.6817866563796997,
    0.6777876019477844,
    0.6782791018486023
  ]
}