{
  "train": [
    0.6830681741531259,
    0.58758280165677,
    0.5433478408259124,
    0.5372004235906555,
    0.5225960072038209,
    0.5256850515386741,
    0.5036780222002508,
    0.5210297608316825,
    0.5041520621976242,
    0.5216716604279767,
    0.546429503727429,
    0.5057335513565928,
    0.5026750778917022,
    0.5063516899869946,
    0.5163903456603365,
    0.5060172810636717,
    0.4953805746996931,
    0.4926823909059534,
    0.4612792852183281,
    0.48311153847008503,
    0.47519345765043364,
    0.492203604705228,
    0.48966672678886375,
    0.498869667059095,
    0.4924725879882944,
    0.45988564097822593,
    0.4909331337571731,
    0.5102281657052158,
    0.4804335202783199,
    0.48749981901328554,
    0.48030896844535037,
    0.48414586433048906,
    0.48397630042043227,
    0.46595776374704145,
    0.45788565791886426,
    0.47561134346600237,
    0.4570947528766294,
    0.4823290272592911,
    0.4565710284439801,
    0.4472987745783012,
    0.4582009776472458,
    0.47114834732610017,
    0.45431705560590246,
    0.4672322032486864,
    0.47146452398135746,
    0.44152962427421155,
    0.4830480802235345,
    0.45731723440691757,
    0.45259610802082006,
    0.46811417567318886,
    0.4683634879553846,
    0.4598408814134269,
    0.44506936296453614,
    0.45575112075054,
    0.472607172915501,
    0.4714854374307717,
    0.4686148809681972,
    0.45440779692433736,
    0.42954180334589165
  ],
  "val": [
    0.6974818706512451,
    0.6889297962188721,
    0.682529628276825,
    0.6778141260147095,
    0.6774422526359558,
    0.6785959005355835,
    0.6818374991416931,
    0.6853931546211243,
    0.6886440515518188,
    0.6893386840820312,
    0.6921625137329102,
    0.6906766295433044,
    0.6826419830322266,
    0.6764557361602783,
    0.6724321246147156,
    0.6681385636329651,
    0.6671789884567261,
    0.6685582995414734,
    0.6724542379379272,
    0.6772568225860596,
    0.6793846487998962,
    0.6829459071159363,
    0.682138979434967,
    0.6805635690689087,
    0.6775352358818054,
    0.6710500717163086,
    0.666669487953186,
    0.663826584815979,
    0.6634740829467773,
    0.6643907427787781,
    0.6698169708251953,
    0.6743974089622498,
    0.6786934733390808,
    0.6795136332511902,
    0.6775730848312378,
    0.6804885864257812,
    0.6782271265983582,
    0.6770083904266357,
    0.6751720905303955,
    0.675725519657135,
    0.672132670879364,
    0.6753014326095581,
    0.6748049259185791,
    0.672619104385376,
    0.6721312999725342,
    0.6707201600074768,
    0.6660184860229492,
    0.6657785773277283,
    0.6677898168563843,
    0.6736257076263428,
    0.678142786026001,
    0.6790139079093933,
    0.6803757548332214,
    0.6834392547607422,
    0.6828972697257996,
    0.6791612505912781,
    0.6753350496292114,
    0.6743639707565308,
    0.6750680804252625
  ]
}