{
  "train": [
    0.6630169990027479,
    0.6712304074775997,
    0.6517305268442689,
    0.6416830347089345,
    0.6191802324332627,
    0.613204485677146,
    0.6103318956097946,
    0.6103382903366841,
    0.5825694875764142,
    0.5988119796579108,
    0.5963013070851124,
    0.5866927792286051,
    0.5710579785220141,
    0.6007954234560134,
    0.6099726173090817,
    0.5907581877238645,
    0.5893528176645927,
    0.5648945023860837,
    0.6018812389209353,
    0.5706599141870227,
    0.5817871642817417,
    0.5769943063482276,
    0.5655579224889502,
    0.5728715954742996,
    0.55061028009565,
    0.5731318358130055,
    0.5670556749029113,
    0.536539731354549,
    0.5574808807795858,
    0.5778851899607428,
    0.5582018203923268,
    0.5688177996081084,
    0.5464238246967053,
    0.5526173558141211,
    0.5521236111965085,
    0.5771073593294679,
    0.561182258751592,
    0.5736404143530747,
    0.5434198294367109,
    0.5585616932713927
  ],
  "val": [
    0.694029688835144,
    0.6938096880912781,
    0.6924179196357727,
    0.6904836297035217,
    0.6877813339233398,
    0.6822267770767212,
    0.6770614981651306,
    0.6736017465591431,
    0.6743988394737244,
    0.6728351712226868,
    0.6741974353790283,
    0.6753727197647095,
    0.6744207143783569,
    0.6762217283248901,
    0.6763386726379395,
    0.679054856300354,
    0.6817313432693481,
    0.6833782196044922,
    0.6837621927261353,
    0.6853867173194885,
    0.6843273043632507,
    0.6849992275238037,
    0.6862666606903076,
    0.6861617565155029,
    0.6889017224311829,
    0.6880881190299988,
    0.6919236779212952,
    0.6933291554450989,
    0.698384702205658,
    0.6968773007392883,
    0.6962894201278687,
    0.6933947205543518,
    0.6941598653793335,
    0.6950414776802063,
    0.6963244080543518,
    0.6966476440429688,
    0.6966265439987183,
    0.6978389024734497,
    0.6976433992385864,
    0.6979095339775085
  ]
}