{
  "train": [
    0.7012741879876612,
    0.6680362591602532,
    0.67786013140467,
    0.6724815051543889,
    0.652348304029756,
    0.6331089326900802,
    0.6021123924866099,
    0.5962185862616365,
    0.6190359392776865,
    0.6288176102591265,
    0.6151961616694633,
    0.6000407255929092,
    0.6278482487636247,
    0.5764814095544111,
    0.5839384248104001,
    0.6145364410184287,
    0.594534724803981,
    0.576463900469794,
    0.5947920622790388,
    0.5620254724483772,
    0.5974005607548606,
    0.598725993938634,
    0.595465493319657,
    0.5632628683973415,
    0.5979123388605164,
    0.5764573813952836,
    0.5849972960396941,
    0.5841492907754307,
    0.5664439048673132,
    0.5555629570202287,
    0.5785324050875132,
    0.5992978823008795,
    0.5715502365469345,
    0.5848040601302837,
    0.5683036619806524,
    0.577333566003245,
    0.5931277233978798,
    0.568191081725905,
    0.5534709603915661,
    0.5512585146673794,
    0.562687513276274,
    0.5478930948990319,
    0.5730989049808145,
    0.5238596020367345,
    0.555217045281321
  ],
  "val": [
    0.6937037706375122,
    0.691760778427124,
    0.6901519894599915,
    0.6891735792160034,
    0.6861198544502258,
    0.6821548938751221,
    0.677528440952301,
    0.6755344867706299,
    0.6744936108589172,
    0.6727323532104492,
    0.6697160601615906,
    0.6676788926124573,
    0.6663950085639954,
    0.6667284965515137,
    0.6649678349494934,
    0.6663666367530823,
    0.6678029298782349,
    0.6681442260742188,
    0.6690352559089661,
    0.667481541633606,
    0.669238805770874,
    0.6696105599403381,
    0.6712135076522827,
    0.6691803932189941,
    0.6693911552429199,
    0.6697410941123962,
    0.6718625426292419,
    0.6732819080352783,
    0.6739347577095032,
    0.6751468181610107,
    0.6732841730117798,
    0.6718792915344238,
    0.6705974340438843,
    0.6703449487686157,
    0.6720597147941589,
    0.6683392524719238,
    0.672187328338623,
    0.6735329031944275,
    0.674694836139679,
    0.6766000986099243,
    0.6774765849113464,
    0.6779663562774658,
    0.6797672510147095,
    0.6790053844451904,
    0.6772170066833496
  ]
}