{
  "train": [
    0.6989978575354139,
    0.6179807843833134,
    0.5880854256047404,
    0.5703756207315792,
    0.5413733218691031,
    0.5415608633327954,
    0.5498185398543409,
    0.5238687272729545,
    0.5424398844465247,
    0.533365815731105,
    0.5522155197970385,
    0.5120076710367437,
    0.5193469771023455,
    0.4933700253223551,
    0.512549745919082,
    0.5221016586120493,
    0.5068734291151826,
    0.49682827418660885,
    0.500640181778687,
    0.5174594559692984,
    0.512084648820567,
    0.5069673669162055,
    0.5141553039034011,
    0.4856026755471535,
    0.48842003339617124,
    0.4916542228219544,
    0.489669880256277,
    0.47783754993542077,
    0.4905371143312877,
    0.4754840690514137,
    0.5001254895050538,
    0.4829296707519757,
    0.49628418155491644,
    0.48853796514971504,
    0.47003683726775825,
    0.49276022693793764,
    0.4703593976391947,
    0.48907262336444385,
    0.48250291294652253,
    0.4919366595780321,
    0.48453940458485645,
    0.46560969611106834,
    0.471133828163147
  ],
  "val": [
    0.6914486289024353,
    0.6875094175338745,
    0.6836901307106018,
    0.6806626915931702,
    0.6778503060340881,
    0.6752334237098694,
    0.6742359399795532,
    0.6696484088897705,
    0.6635391712188721,
    0.6611197590827942,
    0.6573113203048706,
    0.6534395217895508,
    0.6513605117797852,
    0.6534937620162964,
    0.6557670831680298,
    0.6609969139099121,
    0.6637911796569824,
    0.666294515132904,
    0.6736221313476562,
    0.6746686697006226,
    0.6733900308609009,
    0.6781629323959351,
    0.682019829750061,
    0.681065022945404,
    0.6857571005821228,
    0.6885625123977661,
    0.6967014074325562,
    0.7033362984657288,
    0.7029069066047668,
    0.7054988741874695,
    0.7036935091018677,
    0.7031001448631287,
    0.6983079314231873,
    0.700025200843811,
    0.701768696308136,
    0.7001436948776245,
    0.6957626938819885,
    0.6932982802391052,
    0.6927232146263123,
    0.6947711706161499,
    0.6937050223350525,
    0.6961749792098999,
    0.6946349740028381
  ]
}