{
  "train": [
    0.7472519266781549,
    0.6752027954374041,
    0.6997300809240107,
    0.6733010696072884,
    0.6409240356219813,
    0.6465354250569649,
    0.6287887372406833,
    0.6013120151505682,
    0.6289059628406769,
    0.6342477610545793,
    0.5990675634938508,
    0.5952606741430724,
    0.5968168225194433,
    0.6065728344353549,
    0.6143873005077757,
    0.5915396066722024,
    0.5767177877755001,
    0.5541060748945903,
    0.5921153449659864,
    0.5662731149513733,
    0.5637460074988492,
    0.5678047699294066,
    0.5731204431045231,
    0.5485188326812143,
    0.5678716748218818,
    0.5664539892098,
    0.5793633387593801,
    0.5664984613216569,
    0.5675253483462216,
    0.5500123142608868,
    0.5732224783286672,
    0.5608859182578589,
    0.5471565356395515,
    0.5450316790876717,
    0.5570558984878615,
    0.5491982396013044,
    0.525873815484822,
    0.5573811319661258,
    0.544174206374314,
    0.538041348234186,
    0.5450739546362402,
    0.5473027026712014,
    0.5304926128810262,
    0.5329175356573659,
    0.5339375719648277,
    0.5434684039923945,
    0.5336217698205281,
    0.5299792697864213,
    0.5448607071279892,
    0.5365739591015971,
    0.5496459717821018,
    0.5317131407155192,
    0.5293925670273786,
    0.5212081785272495,
    0.538404758487429,
    0.5312898896010638,
    0.5169451776983702,
    0.5361067132996808,
    0.5267675918311321,
    0.5180756951787789
  ],
  "val": [
    0.6930043697357178,
    0.6917861104011536,
    0.6896986961364746,
    0.6892883777618408,
    0.6897004842758179,
    0.6922000646591187,
    0.6942307949066162,
    0.6982340216636658,
    0.7002538442611694,
    0.700643002986908,
    0.7051677107810974,
    0.7073596715927124,
    0.7064869403839111,
    0.7112178802490234,
    0.707493007183075,
    0.7066508531570435,
    0.7049412727355957,
    0.7017215490341187,
    0.7007376551628113,
    0.6958038210868835,
    0.6951753497123718,
    0.6928429007530212,
    0.6895166635513306,
    0.6884959936141968,
    0.6879198551177979,
    0.6843742728233337,
    0.6829378008842468,
    0.6800550222396851,
    0.6772463917732239,
    0.6766928434371948,
    0.6829938292503357,
    0.6862316131591797,
    0.6849714517593384,
    0.6859333515167236,
    0.6858606338500977,
    0.6862354278564453,
    0.6859092116355896,
    0.6830703616142273,
    0.6805719137191772,
    0.6818782091140747,
    0.6844064593315125,
    0.687608540058136,
    0.6880782246589661,
    0.6878828406333923,
    0.6887545585632324,
    0.687254786491394,
    0.685879111289978,
    0.682839572429657,
    0.6848952174186707,
    0.6846420168876648,
    0.6853674054145813,
    0.6872544288635254,
    0.6898599863052368,
    0.6892422437667847,
    0.6906055212020874,
    0.6886796355247498,
    0.6867877244949341,
    0.6893637776374817,
    0.691699206829071,
    0.691681981086731
  ]
}