{
  "train": [
    0.7011276084214009,
    0.6497963314573166,
    0.6203081419902482,
    0.6174684419420552,
    0.6001531058931585,
    0.6022503999947327,
    0.5826915925359492,
    0.5865533190407777,
    0.5655819758993065,
    0.5702462627969939,
    0.5930179069782126,
    0.5853169713114282,
    0.5688548722290641,
    0.5594074400187713,
    0.5592586550806543,
    0.5469053572621839,
    0.5676797784020748,
    0.5500009708803862,
    0.5403743359842911,
    0.5463073100949744,
    0.5493604581931542,
    0.5540407073908838,
    0.5554111617539317,
    0.5361294336800505,
    0.5386898955100863,
    0.5419886834515727,
    0.5339266349529398,
    0.5321487288169673,
    0.5253923310728495,
    0.5266373345417342,
    0.5264088430721772,
    0.5283484221091999,
    0.5137413414241058
  ],
  "val": [
    0.6871337890625,
    0.6730257272720337,
    0.6624071598052979,
    0.6677733063697815,
    0.6736829280853271,
    0.6860477924346924,
    0.7001370191574097,
    0.7052484750747681,
    0.7105927467346191,
    0.7153593897819519,
    0.7050050497055054,
    0.6977581977844238,
    0.6945161819458008,
    0.6907106041908264,
    0.6906168460845947,
    0.6883641481399536,
    0.6856465935707092,
    0.6867714524269104,
    0.6898880004882812,
    0.6957306265830994,
    0.6981379389762878,
    0.6973962783813477,
    0.6973172426223755,
    0.6982908248901367,
    0.6965674161911011,
    0.6957845687866211,
    0.6964025497436523,
    0.6946460008621216,
    0.6979132294654846,
    0.7008810639381409,
    0.7094515562057495,
    0.7193683385848999,
    0.7191780805587769
  ]
}