{
  "train": [
    0.7031063399291391,
    0.6586673482885501,
    0.6458352369627929,
    0.6503260217863938,
    0.6330264046274382,
    0.6258157045383171,
    0.6075945840093303,
    0.6021855770073501,
    0.591515717541643,
    0.5869153012783069,
    0.5667767877061965,
    0.6008613042056267,
    0.5811129576466941,
    0.5694994248192886,
    0.5582561965646415,
    0.5661433127713321,
    0.5789443959156281,
    0.5516557537863407,
    0.5734074656012023,
    0.5704374724421007,
    0.5620595895010849,
    0.5294231907487503,
    0.5696415005646316,
    0.5498182459417822,
    0.5457090847010683,
    0.5679295992322744,
    0.5464263714005795,
    0.5636266258549808,
    0.5522401711623657,
    0.5556834513330694,
    0.533592273889504,
    0.5592560001782009,
    0.5235525172919475,
    0.5557385641953041,
    0.5432699525297568,
    0.551685938400588,
    0.5426549981967569,
    0.5286263203973254,
    0.5388917196266757,
    0.5259313231031296,
    0.547980673501057,
    0.5366952906688446,
    0.5444075529798499,
    0.5439899911727811,
    0.5378703742191709
  ],
  "val": [
    0.691828191280365,
    0.6921298503875732,
    0.6898685097694397,
    0.6866937279701233,
    0.683472752571106,
    0.6811597347259521,
    0.6800717115402222,
    0.6799114942550659,
    0.6773622035980225,
    0.6774478554725647,
    0.6775923371315002,
    0.6768162846565247,
    0.6760284304618835,
    0.6754823327064514,
    0.6738058924674988,
    0.6750494241714478,
    0.6750667095184326,
    0.6786894202232361,
    0.6793147325515747,
    0.6791608929634094,
    0.6817440986633301,
    0.6830235719680786,
    0.6862660646438599,
    0.6887109875679016,
    0.6906565427780151,
    0.690698504447937,
    0.6904096007347107,
    0.6953410506248474,
    0.6960610747337341,
    0.6947349309921265,
    0.6927764415740967,
    0.6919177174568176,
    0.6895074844360352,
    0.6858459115028381,
    0.6872984766960144,
    0.683998167514801,
    0.6856157183647156,
    0.6871758103370667,
    0.6867521405220032,
    0.6858015656471252,
    0.6871827840805054,
    0.6840556859970093,
    0.6872521638870239,
    0.6861244440078735,
    0.6813678741455078
  ]
}