{
  "train": [
    0.683226159053483,
    0.6410467839006133,
    0.6285101926972714,
    0.6056849210720344,
    0.6065469257937276,
    0.6037745707728005,
    0.607353477055216,
    0.5969325298158993,
    0.5942194916931867,
    0.5767513472458412,
    0.5911054235373812,
    0.5599192606991735,
    0.5760809021630311,
    0.5954247128787299,
    0.5800472688792374,
    0.5795748368859879,
    0.5619212277417113,
    0.5479512904665153,
    0.5742502586888563,
    0.563163780226496,
    0.5537067603301532,
    0.561941158742153,
    0.5474414247010142,
    0.5477854016379182,
    0.5369835689737292,
    0.5497837474780717,
    0.5381915319729321,
    0.5556130946563382,
    0.5369503395310764,
    0.5319684967031619,
    0.5615622630260261,
    0.5234330612156779,
    0.5384744389597418,
    0.5269258427502487
  ],
  "val": [
    0.6835513710975647,
    0.6720165014266968,
    0.6658918857574463,
    0.6645194292068481,
    0.669482409954071,
    0.67498779296875,
    0.6782161593437195,
    0.6801236867904663,
    0.6828447580337524,
    0.6892662644386292,
    0.6944947838783264,
    0.6972357630729675,
    0.7024294137954712,
    0.7007579803466797,
    0.6941927075386047,
    0.6936299800872803,
    0.6914758682250977,
    0.6939799785614014,
    0.6945112347602844,
    0.6952904462814331,
    0.692893385887146,
    0.6942520141601562,
    0.6958593726158142,
    0.6963807940483093,
    0.6969825625419617,
    0.6988282799720764,
    0.7040173411369324,
    0.7105655670166016,
    0.7131568789482117,
    0.7150428891181946,
    0.712319016456604,
    0.7103474140167236,
    0.7127105593681335,
    0.7118034958839417
  ]
}