{
  "train": [
    0.6948159527896073,
    0.6456608182103764,
    0.6089103333468507,
    0.6108983138511921,
    0.6036518166217898,
    0.573303895924479,
    0.582660042006394,
    0.5744569659820331,
    0.5725891220158544,
    0.5572046995750202,
    0.5478029374418587,
    0.5321495380307654,
    0.5572701817369227,
    0.5551981862836284,
    0.5464795255308668,
    0.5574572200845616,
    0.5520434344343363,
    0.5406793118110431,
    0.5456087154707885,
    0.5427252938007486,
    0.5425869685969329,
    0.5301791194624501,
    0.5397267563296069,
    0.5289355707286026,
    0.5505366689465904,
    0.5340617437080797,
    0.5196316421325571,
    0.5330653428444134,
    0.5127899555737162,
    0.50574657115443,
    0.5079536010772724,
    0.5213055346399692,
    0.520570690702335,
    0.5114430827753884,
    0.5067611515815622,
    0.5216111640624812
  ],
  "val": [
    0.7160946726799011,
    0.7070454359054565,
    0.69822758436203,
    0.6911419630050659,
    0.6857506632804871,
    0.68467777967453,
    0.6852113604545593,
    0.685599684715271,
    0.688634991645813,
    0.6895713210105896,
    0.6905064582824707,
    0.6889235377311707,
    0.6881104111671448,
    0.687334418296814,
    0.6899762153625488,
    0.6905364990234375,
    0.6912872195243835,
    0.6957077383995056,
    0.7002091407775879,
    0.7001421451568604,
    0.6972712278366089,
    0.6966511011123657,
    0.6923232674598694,
    0.6896162629127502,
    0.6921842694282532,
    0.6929374933242798,
    0.6928699016571045,
    0.6958223581314087,
    0.6956483721733093,
    0.6948058009147644,
    0.6925531625747681,
    0.6908272504806519,
    0.6920064687728882,
    0.6912409067153931,
    0.6950268149375916,
    0.6952188611030579
  ]
}