{
  "train": [
    0.8242579249325644,
    0.6990916508759184,
    0.6907809244588091,
    0.6836195497090006,
    0.6478844798844436,
    0.6269161011197885,
    0.611692405392971,
    0.6158329298343564,
    0.6116806245202502,
    0.6070369872553595,
    0.5982772311553579,
    0.5855865223067147,
    0.5954492130303031,
    0.5747958142769161,
    0.5705734737988176,
    0.5683749745338421,
    0.5733115009486381,
    0.573538879455604,
    0.5707453492239778,
    0.5951450393704946,
    0.5743531840188163,
    0.5706680550657469,
    0.5639938174797396,
    0.5571797419651389,
    0.5551681254297641,
    0.5625241517727011,
    0.5385521286226845,
    0.5449209571471942,
    0.5316256149649032,
    0.5569101695356697,
    0.5505539228763486,
    0.5404942624381023,
    0.5531990440021007,
    0.5367300067041895,
    0.5247143912197921,
    0.531455251383664
  ],
  "val": [
    0.6867904663085938,
    0.698375940322876,
    0.716924786567688,
    0.7015129923820496,
    0.6875661611557007,
    0.6863408088684082,
    0.6911550164222717,
    0.6938294768333435,
    0.6966755390167236,
    0.696959912776947,
    0.6962676048278809,
    0.6925058364868164,
    0.687543511390686,
    0.6863676309585571,
    0.6867029070854187,
    0.6898244619369507,
    0.6924591660499573,
    0.6945204138755798,
    0.697894811630249,
    0.7001894116401672,
    0.7016893029212952,
    0.7048503160476685,
    0.7082939743995667,
    0.712240993976593,
    0.7151091694831848,
    0.7166752815246582,
    0.7159249186515808,
    0.7164194583892822,
    0.717411458492279,
    0.7180099487304688,
    0.7143837213516235,
    0.7122054100036621,
    0.7107707262039185,
    0.705676257610321,
    0.7036733627319336,
    0.7031877636909485
  ]
}