{
  "train": [
    0.8014886752137997,
    0.734704817750771,
    0.7112148903273596,
    0.6975701463046332,
    0.6922104822591021,
    0.6633917891920493,
    0.6697511966592573,
    0.656600418055586,
    0.637325776328007,
    0.6340858078942511,
    0.627926045450671,
    0.6412259654458521,
    0.6431639147509495,
    0.6365856396153643,
    0.6319233187900976,
    0.6281229316307406,
    0.6321596297724493,
    0.6135706141077238,
    0.6266793188790383,
    0.6250496873714654,
    0.6276322315479147,
    0.605890420416893,
    0.6269594815564273,
    0.6047356281374475,
    0.5930168508308862,
    0.6076329517834292,
    0.6056409354867607,
    0.6073346126255731,
    0.6179792954416697,
    0.5991031383645946,
    0.6053999627165019,
    0.6138698109265032,
    0.616041333217339,
    0.6012320271853743,
    0.6145026707296888,
    0.591762347027586,
    0.5862877410033653,
    0.5954885001253025,
    0.5938513927859038,
    0.5910539016347801,
    0.5939272072514877,
    0.5893092046817535,
    0.5917517296199141,
    0.6048391699203717,
    0.5825481808244302,
    0.5963069288601429,
    0.5950562206688773,
    0.5831829230186387,
    0.5917567179120821,
    0.5783091589735059,
    0.5903730363094161,
    0.5887744673367205,
    0.5726550471019275,
    0.5791137532647608,
    0.5951606901408416,
    0.5904957276259737,
    0.5709774036125597,
    0.574194619514672,
    0.6010810036964604,
    0.5743528040759082,
    0.5687537410576355,
    0.5793312864350568,
    0.5673047392239124
  ],
  "val": [
    0.6998799443244934,
    0.6910330057144165,
    0.6830872893333435,
    0.6767334938049316,
    0.6739399433135986,
    0.6729846000671387,
    0.6733723878860474,
    0.6754236221313477,
    0.6784074902534485,
    0.6798024773597717,
    0.6798064708709717,
    0.6807053685188293,
    0.6840994954109192,
    0.6841948628425598,
    0.6839560270309448,
    0.6833543181419373,
    0.6830813884735107,
    0.6797343492507935,
    0.6791060566902161,
    0.6779165267944336,
    0.6763576865196228,
    0.6775264143943787,
    0.6780603528022766,
    0.6791402101516724,
    0.6794880032539368,
    0.6802014708518982,
    0.678272008895874,
    0.6778913736343384,
    0.6772556304931641,
    0.6747699975967407,
    0.6726477742195129,
    0.6714856624603271,
    0.6698195934295654,
    0.6708614826202393,
    0.6723262071609497,
    0.6733319163322449,
    0.6749926209449768,
    0.6760891675949097,
    0.67696613073349,
    0.6770412921905518,
    0.6781436204910278,
    0.6815696954727173,
    0.6843628287315369,
    0.6861379146575928,
    0.6897335052490234,
    0.6927970051765442,
    0.6966966390609741,
    0.6992934346199036,
    0.6973819732666016,
    0.6958853006362915,
    0.6928321719169617,
    0.6940416097640991,
    0.6905641555786133,
    0.6912533640861511,
    0.686362087726593,
    0.684353232383728,
    0.6847881078720093,
    0.6846584677696228,
    0.6813680529594421,
    0.6793859601020813,
    0.6821678280830383,
    0.6820113658905029,
    0.681722104549408
  ]
}