{
  "train": [
    0.682488330185707,
    0.6662618999410732,
    0.6504232560472535,
    0.6202541228585643,
    0.6190219219095014,
    0.6116881711142403,
    0.5983078964238097,
    0.598086129268402,
    0.6057621287594875,
    0.6045058026102376,
    0.5879219749878193,
    0.5749326527412302,
    0.5796962000172714,
    0.5656131508902376,
    0.5779975403118603,
    0.5669690902009973,
    0.5644825884861312,
    0.5706856485658092,
    0.5705964698873717,
    0.5576698292652374,
    0.5465542700490341,
    0.5574155764039515,
    0.5471967931451469,
    0.5537853358414373,
    0.5347593209426391,
    0.5442215547773052,
    0.5422382313629677,
    0.5329901969491555,
    0.5582083330072206,
    0.5296317112856898,
    0.5495359838889737,
    0.5353700706524215,
    0.550726256347055,
    0.5370334595295009,
    0.5454466991823882,
    0.5291231010347751,
    0.5456973298136236,
    0.5518604326130722,
    0.5236862061058947,
    0.5244518859045846,
    0.5152564475982647,
    0.522192278665862,
    0.5281238922931878,
    0.5330901443958282
  ],
  "val": [
    0.6808626651763916,
    0.6748958826065063,
    0.671764612197876,
    0.669735848903656,
    0.6652845144271851,
    0.6608870029449463,
    0.6570370197296143,
    0.6534360647201538,
    0.6507253646850586,
    0.6483356952667236,
    0.6445168852806091,
    0.6437601447105408,
    0.6418175101280212,
    0.6403723955154419,
    0.6410475373268127,
    0.640553891658783,
    0.643729031085968,
    0.6460491418838501,
    0.6477596163749695,
    0.6478105783462524,
    0.6491246223449707,
    0.6506330966949463,
    0.6512134075164795,
    0.6528387665748596,
    0.653446614742279,
    0.655298113822937,
    0.6568859815597534,
    0.6582322716712952,
    0.6623388528823853,
    0.6641958355903625,
    0.6608383655548096,
    0.6599755883216858,
    0.6598489880561829,
    0.6599546670913696,
    0.6630627512931824,
    0.665484607219696,
    0.6660569906234741,
    0.6681538224220276,
    0.6656932830810547,
    0.6646952033042908,
    0.6641461849212646,
    0.6654366254806519,
    0.6659476161003113,
    0.6692115068435669
  ]
}