{
  "train": [
    0.8251067206190137,
    0.7704887519329052,
    0.7673009880657854,
    0.7444048156879218,
    0.7353476705809532,
    0.7262300358617247,
    0.7274183252174866,
    0.7423851325594145,
    0.7030692376526706,
    0.7388275321481264,
    0.6925270507488345,
    0.7158806632305014,
    0.6839980092541925,
    0.7062566852921923,
    0.6751906484218654,
    0.6833670151057502,
    0.6847583824777838,
    0.681233564327503,
    0.6589580416092145,
    0.6703456023643757,
    0.6602810950114809,
    0.6586867515089476,
    0.6837649944380586,
    0.640260203424933,
    0.67397080530674,
    0.6644645218778713,
    0.6605437759108144,
    0.6673651521135433,
    0.6540269499341843,
    0.6590227302659322,
    0.6613035789264247,
    0.6495492326214983,
    0.6475218516852468
  ],
  "val": [
    0.6751192808151245,
    0.6609652042388916,
    0.6552608013153076,
    0.6617579460144043,
    0.6719471216201782,
    0.6880959868431091,
    0.6778824925422668,
    0.6702313423156738,
    0.6692960858345032,
    0.6720387935638428,
    0.6757217049598694,
    0.6757389307022095,
    0.673698365688324,
    0.6738389134407043,
    0.674961268901825,
    0.6782650947570801,
    0.680220365524292,
    0.6815781593322754,
    0.6854562759399414,
    0.6862261295318604,
    0.6846825480461121,
    0.6836048364639282,
    0.681053638458252,
    0.6750613451004028,
    0.6742251515388489,
    0.677503764629364,
    0.680149257183075,
    0.6824990510940552,
    0.6870443224906921,
    0.6912469863891602,
    0.689096987247467,
    0.6858596801757812,
    0.6833551526069641
  ]
}