{
  "train": [
    0.6972096295192324,
    0.6496635052958145,
    0.6352754385013298,
    0.6553296012244201,
    0.6119593860480586,
    0.6145756686555928,
    0.6243368472371783,
    0.6137725528825093,
    0.6253667547197764,
    0.6136256283139948,
    0.5937385194994546,
    0.6014094132507963,
    0.6016613691311165,
    0.623994996982255,
    0.5918729099734076,
    0.592419172449065,
    0.5816809094598141,
    0.6012229417345206,
    0.5945733838480681,
    0.5796593292593368,
    0.5825672243616263,
    0.5876783925324238,
    0.5971619971280028,
    0.5846876877869291,
    0.5887338086008438,
    0.5662272607751668,
    0.5634128013855131,
    0.56649685698777,
    0.5737396932294216,
    0.5700024298846428,
    0.5596607380312651,
    0.5522560864833775
  ],
  "val": [
    0.6656782031059265,
    0.6569368243217468,
    0.6600343585014343,
    0.6667816638946533,
    0.6692033410072327,
    0.6695733666419983,
    0.6687426567077637,
    0.6690846085548401,
    0.6706603169441223,
    0.6749525666236877,
    0.6772676110267639,
    0.6788915395736694,
    0.6821070909500122,
    0.6867403984069824,
    0.6894879341125488,
    0.6850143074989319,
    0.6840627789497375,
    0.6850017309188843,
    0.6859716773033142,
    0.6855641603469849,
    0.6843279600143433,
    0.6811015009880066,
    0.6827260255813599,
    0.6816214919090271,
    0.6740117073059082,
    0.667995035648346,
    0.6656948328018188,
    0.6651692986488342,
    0.6685916185379028,
    0.6751745939254761,
    0.6747800707817078,
    0.683255136013031
  ]
}