{
  "train": [
    0.7081816786615719,
    0.6865485800898133,
    0.6466875228975794,
    0.6559218271025296,
    0.6398942529274325,
    0.6320243489566107,
    0.626406817013407,
    0.6281984727370915,
    0.6221257418834517,
    0.61419325465052,
    0.6008391254053914,
    0.5971907565159164,
    0.5998282658642736,
    0.6071099979536874,
    0.587108777074391,
    0.5869869378399967,
    0.5946011957276631,
    0.5843084927262931,
    0.579704585627382,
    0.5813778380455055,
    0.5832022390342111,
    0.5696347006436052,
    0.5630004772999017,
    0.565722966135429,
    0.5738015569783197,
    0.566214480129956,
    0.5643382280918178,
    0.5599509260337341,
    0.554987317822837,
    0.5815551780127539,
    0.5585946348206751,
    0.5640739616502095,
    0.5657634124380028,
    0.5729156603366871,
    0.5497792968021825,
    0.5490970617444645,
    0.5494556550321907,
    0.5374832185618396,
    0.5464522691783059,
    0.5497611485091336,
    0.5584994652881998,
    0.5332639945551679,
    0.5453529529677236,
    0.5428998065112259,
    0.5346511370442771,
    0.5388721952884655,
    0.5295786578666988
  ],
  "val": [
    0.6796778440475464,
    0.6817139983177185,
    0.6785070300102234,
    0.6762208938598633,
    0.6735905408859253,
    0.6723955869674683,
    0.6721152067184448,
    0.6725969314575195,
    0.6722816824913025,
    0.6740989089012146,
    0.6737110614776611,
    0.6735542416572571,
    0.6734146475791931,
    0.6713083982467651,
    0.6702388525009155,
    0.668378472328186,
    0.6672746539115906,
    0.6674703359603882,
    0.6700513958930969,
    0.6737717986106873,
    0.673988401889801,
    0.6755882501602173,
    0.6787401437759399,
    0.6813260316848755,
    0.6848286390304565,
    0.685197114944458,
    0.685235857963562,
    0.6838711500167847,
    0.6822242140769958,
    0.6783969402313232,
    0.6759492754936218,
    0.6747192740440369,
    0.6778491139411926,
    0.6776452660560608,
    0.6783173680305481,
    0.6834480166435242,
    0.688521683216095,
    0.6920498609542847,
    0.6937690377235413,
    0.6921725273132324,
    0.6932145953178406,
    0.6958251595497131,
    0.6995900869369507,
    0.7039534449577332,
    0.7045348286628723,
    0.7010173797607422,
    0.6954529881477356
  ]
}