{
  "train": [
    0.7285277373685038,
    0.6800655003251701,
    0.6583047523874367,
    0.6201628979497356,
    0.6035376001755005,
    0.6004374869938555,
    0.5732283087199544,
    0.5637506792698,
    0.5702187859366092,
    0.5736923749223718,
    0.5594049665728226,
    0.5464972019782794,
    0.5401048713129729,
    0.5473602211534097,
    0.5458906395681973,
    0.5298800531572896,
    0.5287741936486343,
    0.5248901013083058,
    0.5260106861004101,
    0.5226496459521683,
    0.49957880509897995,
    0.513322480500038,
    0.5161244989615943,
    0.5202405349961643,
    0.5126627431127239,
    0.5073862919960116,
    0.507861467711444,
    0.5014325935265114,
    0.5107771299155475,
    0.5097521520013293,
    0.4903394161480401,
    0.49438148736953735,
    0.510910353637094,
    0.49876978597030264,
    0.49555526049853543,
    0.4892633792214793,
    0.49577702970927573,
    0.4848281381459072,
    0.4953668789910565
  ],
  "val": [
    0.6978668570518494,
    0.6919372081756592,
    0.6859390139579773,
    0.6818503737449646,
    0.6775769591331482,
    0.6727200746536255,
    0.6677379608154297,
    0.6653808951377869,
    0.6641043424606323,
    0.6658146977424622,
    0.6677199006080627,
    0.6687337160110474,
    0.671402633190155,
    0.6726691126823425,
    0.6727176308631897,
    0.671160876750946,
    0.6697809100151062,
    0.6685494780540466,
    0.6715160608291626,
    0.6742311120033264,
    0.6752848625183105,
    0.6726418137550354,
    0.6738630533218384,
    0.6790235042572021,
    0.6790136694908142,
    0.6784681081771851,
    0.6803337335586548,
    0.6807649731636047,
    0.6807199716567993,
    0.6801299452781677,
    0.6818853616714478,
    0.6838042736053467,
    0.6833885908126831,
    0.6822014451026917,
    0.6851652264595032,
    0.6869622468948364,
    0.689792811870575,
    0.6910035014152527,
    0.6910572648048401
  ]
}