{
  "train": [
    0.801388071675606,
    0.7654660294208621,
    0.7648850467991947,
    0.7522027739163103,
    0.7328127851627143,
    0.7224153104086815,
    0.7209172797907749,
    0.7177196934892627,
    0.7053378990718296,
    0.6972776757085265,
    0.6955615951509898,
    0.6880036903719596,
    0.6915388362748283,
    0.6941859757371724,
    0.6743117585558022,
    0.6910303549226282,
    0.6658736819704177,
    0.6750890110513846,
    0.6811547731531078,
    0.6462230984800554,
    0.6846386719807028,
    0.672053800134236,
    0.6821062001101489,
    0.6630316027279558,
    0.6394395323222494,
    0.6684491649049843,
    0.6680299771830366,
    0.6374926327778201,
    0.6470395584999047,
    0.6272299019573945,
    0.64197142077197,
    0.6431836295010421,
    0.6360295981609175,
    0.6478481040212322,
    0.6271219183071494,
    0.6203679809429375,
    0.634131986225767,
    0.6367914876327139,
    0.6435857764605818,
    0.6389934720076951,
    0.6228059832685686,
    0.622376951384427,
    0.6329288271260379,
    0.6202818598653296,
    0.6252367349681008
  ],
  "val": [
    0.6977301239967346,
    0.6944054365158081,
    0.6913841962814331,
    0.689208984375,
    0.6911028623580933,
    0.6908950805664062,
    0.6912734508514404,
    0.6922531127929688,
    0.6927891969680786,
    0.6919614672660828,
    0.6886686086654663,
    0.6860548853874207,
    0.684220016002655,
    0.6825199127197266,
    0.6819321513175964,
    0.682448148727417,
    0.683329164981842,
    0.685310423374176,
    0.6863301396369934,
    0.6887955665588379,
    0.6910623908042908,
    0.6928861737251282,
    0.6929330825805664,
    0.6916614770889282,
    0.6901706457138062,
    0.6909642219543457,
    0.6926920413970947,
    0.693401575088501,
    0.6988147497177124,
    0.7040367722511292,
    0.7087964415550232,
    0.7095365524291992,
    0.7073557376861572,
    0.704716145992279,
    0.7031624913215637,
    0.7006813287734985,
    0.6968593597412109,
    0.6943566203117371,
    0.6932364106178284,
    0.6943178176879883,
    0.6953193545341492,
    0.6948343515396118,
    0.6935660243034363,
    0.6915995478630066,
    0.6859281063079834
  ]
}