{
  "train": [
    0.7138425875179873,
    0.711247961509404,
    0.6837854708356811,
    0.668943371972427,
    0.6468531046007654,
    0.648174168147477,
    0.6467873136985478,
    0.6450505990700182,
    0.6418837483586937,
    0.6366232131502311,
    0.6298822000108916,
    0.6361706920445259,
    0.6200515507477258,
    0.6199160937605233,
    0.595789058308296,
    0.6202091175347126,
    0.6233302114045092,
    0.6045131454326836,
    0.6175131536469671,
    0.6046006570895904,
    0.6074492470384232,
    0.5888404540827709,
    0.5982425142391562,
    0.611009706710947,
    0.5955174629911414,
    0.5736338346462532,
    0.5836011981729217,
    0.5732367044599186,
    0.5671341527858978,
    0.575568856570521,
    0.5746334195137024,
    0.5520004618344049,
    0.5577981711314817
  ],
  "val": [
    0.6776047348976135,
    0.6699175834655762,
    0.6686370968818665,
    0.6690068244934082,
    0.6713674664497375,
    0.6718257665634155,
    0.6723377704620361,
    0.6735788583755493,
    0.672440767288208,
    0.6711828112602234,
    0.6697891354560852,
    0.6703513264656067,
    0.6719788908958435,
    0.674912691116333,
    0.6777516007423401,
    0.6800225377082825,
    0.6819707751274109,
    0.6811384558677673,
    0.6795914173126221,
    0.6784546971321106,
    0.6751018762588501,
    0.6747627854347229,
    0.6749082803726196,
    0.6738260388374329,
    0.6719454526901245,
    0.6718032956123352,
    0.6729769706726074,
    0.6737983822822571,
    0.6747432947158813,
    0.676175057888031,
    0.6789971590042114,
    0.6834933757781982,
    0.6851271986961365
  ]
}