{
  "train": [
    0.7051898423086833,
    0.678351367342061,
    0.6816754370487382,
    0.6737873944742926,
    0.6728226143151081,
    0.6696493977983596,
    0.6530382342526478,
    0.6576849603887849,
    0.6198374822809192,
    0.6565771373034698,
    0.6234164563893098,
    0.618396472461118,
    0.6082924263817924,
    0.628534900143816,
    0.6182572172193105,
    0.6121342220329886,
    0.6183476169121089,
    0.6051456123737279,
    0.6068435936725786,
    0.5983479025915925,
    0.5745381307719376,
    0.5832041660553129,
    0.6088940098955127,
    0.5997495554350867,
    0.5978199134906524,
    0.5999729103349113,
    0.5756176331360352,
    0.5850547296660287,
    0.5798381796024116,
    0.6005037556140881,
    0.5903906960205492,
    0.5955111325667997,
    0.5875639373739364,
    0.5725754381987849,
    0.5568611152066386,
    0.5764634585732897
  ],
  "val": [
    0.6777392029762268,
    0.6729705929756165,
    0.6717696785926819,
    0.6704542636871338,
    0.6685034036636353,
    0.668420672416687,
    0.6691136360168457,
    0.6703200936317444,
    0.671582043170929,
    0.6718493103981018,
    0.6740981936454773,
    0.6778194308280945,
    0.6823676228523254,
    0.6862151622772217,
    0.6902488470077515,
    0.6932817101478577,
    0.6967974305152893,
    0.6992378830909729,
    0.7006580829620361,
    0.6985177397727966,
    0.6967340707778931,
    0.6968008279800415,
    0.697349488735199,
    0.6974570155143738,
    0.6938331723213196,
    0.6919023990631104,
    0.6904793977737427,
    0.6897247433662415,
    0.6897964477539062,
    0.6901493072509766,
    0.6893489360809326,
    0.6906458735466003,
    0.6907336711883545,
    0.6918293237686157,
    0.6958246231079102,
    0.6969228386878967
  ]
}