{
  "train": [
    0.5491390530698992,
    0.5138632434929533,
    0.49348091168943886,
    0.5026347992455431,
    0.48866459404306456,
    0.500628699222809,
    0.4796658490091709,
    0.4597159641716868,
    0.4814529985629866,
    0.46727966396092196,
    0.45609451896451375,
    0.45673115030298095,
    0.4383224058033798,
    0.45802283962371904,
    0.45173680826360957,
    0.45277338148337865,
    0.44826590691881224,
    0.44675545357718255,
    0.4287691973700312,
    0.4540043772735032,
    0.4441847235992037,
    0.43786543886649787,
    0.457199711077319,
    0.4463855637411766,
    0.43575208894724915,
    0.4453403427095836,
    0.43452129252438476,
    0.43403633709611567,
    0.41627831470790166,
    0.4234282046996901,
    0.4317638310305591,
    0.44764937203505945,
    0.43529678521485166,
    0.43171673235047625,
    0.4341790394242761,
    0.421465669799908,
    0.43003736062002884,
    0.43447816225108254,
    0.43571261114674836,
    0.42643581000454905,
    0.41140905316240095
  ],
  "val": [
    0.7005509734153748,
    0.7013389468193054,
    0.6987683176994324,
    0.6928378343582153,
    0.6855971813201904,
    0.6780765056610107,
    0.6696218848228455,
    0.665518581867218,
    0.6632769703865051,
    0.6621389985084534,
    0.6609037518501282,
    0.6609745025634766,
    0.6610163450241089,
    0.6618788242340088,
    0.6633667945861816,
    0.6634100079536438,
    0.6655405759811401,
    0.6674187779426575,
    0.6670911312103271,
    0.6664785146713257,
    0.6646114587783813,
    0.6666881442070007,
    0.6675744652748108,
    0.6676511764526367,
    0.6697302460670471,
    0.672264575958252,
    0.6732423305511475,
    0.67401123046875,
    0.6744047999382019,
    0.6760382056236267,
    0.6768468022346497,
    0.677029013633728,
    0.6763521432876587,
    0.6771355867385864,
    0.6773063540458679,
    0.678522527217865,
    0.6776847243309021,
    0.6782327890396118,
    0.6789878606796265,
    0.6790220141410828,
    0.6785774827003479
  ]
}