{
  "train": [
    0.7250620109107107,
    0.6934685727645611,
    0.6663276732261545,
    0.6566661255700248,
    0.6477147246816476,
    0.6256264128121249,
    0.6554232104658493,
    0.6281416974044198,
    0.6190267666220077,
    0.6464564304046443,
    0.6511713046158476,
    0.6211771418895627,
    0.6252308740404439,
    0.6289193404131922,
    0.6077070027736607,
    0.5859185662762872,
    0.6002616920494681,
    0.6091334320641504,
    0.5903273189596354,
    0.6158005319205411,
    0.5949360014769831,
    0.6168360020139535,
    0.5974509630884443,
    0.5873040959165601,
    0.5954789275606277,
    0.6204028561197478,
    0.6074216130919057,
    0.5872295789530712,
    0.6002020580427987,
    0.60063330557546,
    0.5809739459617972,
    0.6013116801313578,
    0.5952321220501303,
    0.5731499506334953,
    0.5997215588691787,
    0.5971855045539405,
    0.5867243905372808,
    0.5714630719476146,
    0.584155573633504,
    0.5786490496156251,
    0.5872317241330453,
    0.5696221888065338,
    0.5754255526171529,
    0.5859816679226354,
    0.5858818738918586,
    0.5747632225746004,
    0.5723593390633908,
    0.5811833469151276,
    0.5717995751080255,
    0.5868393335436365,
    0.5727922655091497
  ],
  "val": [
    0.6809255480766296,
    0.6807985901832581,
    0.6790732145309448,
    0.6758413314819336,
    0.6731063723564148,
    0.6706937551498413,
    0.6705923080444336,
    0.6714891195297241,
    0.6717719435691833,
    0.6739680767059326,
    0.6740097999572754,
    0.672868013381958,
    0.6732862591743469,
    0.6718571186065674,
    0.6701650619506836,
    0.6689164042472839,
    0.6687114238739014,
    0.6661198139190674,
    0.6632266044616699,
    0.6635844111442566,
    0.6610503792762756,
    0.6638385057449341,
    0.6664727926254272,
    0.6697331070899963,
    0.669873058795929,
    0.6717113256454468,
    0.6755367517471313,
    0.6756425499916077,
    0.6784554719924927,
    0.6758422255516052,
    0.6764846444129944,
    0.6787278056144714,
    0.6803297400474548,
    0.6830730438232422,
    0.6840059757232666,
    0.6833786964416504,
    0.6802917122840881,
    0.6802701950073242,
    0.6768603920936584,
    0.6797804236412048,
    0.6825143098831177,
    0.6817790269851685,
    0.6788724660873413,
    0.6789719462394714,
    0.6795122623443604,
    0.6785345673561096,
    0.6754492521286011,
    0.6759843230247498,
    0.6763690710067749,
    0.6775743365287781,
    0.678195595741272
  ]
}