{
  "train": [
    0.671855989641744,
    0.6289747765498795,
    0.5924482480645767,
    0.60146179017175,
    0.5841813065441959,
    0.5829710314426516,
    0.5875522541295132,
    0.5874381135837198,
    0.5740368231176742,
    0.5904685646442357,
    0.567508315217906,
    0.5664702624522994,
    0.5647064503190553,
    0.5546974225584509,
    0.5569378821720631,
    0.5701130276243088,
    0.5531980365955184,
    0.5490668906366883,
    0.5585440235772157,
    0.5362395614826033,
    0.5468960333927512,
    0.5558962488702952,
    0.5315304589388993,
    0.5231360194131072,
    0.5560799690302957,
    0.5440887118795236,
    0.5502231232638429,
    0.5328053876096979,
    0.5598113034746329,
    0.5536254438860663,
    0.5203525638345428,
    0.5459775431402798,
    0.5462666084907325,
    0.528750030571604,
    0.5366582804419137,
    0.5285822869521644
  ],
  "val": [
    0.6828123331069946,
    0.6811016798019409,
    0.6778584718704224,
    0.6757462620735168,
    0.6735342144966125,
    0.673222005367279,
    0.6751565933227539,
    0.6797448992729187,
    0.6811904907226562,
    0.6815968155860901,
    0.6857389807701111,
    0.6886613368988037,
    0.688879132270813,
    0.691041111946106,
    0.6906809210777283,
    0.6894141435623169,
    0.6908094882965088,
    0.6919566988945007,
    0.6937459707260132,
    0.6968404650688171,
    0.7020274996757507,
    0.7059040069580078,
    0.707064688205719,
    0.7058492302894592,
    0.709695041179657,
    0.7064762711524963,
    0.6993167400360107,
    0.6918579936027527,
    0.6855548024177551,
    0.6789961457252502,
    0.6762896180152893,
    0.6767476201057434,
    0.6793019771575928,
    0.6801760196685791,
    0.6860237717628479,
    0.688123345375061
  ]
}