{
  "train": [
    0.7323178684182943,
    0.7323211008692022,
    0.7159579337524076,
    0.6677108315998698,
    0.6875109261479871,
    0.6763209553774941,
    0.7032097680815335,
    0.6718310337935762,
    0.6756224326899486,
    0.6794926424331853,
    0.6527377487403418,
    0.6743695216225873,
    0.6473628126928959,
    0.6405930988894307,
    0.6297961705423928,
    0.6169206834778997,
    0.63166767887294,
    0.6009208524755656,
    0.6271072297260679,
    0.6232496684995191,
    0.6245930799709752,
    0.6085918683723863,
    0.6175882801633751,
    0.6458498075090605,
    0.6050151411829323,
    0.6167606579259112,
    0.6021583599997271,
    0.6044388345896904,
    0.5981060207770963,
    0.5985258024901592,
    0.5839573667554433,
    0.6174351487840924,
    0.5779669619546148,
    0.6059498877948141,
    0.6300777892761042,
    0.5917178192749399,
    0.6228218334061759,
    0.6114422382392319,
    0.5929103423221945,
    0.5961762483190434,
    0.6207771462759948,
    0.5894971366586357,
    0.6038794878668385,
    0.6048753044288147,
    0.6004719933852773,
    0.6145579600569062,
    0.6060673312600611,
    0.5995651395450085,
    0.612901561953164,
    0.5689500884469507,
    0.5906029014751829,
    0.5972061776762525,
    0.5935255045374038
  ],
  "val": [
    0.6901813745498657,
    0.6850958466529846,
    0.6802189946174622,
    0.676853597164154,
    0.6742909550666809,
    0.6721330881118774,
    0.6686627864837646,
    0.6683807969093323,
    0.669289231300354,
    0.6670758724212646,
    0.6670407652854919,
    0.6667356491088867,
    0.6661170125007629,
    0.6637872457504272,
    0.6650525331497192,
    0.6659325957298279,
    0.6620882749557495,
    0.6603925228118896,
    0.6625287532806396,
    0.6623254418373108,
    0.6618950963020325,
    0.6611063480377197,
    0.6600274443626404,
    0.6616324782371521,
    0.6626180410385132,
    0.6621683239936829,
    0.6629815697669983,
    0.6649286150932312,
    0.6657503843307495,
    0.6641861796379089,
    0.666874349117279,
    0.6663077473640442,
    0.6639581322669983,
    0.6646715402603149,
    0.6652223467826843,
    0.6669430136680603,
    0.6690248250961304,
    0.670432984828949,
    0.6707240343093872,
    0.6736172437667847,
    0.6734539866447449,
    0.6743683218955994,
    0.6751720905303955,
    0.6759209036827087,
    0.6746596693992615,
    0.6732041239738464,
    0.672808825969696,
    0.6742486357688904,
    0.6733940839767456,
    0.6737114191055298,
    0.6718577146530151,
    0.6725113987922668,
    0.6712139844894409
  ]
}