{
  "train": [
    0.6537652459050635,
    0.6292735649447135,
    0.6091795440377861,
    0.6038018183167932,
    0.5861517173316091,
    0.5911247087229649,
    0.5826054166984088,
    0.5724049107781772,
    0.5714181497179228,
    0.56072330063787,
    0.5632741991522277,
    0.5639602568349228,
    0.5629225757908939,
    0.541366238312181,
    0.5554134687179415,
    0.5338224883149998,
    0.5586079458885005,
    0.5411638561727965,
    0.5410334080310878,
    0.5467772489698063,
    0.5300807829560905,
    0.5319049133749431,
    0.5356641288461357,
    0.5433777711661578,
    0.542156238861272,
    0.551769843682867,
    0.5398011385220025,
    0.5453848944508971,
    0.545681532674235,
    0.5448503397368445,
    0.5312052286904434,
    0.5513507283379879,
    0.5330541101582532,
    0.5388619174510975,
    0.5307459511193149,
    0.5393728299681189,
    0.5363840337457328,
    0.5241867879341389,
    0.5148725227769373,
    0.5291073927151159,
    0.5284999720568727,
    0.5065314819660093,
    0.5215608882786605,
    0.5139196702999435,
    0.49603090086594004,
    0.5071866976216509,
    0.5159016700801003,
    0.5055646444189137,
    0.5193251010232371,
    0.5128699937477488,
    0.5134722801852108,
    0.5215826627656157,
    0.514784013696492,
    0.5239416375536049,
    0.5223826349075205,
    0.515118507622498,
    0.5069610479430025,
    0.5094674502687501
  ],
  "val": [
    0.6825655698776245,
    0.6785428524017334,
    0.6735261082649231,
    0.6685407757759094,
    0.6652007699012756,
    0.6637333631515503,
    0.6632738709449768,
    0.6642223596572876,
    0.6659221649169922,
    0.6671032309532166,
    0.6690245270729065,
    0.6706765294075012,
    0.6692442893981934,
    0.668697714805603,
    0.6676452159881592,
    0.6684076189994812,
    0.6666955351829529,
    0.6648587584495544,
    0.6653447151184082,
    0.6662724018096924,
    0.6678932905197144,
    0.6679337024688721,
    0.6662173271179199,
    0.6646177768707275,
    0.6629122495651245,
    0.6620377898216248,
    0.6613488793373108,
    0.6589459776878357,
    0.6635034680366516,
    0.6649637222290039,
    0.6687474250793457,
    0.6741325259208679,
    0.6760565638542175,
    0.682822585105896,
    0.6861699223518372,
    0.6908318400382996,
    0.6909419894218445,
    0.6891558766365051,
    0.6882131099700928,
    0.6866641044616699,
    0.6842970848083496,
    0.6809457540512085,
    0.6802224516868591,
    0.6773063540458679,
    0.6745462417602539,
    0.6775147318840027,
    0.6793497800827026,
    0.6805592775344849,
    0.6809488534927368,
    0.6853129863739014,
    0.6821209192276001,
    0.6825445890426636,
    0.68446946144104,
    0.6844233274459839,
    0.6835945248603821,
    0.6869065761566162,
    0.6824430823326111,
    0.6785638928413391
  ]
}