{
  "train": [
    0.6724712296659723,
    0.6304530366300949,
    0.6229930857719459,
    0.6394767853720434,
    0.5939547287419512,
    0.5928632006269371,
    0.5949431596131161,
    0.5931450138831961,
    0.5803189371606986,
    0.5703798040674237,
    0.5601108109422506,
    0.5510416245225616,
    0.5808918291124804,
    0.5605216008689016,
    0.5637343553780335,
    0.5576213736252245,
    0.5385922101037256,
    0.5477149184114241,
    0.540947671007053,
    0.5406177534258424,
    0.5500479477086091,
    0.5383834650951066,
    0.5529790094920567,
    0.5521476142512166,
    0.554426971914733,
    0.5223570188571667,
    0.5240880750082983,
    0.5420361813066041,
    0.5255832754332443,
    0.5220318636283499,
    0.5304806109132438,
    0.5168027584188677,
    0.5291849550942482,
    0.5263850241165443,
    0.5085673772642765,
    0.5370877675822215,
    0.5349739392109105,
    0.5372680522538171,
    0.510623023427766,
    0.534778161589148,
    0.5161371278058132
  ],
  "val": [
    0.6850695610046387,
    0.6875980496406555,
    0.6892971396446228,
    0.6897029280662537,
    0.6881811022758484,
    0.6853352785110474,
    0.6811914443969727,
    0.6759007573127747,
    0.6738286018371582,
    0.6701215505599976,
    0.668737530708313,
    0.6697906851768494,
    0.672650158405304,
    0.6714849472045898,
    0.6729755401611328,
    0.6762273907661438,
    0.6776236295700073,
    0.6777867078781128,
    0.6802597641944885,
    0.6830686330795288,
    0.6812810897827148,
    0.6808728575706482,
    0.6824926137924194,
    0.6804831624031067,
    0.6799413561820984,
    0.6831821203231812,
    0.684927761554718,
    0.6868202090263367,
    0.6877927780151367,
    0.6905091404914856,
    0.691572904586792,
    0.6926910877227783,
    0.6912861466407776,
    0.6901516914367676,
    0.6920707821846008,
    0.6931785345077515,
    0.6926758885383606,
    0.6913648843765259,
    0.6890261769294739,
    0.6888467073440552,
    0.6911613345146179
  ]
}