{
  "train": [
    0.7179318255391615,
    0.6852652180958264,
    0.677853227542539,
    0.6656034180683456,
    0.6455990070192684,
    0.6507072595539939,
    0.620182886059061,
    0.6484308392543511,
    0.6282367130805706,
    0.6239746803133358,
    0.6246383163729324,
    0.627346255215518,
    0.6171058190279993,
    0.6228440132340775,
    0.6202683169853511,
    0.622665300745095,
    0.6153816795114226,
    0.5892965379606914,
    0.6113923791006868,
    0.5981361513654587,
    0.5972888874890182,
    0.6213582880391276,
    0.5950661445486134,
    0.598320596323812,
    0.5913943260761317,
    0.610493847889266,
    0.5959066378659216,
    0.5759435119887291,
    0.5996497628724047,
    0.5905714419674991,
    0.5949506689175009,
    0.5934118375989604,
    0.5711161984598695,
    0.5866222886616373,
    0.5915831292204081,
    0.5733239706513917,
    0.5805565606197113,
    0.5708868362633466,
    0.5521391398213767,
    0.5572635472701688,
    0.5761572081467201,
    0.568341046718541,
    0.5856738542688305,
    0.5776280243995742,
    0.5672982035599319,
    0.5987507840389101,
    0.5690128982360727,
    0.5704290596722382,
    0.5834317627211509,
    0.5736641977808158,
    0.5597737437398563,
    0.5738054522739843,
    0.5778737863883596,
    0.5691044556683508,
    0.5787986792954318,
    0.5717087791764678,
    0.5772862962901298,
    0.5569600289678339,
    0.5752060419232975,
    0.5569383600368876,
    0.5482075851539085,
    0.5573612853811292,
    0.5500669273836859,
    0.5567944632668801,
    0.5591789357767903,
    0.5735201045797376,
    0.5675169987044311
  ],
  "val": [
    0.688886284828186,
    0.6838340163230896,
    0.6792466044425964,
    0.67632657289505,
    0.6732562184333801,
    0.6720719337463379,
    0.6714967489242554,
    0.6718746423721313,
    0.6723494529724121,
    0.6727504730224609,
    0.6741706132888794,
    0.6736056804656982,
    0.6728049516677856,
    0.6736000776290894,
    0.6718675494194031,
    0.6731821298599243,
    0.6709553003311157,
    0.6696991324424744,
    0.6700094938278198,
    0.6696678400039673,
    0.672115683555603,
    0.6734740138053894,
    0.6754313707351685,
    0.6766910552978516,
    0.6759079098701477,
    0.6770612597465515,
    0.6759271621704102,
    0.6746144890785217,
    0.6753420829772949,
    0.6736048460006714,
    0.6728281378746033,
    0.6713945269584656,
    0.6717509627342224,
    0.6709585189819336,
    0.6708818674087524,
    0.6714150309562683,
    0.6694687008857727,
    0.669865071773529,
    0.671649158000946,
    0.6755644083023071,
    0.6750301718711853,
    0.6751998066902161,
    0.6775221824645996,
    0.6775614619255066,
    0.6766772270202637,
    0.6738201379776001,
    0.673464834690094,
    0.6723575592041016,
    0.6720889806747437,
    0.6715519428253174,
    0.6743639707565308,
    0.678090512752533,
    0.6751890778541565,
    0.6779507398605347,
    0.6804295182228088,
    0.6816589832305908,
    0.6829480528831482,
    0.6791853904724121,
    0.6813772916793823,
    0.6807093620300293,
    0.6827480792999268,
    0.6804472208023071,
    0.6782291531562805,
    0.6775175333023071,
    0.6756219863891602,
    0.6734464168548584,
    0.6721711158752441
  ]
}