{
  "train": [
    0.7087647894333149,
    0.657763265330216,
    0.629470681322032,
    0.6271978246754614,
    0.620050701308133,
    0.5718690409448933,
    0.5743683561902916,
    0.5605345074766375,
    0.5767510415885249,
    0.5636138910143246,
    0.5772914604600428,
    0.5712442547816948,
    0.5537359103780662,
    0.5608682670616751,
    0.5515365917694393,
    0.5335206198574874,
    0.5627026845668924,
    0.5354691633743606,
    0.5604022532848302,
    0.5516312733072365,
    0.5432674256451612,
    0.5361164171120216,
    0.5161584976858693,
    0.5293001852599271,
    0.5438678355639791,
    0.5152642216001239,
    0.5348477137499842,
    0.5409872614104172,
    0.5295584253196058,
    0.540392323374161,
    0.5242866878145434,
    0.5326187871947077,
    0.5136221378601243,
    0.49902523444791147,
    0.5124435223675714,
    0.5143542046030166,
    0.5359057951443301,
    0.5260895373198786
  ],
  "val": [
    0.6846999526023865,
    0.6830430030822754,
    0.6795339584350586,
    0.675502359867096,
    0.6718922853469849,
    0.6696317195892334,
    0.6676514744758606,
    0.6670636534690857,
    0.6675443649291992,
    0.6680752635002136,
    0.6705123782157898,
    0.675532877445221,
    0.6776872873306274,
    0.6830735206604004,
    0.6818388104438782,
    0.6795045733451843,
    0.677814245223999,
    0.6790217161178589,
    0.6774083375930786,
    0.6815572381019592,
    0.6837655305862427,
    0.6856895685195923,
    0.6868090629577637,
    0.6848376989364624,
    0.6823801398277283,
    0.6822121739387512,
    0.684090256690979,
    0.6826699376106262,
    0.6844757199287415,
    0.6872709393501282,
    0.6899664998054504,
    0.6921482682228088,
    0.6883291006088257,
    0.6867531538009644,
    0.6886481046676636,
    0.6903058290481567,
    0.6904403567314148,
    0.6928722262382507
  ]
}