{
  "train": [
    0.6888846070895641,
    0.6256543204114942,
    0.6268583873809852,
    0.6261857466157434,
    0.6362716141592692,
    0.5916492727589725,
    0.573461866143889,
    0.5965333334330855,
    0.5814361793947924,
    0.611886539482718,
    0.5672309827334775,
    0.5858251889938204,
    0.5896409250832544,
    0.5571469538317525,
    0.5758703794385412,
    0.6108555638144169,
    0.572040783067055,
    0.5777379570923415,
    0.5659417612799282,
    0.5758228343108605,
    0.5598532293230442,
    0.5572298850331988,
    0.5969471981372739,
    0.5830744202501081,
    0.5704534002419176,
    0.5487396015322267,
    0.5558039454991007,
    0.5776164116236964,
    0.54157294501812,
    0.532049966563145,
    0.552608837928678,
    0.5541552801437566,
    0.5562665349450605,
    0.5262438640218651,
    0.5327605472996905,
    0.526096151673735,
    0.5431349888223732
  ],
  "val": [
    0.6828418970108032,
    0.6778943538665771,
    0.672136664390564,
    0.6669117212295532,
    0.6626803874969482,
    0.660069465637207,
    0.6594018936157227,
    0.6600347757339478,
    0.6625971794128418,
    0.6645845174789429,
    0.6696562170982361,
    0.6724480390548706,
    0.6755809187889099,
    0.6768850088119507,
    0.6768933534622192,
    0.6784420013427734,
    0.677949070930481,
    0.6775224804878235,
    0.6781995892524719,
    0.6753600239753723,
    0.673578679561615,
    0.6744691729545593,
    0.6758303642272949,
    0.6759008169174194,
    0.6749658584594727,
    0.6732736825942993,
    0.6736465096473694,
    0.6776359677314758,
    0.6809744238853455,
    0.683860719203949,
    0.6836473941802979,
    0.6836363673210144,
    0.680333137512207,
    0.6753790974617004,
    0.6744548082351685,
    0.6725518107414246,
    0.6724305748939514
  ]
}