{
  "train": [
    0.7905518500675709,
    0.7235126621617473,
    0.7182146707191843,
    0.6728938430400905,
    0.6571008583595013,
    0.6428277504267951,
    0.6311128030856842,
    0.6167227505463098,
    0.5967299389134487,
    0.5830246324609654,
    0.6042811367018469,
    0.6065922056512879,
    0.5727459007296068,
    0.5681259890495263,
    0.5687722311231304,
    0.5647190417268594,
    0.5285943617374439,
    0.5660237816754233,
    0.5814422973858312,
    0.5608491736092591,
    0.572262923705754,
    0.5464544281583702,
    0.5535370085039749,
    0.5323461593665513,
    0.5506715066914488,
    0.5451608496933735,
    0.5557069524461999,
    0.5371543339320591,
    0.5436479293654117,
    0.5374209980659297,
    0.5342996364156601,
    0.5319449378939097,
    0.5311300880803264,
    0.5382291947679566,
    0.526887005479465,
    0.5259710896778577,
    0.5237433399472918,
    0.5284499320490607,
    0.5370877308798541,
    0.4908699372719074,
    0.5319297375350163,
    0.5139140762719028,
    0.5177191939259985,
    0.5260145123956239,
    0.5093769548561773,
    0.5197692075973661,
    0.5278558910186655,
    0.5081799119857732,
    0.5259481210426744,
    0.5079649895282802,
    0.5356486595322933,
    0.5147477960938891,
    0.5321196790399223,
    0.5192615278248717,
    0.502310945189058
  ],
  "val": [
    0.7120952010154724,
    0.7103081345558167,
    0.7079954147338867,
    0.7033685445785522,
    0.6982812881469727,
    0.6936916708946228,
    0.6931166052818298,
    0.6934676766395569,
    0.6912856698036194,
    0.6917682886123657,
    0.6921749114990234,
    0.6882910132408142,
    0.6904428601264954,
    0.6881821155548096,
    0.6874750256538391,
    0.6866220235824585,
    0.6857877969741821,
    0.686880886554718,
    0.6815415024757385,
    0.679273247718811,
    0.6768295764923096,
    0.6727243065834045,
    0.6696062088012695,
    0.669524073600769,
    0.6693233847618103,
    0.6703624129295349,
    0.6698932647705078,
    0.6713368892669678,
    0.6748507618904114,
    0.6772037148475647,
    0.6801794767379761,
    0.6826798319816589,
    0.6877608895301819,
    0.6908361315727234,
    0.6924799084663391,
    0.6920027732849121,
    0.6898900270462036,
    0.6897207498550415,
    0.6873055696487427,
    0.6863427758216858,
    0.6823775768280029,
    0.6796122789382935,
    0.6762663722038269,
    0.6754929423332214,
    0.6773232817649841,
    0.677619457244873,
    0.6778637766838074,
    0.6780534982681274,
    0.6828199625015259,
    0.6832964420318604,
    0.6849730610847473,
    0.6848600506782532,
    0.6808895468711853,
    0.6798062324523926,
    0.6762687563896179
  ]
}