{
  "train": [
    0.6991400850817487,
    0.6818246635897406,
    0.6802361780786749,
    0.6607377476292878,
    0.6513328625650828,
    0.6492345121693729,
    0.6416501946049958,
    0.6277024102915684,
    0.6346203470464997,
    0.6156963427078548,
    0.6244632983442597,
    0.6164586887571025,
    0.621008906458399,
    0.6029606669994411,
    0.6131207153127698,
    0.6137437015918675,
    0.5970204886544515,
    0.6020774201219306,
    0.6026395174670102,
    0.5920375770535963,
    0.5962286541614626,
    0.5718176265068242,
    0.5987810301663253,
    0.5884662208885982,
    0.5892331902616716,
    0.5645144605284254,
    0.5820273454553389,
    0.5796555829752842,
    0.5694565814116905,
    0.5799706372721442,
    0.5645369016771833,
    0.5706999784913557,
    0.5651042304309131,
    0.5723162005687582,
    0.556060591061127,
    0.5644053948923872
  ],
  "val": [
    0.6848277449607849,
    0.6800780892372131,
    0.6774263978004456,
    0.6737967729568481,
    0.6711909174919128,
    0.66880863904953,
    0.6689920425415039,
    0.6710611581802368,
    0.674406886100769,
    0.6774259805679321,
    0.6800130009651184,
    0.6834913492202759,
    0.6879851222038269,
    0.6904453039169312,
    0.6908747553825378,
    0.6915512681007385,
    0.6888430118560791,
    0.6874985098838806,
    0.6875624656677246,
    0.6871430277824402,
    0.6887754201889038,
    0.6913072466850281,
    0.6940131783485413,
    0.6941660046577454,
    0.6944249272346497,
    0.6938454508781433,
    0.6946315169334412,
    0.69903963804245,
    0.7047375440597534,
    0.7081162333488464,
    0.711825966835022,
    0.7153732180595398,
    0.7147405743598938,
    0.7126971483230591,
    0.7085587978363037,
    0.7037184834480286
  ]
}