{
  "train": [
    0.6033123159056226,
    0.5707885053357468,
    0.5601294210978917,
    0.550878488077906,
    0.5559515771020223,
    0.5515167302098768,
    0.5434456182818107,
    0.550870069876093,
    0.5181432369307344,
    0.5347062951238285,
    0.5384655618315259,
    0.5335938672126808,
    0.5187897721828498,
    0.5255523388608924,
    0.5232469906360645,
    0.5148327332999318,
    0.5195937262380065,
    0.5080029397762468,
    0.5261022124090805,
    0.5023346431736876,
    0.5142845282413689,
    0.5166547888605465,
    0.5009044510096752,
    0.4966321499476879,
    0.5019392051133029,
    0.4927769705579786,
    0.49064942254808736,
    0.5005988924961372,
    0.48921868161027654,
    0.5023338865176797,
    0.4820282162703904,
    0.4892869400860641,
    0.49750039906337346,
    0.4880941087389227,
    0.48585381502001157,
    0.48251363796553587,
    0.4963188042194385,
    0.47487994867005373,
    0.462473510815005,
    0.47795745539547774,
    0.46969849135488123,
    0.4623659590782203,
    0.45340334987405484,
    0.47570452490463633,
    0.47758617130993625,
    0.472940415878014,
    0.465572944121995,
    0.4796523504656524,
    0.4698961738295156,
    0.4544475125561794,
    0.4612051004846695,
    0.4628018085005248,
    0.46512765808058487,
    0.47260100941352656,
    0.4647904311494874,
    0.47266170632075794,
    0.46913734680326113,
    0.4584769500887453,
    0.47136014009931404,
    0.45211997378635876,
    0.4649139263947022,
    0.44593161256442515,
    0.45953822077201506,
    0.44360711275063125,
    0.4477367914956191,
    0.45324088023801157,
    0.45689523954109607,
    0.4601315118996381
  ],
  "val": [
    0.6927394270896912,
    0.6892833113670349,
    0.6834105849266052,
    0.6817231178283691,
    0.6796583533287048,
    0.6778087019920349,
    0.6794034838676453,
    0.6810423731803894,
    0.6818252205848694,
    0.6818808913230896,
    0.6830436587333679,
    0.6801902055740356,
    0.6805486679077148,
    0.6778765916824341,
    0.6749927997589111,
    0.6762502193450928,
    0.6762757301330566,
    0.6749827861785889,
    0.6767580509185791,
    0.6800456047058105,
    0.6800909042358398,
    0.6810557246208191,
    0.6803933382034302,
    0.6835455298423767,
    0.6833758354187012,
    0.6798751354217529,
    0.6822668313980103,
    0.681194543838501,
    0.683362603187561,
    0.6811244487762451,
    0.6823006272315979,
    0.6816355586051941,
    0.6801698207855225,
    0.6790094375610352,
    0.6774783134460449,
    0.6746118664741516,
    0.6747424602508545,
    0.6730620861053467,
    0.6753184199333191,
    0.6753332018852234,
    0.6775631904602051,
    0.6790491938591003,
    0.6827660202980042,
    0.6868193745613098,
    0.6893783211708069,
    0.692962646484375,
    0.6962672472000122,
    0.701712429523468,
    0.7061330676078796,
    0.7062667012214661,
    0.7025529742240906,
    0.6987524032592773,
    0.6968363523483276,
    0.6974040269851685,
    0.7012320160865784,
    0.7008718848228455,
    0.697444498538971,
    0.6992381811141968,
    0.7025129795074463,
    0.7028116583824158,
    0.7035338878631592,
    0.7009953260421753,
    0.6992028951644897,
    0.6983476877212524,
    0.6979613900184631,
    0.6950680613517761,
    0.6965151429176331,
    0.6982513070106506
  ]
}