{
  "train": [
    0.7303340523113758,
    0.6860823472732394,
    0.6755029538582111,
    0.6590971764672566,
    0.6398009455262734,
    0.6502867085593087,
    0.6416074375213661,
    0.6219478692914465,
    0.6217637787311535,
    0.6436357562765113,
    0.6400629446424287,
    0.6152706134495477,
    0.5971312105949289,
    0.6101590066120542,
    0.6087593691689628,
    0.6136654081015751,
    0.6053096182240641,
    0.6162056993381143,
    0.6060941965121941,
    0.6160130682837199,
    0.5957391267926823,
    0.5989106370897715,
    0.5917684385929202,
    0.5799536445164328,
    0.5958260259604806,
    0.5749828298690871,
    0.579031692349852,
    0.5810485291363571,
    0.589251755787234,
    0.5870796900077406,
    0.6108501644557333,
    0.571267828565513,
    0.5907049079246709,
    0.5669276288577488,
    0.5900114175721343,
    0.5916365825483951,
    0.5843826168276406,
    0.5764519722003655
  ],
  "val": [
    0.6841362118721008,
    0.6762555837631226,
    0.6750180721282959,
    0.6729830503463745,
    0.6687294840812683,
    0.6673324108123779,
    0.6661586761474609,
    0.6656090021133423,
    0.666199266910553,
    0.6660870909690857,
    0.6667347550392151,
    0.667884886264801,
    0.6684123277664185,
    0.6687909960746765,
    0.6702989339828491,
    0.6706289649009705,
    0.6701855063438416,
    0.6701439619064331,
    0.6711858510971069,
    0.6732078790664673,
    0.6758416891098022,
    0.6771112680435181,
    0.6781067252159119,
    0.6802690625190735,
    0.6815405488014221,
    0.6812682747840881,
    0.6805300712585449,
    0.6799420714378357,
    0.6802610754966736,
    0.6778064370155334,
    0.6747732758522034,
    0.6749513149261475,
    0.6745224595069885,
    0.6747869253158569,
    0.6750288009643555,
    0.675855815410614,
    0.6777002811431885,
    0.6802685260772705
  ]
}