{
  "train": [
    0.7278281150780288,
    0.6885692913250383,
    0.6582932877423141,
    0.6437028173742623,
    0.6307409852009102,
    0.6354119213931079,
    0.6139322765942278,
    0.6199994389646746,
    0.6116194032095923,
    0.6104743002083501,
    0.5964799171010849,
    0.5903651491174557,
    0.5966862857048147,
    0.5859432928080629,
    0.5811933557975468,
    0.5796329471571692,
    0.584278999584649,
    0.5821949407972139,
    0.5735527520696518,
    0.5753926449808581,
    0.5775099690324568,
    0.5668100076062339,
    0.5700572018552883,
    0.5795938974530827,
    0.5484057697169299,
    0.5616956834722622,
    0.5359190972567779,
    0.5434865516982055,
    0.5607950734387478,
    0.5353224870606597,
    0.5527053128909595,
    0.5496247858543114,
    0.5622354754673436,
    0.5414594579212771,
    0.5493769956926994,
    0.531902926896006,
    0.5335799769814966,
    0.5289423251386933,
    0.5417620243110093,
    0.517018679180756,
    0.5288970987197801
  ],
  "val": [
    0.7022495269775391,
    0.6788800954818726,
    0.666275680065155,
    0.6607301831245422,
    0.6589771509170532,
    0.6589055061340332,
    0.6588925719261169,
    0.6578430533409119,
    0.6572672128677368,
    0.6556901931762695,
    0.65446537733078,
    0.6550011038780212,
    0.656924307346344,
    0.6605815887451172,
    0.6636365652084351,
    0.6662654876708984,
    0.6696732640266418,
    0.6712015867233276,
    0.6738157868385315,
    0.6775410771369934,
    0.6792786717414856,
    0.6801194548606873,
    0.6788217425346375,
    0.6780881881713867,
    0.6778985261917114,
    0.6787874698638916,
    0.6833656430244446,
    0.6888461709022522,
    0.6910978555679321,
    0.6906943917274475,
    0.6904802918434143,
    0.691871702671051,
    0.6943521499633789,
    0.6980587244033813,
    0.6982390880584717,
    0.697559118270874,
    0.6946290731430054,
    0.6894189119338989,
    0.6829032301902771,
    0.6758607029914856,
    0.6743032336235046
  ]
}