{
  "train": [
    0.7264351768446673,
    0.6725862871837146,
    0.6588496474796915,
    0.6378659379893336,
    0.6170346622396572,
    0.6245275997175959,
    0.6283754051612516,
    0.6013064727994609,
    0.6029856941970111,
    0.6012528424192531,
    0.5906268176186849,
    0.5932294467987098,
    0.5997911192513452,
    0.5794165527879311,
    0.5748841175304845,
    0.5746321777992061,
    0.5685682017814937,
    0.5779265759907333,
    0.5888037649281507,
    0.5797248027594806,
    0.580607855261253,
    0.5643115984688839,
    0.5707162112144414,
    0.5718125333926948,
    0.5591402276983402,
    0.5492387013188724,
    0.5425974441866569,
    0.5535157443267371,
    0.5548664589820824,
    0.5568117126455447,
    0.5448489324212662,
    0.5424473053716087,
    0.5397296086907974
  ],
  "val": [
    0.6701583862304688,
    0.666205883026123,
    0.6659755706787109,
    0.6662222743034363,
    0.6693087220191956,
    0.6711592674255371,
    0.6729145646095276,
    0.6756532788276672,
    0.6845042109489441,
    0.694144606590271,
    0.7056757807731628,
    0.7132452130317688,
    0.7095932960510254,
    0.7082400321960449,
    0.7094687223434448,
    0.7097877860069275,
    0.7078524231910706,
    0.7049217820167542,
    0.706651508808136,
    0.7076545357704163,
    0.7008188366889954,
    0.7037191987037659,
    0.7057487368583679,
    0.7061914205551147,
    0.7090058922767639,
    0.7132383584976196,
    0.7152721285820007,
    0.7127477526664734,
    0.7108710408210754,
    0.7086812257766724,
    0.7141121029853821,
    0.7203336954116821,
    0.7229923009872437
  ]
}