{
  "train": [
    0.6791232981411695,
    0.6312907552484222,
    0.625449577282215,
    0.6143624720902279,
    0.5893581025118898,
    0.5939623974814203,
    0.6002245855155249,
    0.5914797956133123,
    0.5857894350155234,
    0.5690303653331813,
    0.5693699763032604,
    0.5586708534527295,
    0.5701251668589455,
    0.5585404179366351,
    0.5563174094178994,
    0.5541011658795362,
    0.5728559071207281,
    0.5520164993008957,
    0.5387677923211911,
    0.5389555534118502,
    0.5414219184462072,
    0.5530342515466249,
    0.5275335601104304,
    0.5448297438363137,
    0.5390203712609014,
    0.5153080684504485,
    0.5515013959607468,
    0.5427934782845634,
    0.5347453981197526,
    0.5167094128472465,
    0.5235941480533243,
    0.5294668518850956,
    0.5289089625398514,
    0.5243923440942624,
    0.5061714887031781,
    0.5228748256937036,
    0.5083767067035431,
    0.5153675579965995,
    0.5208806533531603
  ],
  "val": [
    0.6841385960578918,
    0.6774382591247559,
    0.6749234199523926,
    0.6748800277709961,
    0.6739237308502197,
    0.6727560758590698,
    0.670418381690979,
    0.6668293476104736,
    0.6648752093315125,
    0.6650384068489075,
    0.6673782467842102,
    0.670665979385376,
    0.6738435626029968,
    0.6769449710845947,
    0.6797710657119751,
    0.6813820600509644,
    0.6802718043327332,
    0.6771627068519592,
    0.6774256229400635,
    0.6759093403816223,
    0.6728925108909607,
    0.673306405544281,
    0.6750102043151855,
    0.6785667538642883,
    0.678243100643158,
    0.6763925552368164,
    0.6734390258789062,
    0.6728383302688599,
    0.6722010374069214,
    0.6710256338119507,
    0.672581672668457,
    0.6738520860671997,
    0.6760538816452026,
    0.6790438294410706,
    0.6797459721565247,
    0.6799896359443665,
    0.6805327534675598,
    0.6826810836791992,
    0.6829694509506226
  ]
}