Model,MSE,MAE,RMSE,R2,R2_attitude,R2_civic,R2_burden,R2_behavior
Teacher (A+B),74.05618,7.650554,8.60559,-1717.8246313541988,-892.4168239231499,-1059.9150330401885,-7620.435351029985,-1327.2067590073013
Student (Distilled),41.780903,5.838884,6.4638147,-968.7237672970068,-686.8320215268009,-1464.7207801559027,-1955.3547236552226,-566.0190782962289
Baseline (A only),0.044999626,0.15781684,0.21213116,-0.044429328363522404,-0.03105698909800303,-0.04573018930969175,-0.10323335989949745,-0.04659638940525279
