{
  "train": [
    0.47953449740198445,
    0.45173957591573594,
    0.43400260130760115,
    0.4402934994016375,
    0.4433936045087617,
    0.3911568990775517,
    0.41487646866314515,
    0.399475343855731,
    0.38153267978447414,
    0.39053449034690857,
    0.38476425585488383,
    0.3804833837624254,
    0.36277862047326975,
    0.3507397999904426,
    0.35808153751448457,
    0.3464745111359751,
    0.35776383903226244,
    0.3552552168005206,
    0.3540291969705685,
    0.3432383546101049,
    0.3431827859044662,
    0.32941865847615776,
    0.3251141858805577,
    0.34021609096691524,
    0.3332655793927573,
    0.32797193512540734,
    0.3191909489079649,
    0.3405730736079474,
    0.3157951789976928,
    0.3348936363687656,
    0.3242244657330912,
    0.3234060745814751,
    0.32528211447992933,
    0.32215123385044153,
    0.3268725792762681,
    0.325351252491251,
    0.31106150429237067,
    0.3083392964501686,
    0.31800317397258554,
    0.3090829624624675,
    0.32182601798931365,
    0.3273978819107187,
    0.3148166520401762,
    0.31855244809770816,
    0.31070932055929024,
    0.3184351163544678,
    0.32590668042892307,
    0.3327592163543983,
    0.3264473045400798,
    0.30888681018293784,
    0.31847418162035823,
    0.30911972032391966,
    0.303792760436758,
    0.31033022620995054,
    0.3069146830460121,
    0.3075533786724354,
    0.3157347781317575,
    0.31139308184825726,
    0.306875574764947,
    0.2944524436455055,
    0.30603933708714737,
    0.3223564162336547,
    0.3229593879777222,
    0.3000788725362035,
    0.3129115474635157
  ],
  "val": [
    0.6862912178039551,
    0.6857837438583374,
    0.6846305727958679,
    0.6842267513275146,
    0.6837326884269714,
    0.6823030710220337,
    0.6801729798316956,
    0.6779554486274719,
    0.678021252155304,
    0.6773614287376404,
    0.6772763729095459,
    0.6784848570823669,
    0.6781260967254639,
    0.6761694550514221,
    0.6756758093833923,
    0.6750446557998657,
    0.6766020059585571,
    0.6742609143257141,
    0.6764310598373413,
    0.6743475794792175,
    0.6730915307998657,
    0.6741655468940735,
    0.6767162680625916,
    0.6749207973480225,
    0.673445463180542,
    0.676979660987854,
    0.6776307821273804,
    0.6780478358268738,
    0.6787892580032349,
    0.676665723323822,
    0.6764786243438721,
    0.6764010190963745,
    0.6745470762252808,
    0.6726316809654236,
    0.6707958579063416,
    0.6710466146469116,
    0.6710145473480225,
    0.6723431348800659,
    0.6724903583526611,
    0.6728583574295044,
    0.6747034788131714,
    0.6780285239219666,
    0.6784263253211975,
    0.6780884861946106,
    0.679360032081604,
    0.6790704727172852,
    0.679250955581665,
    0.6793150901794434,
    0.6782180666923523,
    0.6774442195892334,
    0.6758900880813599,
    0.6765413880348206,
    0.6764922738075256,
    0.6754524111747742,
    0.6747668385505676,
    0.6752938628196716,
    0.6755978465080261,
    0.6763119101524353,
    0.675999641418457,
    0.6769716143608093,
    0.6777238249778748,
    0.6792600750923157,
    0.6770393252372742,
    0.679451048374176,
    0.6781299710273743
  ]
}