Metric,Value
LVR,1.6298304796218872
LNR,0.8702871140291393
CCM,0.15852921167495365
CKA_zA_zB,0.16243097186088562
TSA,0.6829219460487366
