Model,MSE,MAE,Accuracy
Teacher (A+B),0.5123762488365173,0.38696369528770447,0.6757425665855408
Student (Distilled),0.6493399143218994,0.5156765580177307,0.5511550903320312
Baseline (A only),0.22524753212928772,0.1955445557832718,0.8193069100379944
