{
  "train": [
    0.40573600492453926,
    0.3791602918960778,
    0.37380692935342275,
    0.3775531338353462,
    0.36103563869527994,
    0.34739473271252486,
    0.3575947999660605,
    0.35251412940730015,
    0.3425012565598699,
    0.33370289610230863,
    0.33400792485387454,
    0.33807880214869684,
    0.319927772204277,
    0.33265382051467896,
    0.33250378857692475,
    0.3336810293456017,
    0.32415896962428914,
    0.3317847999886339,
    0.33631024131633963,
    0.32072558235652343,
    0.32057842700352224,
    0.3240676147890796,
    0.3283576382498436,
    0.318675231316994,
    0.3176624381483482,
    0.3089110105495735,
    0.3138213562847946,
    0.31288903973666315,
    0.319340333122338,
    0.3055932720012853,
    0.31970328606408216,
    0.323495460554884,
    0.3196865663739848,
    0.31764665686438237,
    0.3020007839343818,
    0.3068527510307105,
    0.32131320744606073,
    0.31142220855346453,
    0.31089668144733446
  ],
  "val": [
    0.6747767925262451,
    0.669630765914917,
    0.6648774147033691,
    0.6640625,
    0.6643469929695129,
    0.6646798253059387,
    0.6620268225669861,
    0.6601499319076538,
    0.6597259044647217,
    0.6598987579345703,
    0.6610990762710571,
    0.6631546020507812,
    0.6653429269790649,
    0.6667646765708923,
    0.6693605184555054,
    0.6695353984832764,
    0.6694701313972473,
    0.6699473261833191,
    0.6725969910621643,
    0.6737711429595947,
    0.6763031482696533,
    0.678989827632904,
    0.6795765161514282,
    0.6833012700080872,
    0.6844696402549744,
    0.6828310489654541,
    0.6832146048545837,
    0.6859984993934631,
    0.6881477236747742,
    0.6894680261611938,
    0.6885445713996887,
    0.6847983002662659,
    0.6815691590309143,
    0.6840363144874573,
    0.6872710585594177,
    0.6925895810127258,
    0.6960028409957886,
    0.6940203905105591,
    0.6929838061332703
  ]
}