{
  "train": [
    0.44031515115587583,
    0.4247637518814632,
    0.4086174957564312,
    0.399900512889101,
    0.3962952297896587,
    0.3878127492120113,
    0.37192335489935474,
    0.372925845713451,
    0.3744330853957848,
    0.37086128043423733,
    0.3689760659715812,
    0.36022052154165185,
    0.3572294863280404,
    0.3495693136318564,
    0.3433187700844751,
    0.35642488117288484,
    0.35492949958505304,
    0.3489331898137266,
    0.3332145221421284,
    0.3464803623742071,
    0.3325735552263965,
    0.34002751699222133,
    0.34052094435456937,
    0.3384190379398797,
    0.33384932614312385,
    0.34063001835874734,
    0.3266278634517651,
    0.3364334348680938,
    0.3356181613623802,
    0.33330288382586587,
    0.3378567291891634,
    0.31848744027720294,
    0.33510239370938005,
    0.3303687431542157,
    0.32481476414967053,
    0.32996211278027504,
    0.33400023673555534,
    0.3194842579329542,
    0.3375096773279124,
    0.32807082583751584,
    0.32847580166873086,
    0.3149686702366533,
    0.3205699192479326,
    0.32752645206568864,
    0.3266611320925464,
    0.31719802855858076,
    0.31116403088781047,
    0.3201233041403916
  ],
  "val": [
    0.7029023170471191,
    0.7008855938911438,
    0.6974670886993408,
    0.693407416343689,
    0.6873199939727783,
    0.6815758943557739,
    0.6758052110671997,
    0.6716878414154053,
    0.6655780076980591,
    0.6597976088523865,
    0.6582782864570618,
    0.6556326150894165,
    0.6529367566108704,
    0.6518675088882446,
    0.6514436602592468,
    0.6514123678207397,
    0.6499148011207581,
    0.6489193439483643,
    0.6496101021766663,
    0.6514393091201782,
    0.6506518125534058,
    0.6510277390480042,
    0.6503451466560364,
    0.651075005531311,
    0.6528240442276001,
    0.652130126953125,
    0.651560366153717,
    0.6520461440086365,
    0.6517637372016907,
    0.6531307101249695,
    0.6521924734115601,
    0.6539241671562195,
    0.6558231115341187,
    0.655099630355835,
    0.6577430367469788,
    0.6549460291862488,
    0.6557984948158264,
    0.6567775011062622,
    0.6572014093399048,
    0.6591924428939819,
    0.657187283039093,
    0.658428430557251,
    0.6577096581459045,
    0.656300961971283,
    0.6536598801612854,
    0.6520151495933533,
    0.6518822312355042,
    0.653053879737854
  ]
}