{
  "train": [
    0.39637363735090925,
    0.3842610884182559,
    0.3668183356963942,
    0.37231421896389555,
    0.35961049031741515,
    0.3512608454438853,
    0.32854362779062957,
    0.3381411738583607,
    0.35293319160715114,
    0.3391070784312751,
    0.32749962894787343,
    0.3238614691889345,
    0.3279740616605787,
    0.33084254377874833,
    0.3143771964634581,
    0.3284062791634076,
    0.33378258318149395,
    0.3200397053962858,
    0.3251630804808856,
    0.3168723332177242,
    0.318981358937442,
    0.32894080407513776,
    0.3182204964712923,
    0.3147176432198492,
    0.30903277637923293,
    0.3162466039504911,
    0.31578164074221265,
    0.3238212373749963,
    0.2969138761752932,
    0.3076333635546304,
    0.30704091863679184,
    0.3125335014806005,
    0.30866826593582264,
    0.29382596564997593,
    0.3131264095823166,
    0.3149605389005445,
    0.31340410365846944,
    0.3011984521238675,
    0.29779957711990246,
    0.2886619083399843,
    0.3038104142755123,
    0.3161048235858015,
    0.3090801861485824,
    0.3227556093866602,
    0.3162697820827879,
    0.2950822705118527,
    0.3020413967188943,
    0.3021712640823402,
    0.29924311250301416
  ],
  "val": [
    0.7033983469009399,
    0.7014241814613342,
    0.7004551887512207,
    0.6982958316802979,
    0.6939843893051147,
    0.6856497526168823,
    0.6784692406654358,
    0.6724460124969482,
    0.6708383560180664,
    0.6685038805007935,
    0.6683568954467773,
    0.6667401194572449,
    0.6662501692771912,
    0.6663103699684143,
    0.6658643484115601,
    0.6644365787506104,
    0.6642498970031738,
    0.662842333316803,
    0.6623250246047974,
    0.6633099317550659,
    0.6666966080665588,
    0.6695712208747864,
    0.6698172688484192,
    0.6711152791976929,
    0.671562135219574,
    0.6700198650360107,
    0.6712058782577515,
    0.6728277206420898,
    0.6730369329452515,
    0.6733335852622986,
    0.6729024052619934,
    0.6738997101783752,
    0.6747847199440002,
    0.6751041412353516,
    0.6749376058578491,
    0.6773313879966736,
    0.6800540685653687,
    0.6815163493156433,
    0.6797248125076294,
    0.6799954175949097,
    0.6808971166610718,
    0.6806067228317261,
    0.6787627339363098,
    0.6754181981086731,
    0.6765300035476685,
    0.6762284636497498,
    0.6766555309295654,
    0.6756832003593445,
    0.6757540702819824
  ]
}