{
  "train": [
    0.3577959538974198,
    0.33099473719232775,
    0.31141500681491907,
    0.3036278547911808,
    0.2926432933713415,
    0.2915828415912948,
    0.29813113221394016,
    0.2937613236786697,
    0.28727269025858987,
    0.29526623481600156,
    0.2846801735350651,
    0.2711152522434742,
    0.26858928931757736,
    0.28083148466542435,
    0.2612049553928704,
    0.26396734197738725,
    0.27518559926249125,
    0.2731555012499758,
    0.2611989858996105,
    0.2623309720619559,
    0.2575401647631171,
    0.26580911316895134,
    0.2519610210005286,
    0.26459334166766385,
    0.2670088077120006,
    0.2555162535952817,
    0.26256963449158693,
    0.2663476979497618,
    0.25872493722462303,
    0.25557744003869043,
    0.24622393138890197,
    0.25197767726893494,
    0.24857271657201457,
    0.24754044809952158,
    0.25461270825322624,
    0.25505357532959266,
    0.2507574948771247,
    0.24508703577107396,
    0.24572195039300496,
    0.2538404781830135,
    0.24956046331104975,
    0.242988025687011,
    0.24550075983179026,
    0.24299826939117733,
    0.24592217237784944,
    0.23300934138850038,
    0.2529888081139532,
    0.25097511150860435,
    0.22504744043784775
  ],
  "val": [
    0.685170590877533,
    0.6855083703994751,
    0.6853525042533875,
    0.6858837008476257,
    0.6847661733627319,
    0.6826253533363342,
    0.6842097043991089,
    0.6859918832778931,
    0.6893880367279053,
    0.6866351366043091,
    0.686713695526123,
    0.68723064661026,
    0.6873558163642883,
    0.6853166222572327,
    0.6842195987701416,
    0.6813914179801941,
    0.6831247806549072,
    0.6811622381210327,
    0.6793975234031677,
    0.6817787289619446,
    0.6822735071182251,
    0.685255765914917,
    0.6885374188423157,
    0.6887760758399963,
    0.6907689571380615,
    0.6914882659912109,
    0.6935448050498962,
    0.691707193851471,
    0.6862155199050903,
    0.6885014772415161,
    0.6883519291877747,
    0.6876358985900879,
    0.6914597153663635,
    0.6914913654327393,
    0.6902759671211243,
    0.6907424330711365,
    0.692695677280426,
    0.6945649981498718,
    0.6946965456008911,
    0.6948758363723755,
    0.6937074661254883,
    0.6911050081253052,
    0.6930858492851257,
    0.6922169327735901,
    0.6949833631515503,
    0.6961649656295776,
    0.6974949836730957,
    0.6971666216850281,
    0.6960234642028809
  ]
}