{
  "train": [
    0.43552554255635867,
    0.38514484619272166,
    0.39603837061985375,
    0.3979359101779355,
    0.37689490007062265,
    0.3858903186955475,
    0.3618873168388611,
    0.36014818660731385,
    0.35141717785684934,
    0.34217655732126656,
    0.36353718118714584,
    0.34651008321733895,
    0.3421810429378096,
    0.34511792498269106,
    0.3440066415981706,
    0.3167847245197578,
    0.34148410447125366,
    0.3443373290482413,
    0.34095421771110573,
    0.33337619548360703,
    0.33032393470186316,
    0.3224354310722774,
    0.3217693674446914,
    0.321717515514402,
    0.3280679676039466,
    0.3153817032651948,
    0.32549798459255047,
    0.32106634578094106,
    0.3268363787035637,
    0.32430752524601414,
    0.3159874843552782,
    0.3094727536434023,
    0.3160838069293299,
    0.32429090230335744,
    0.32406143631253925,
    0.3006028596109945,
    0.3055026719135604,
    0.3204386651222342,
    0.3283076725276233,
    0.30615846687937015,
    0.31932516359343316,
    0.31474458554695395,
    0.3105811351919409,
    0.30846149771671577,
    0.3071122968138145,
    0.3149170426312339,
    0.3059503388375484,
    0.3132659496344956,
    0.30048388154635874,
    0.31157240256887353,
    0.2909893831008761,
    0.3248008909483849,
    0.30177311591914135,
    0.29837333084327244,
    0.323727036050975,
    0.3087384027653727,
    0.3089987297950707,
    0.317963036703946,
    0.2921214312168178,
    0.30461445010354365,
    0.31219095123812485,
    0.29818887105716274,
    0.29719441483173464,
    0.29629896405001577,
    0.29941255074416473,
    0.2955714566954251,
    0.3041611236010866,
    0.29465396650906267,
    0.30181980558804106,
    0.30029994440196184,
    0.29704482802029314,
    0.2908767445627692,
    0.29639490836946836,
    0.2912997116009003,
    0.30975931295620396,
    0.30028712426500365,
    0.29938997086045777,
    0.2875328148380289
  ],
  "val": [
    0.7071853280067444,
    0.6996734738349915,
    0.6948594450950623,
    0.6893211603164673,
    0.6840279698371887,
    0.6806270480155945,
    0.679085910320282,
    0.6787294149398804,
    0.6780732274055481,
    0.6790464520454407,
    0.6796449422836304,
    0.6806079149246216,
    0.6785622835159302,
    0.6807648539543152,
    0.6830950975418091,
    0.6792839765548706,
    0.6790274977684021,
    0.6808997988700867,
    0.676710844039917,
    0.6754668354988098,
    0.6742264628410339,
    0.6718193292617798,
    0.6721088886260986,
    0.6721357107162476,
    0.6723058223724365,
    0.6726328134536743,
    0.6710245609283447,
    0.6717202067375183,
    0.6717212200164795,
    0.6731827855110168,
    0.6731618642807007,
    0.671434223651886,
    0.6742068529129028,
    0.6742429733276367,
    0.6734981536865234,
    0.6750733256340027,
    0.6730675101280212,
    0.6730204820632935,
    0.6732147336006165,
    0.6702072024345398,
    0.6697335839271545,
    0.6687799096107483,
    0.6701964735984802,
    0.6677645444869995,
    0.6669282913208008,
    0.6671624779701233,
    0.6669260859489441,
    0.6654898524284363,
    0.6665228605270386,
    0.6681287884712219,
    0.6712962985038757,
    0.6724328398704529,
    0.6727606058120728,
    0.6750133037567139,
    0.6755792498588562,
    0.6759888529777527,
    0.6743847727775574,
    0.6729304194450378,
    0.6748754382133484,
    0.6743486523628235,
    0.6746218204498291,
    0.6716699600219727,
    0.6718785762786865,
    0.6699100136756897,
    0.6680917143821716,
    0.6683593392372131,
    0.6696599721908569,
    0.6707537770271301,
    0.6706472635269165,
    0.6708605289459229,
    0.670854926109314,
    0.6705626845359802,
    0.6725064516067505,
    0.6714655160903931,
    0.6694912314414978,
    0.6677098274230957,
    0.6683985590934753,
    0.6658706068992615
  ]
}