{
  "train": [
    0.4065248685810954,
    0.4002023107312583,
    0.37686909492967163,
    0.35838936203219035,
    0.3725526961199756,
    0.36233116825813144,
    0.34950542728889167,
    0.3356125159510251,
    0.3402357835487779,
    0.325246761878723,
    0.33133712293479245,
    0.3314287634612304,
    0.3349437558005009,
    0.3184501442122342,
    0.31075625451914785,
    0.30863025476192607,
    0.3018927716562901,
    0.3337213768454021,
    0.311821009578376,
    0.31253544729331445,
    0.3093103461077648,
    0.304871039437543,
    0.2973772578051525,
    0.3070764772116844,
    0.29689771700375184,
    0.31467979294913156,
    0.30571293625338325,
    0.2963451945722984,
    0.2995362513024232,
    0.2943533101839385,
    0.3034189068918745,
    0.30711158229212454,
    0.29498111364876695,
    0.29586258919661856,
    0.29068386584079914,
    0.28895704998758626,
    0.29718527374009196,
    0.2887091002440805,
    0.3015505112891127,
    0.28553076903221053,
    0.2958542325813782,
    0.2958289537523768,
    0.2892661097601717,
    0.31184101207502957,
    0.29050152950686187,
    0.2867856775892192,
    0.27022875750006126,
    0.300071181188076,
    0.2786107364986918,
    0.2879430502653122,
    0.28426997914102864,
    0.2878686523643033,
    0.29333814596894925,
    0.2826186770876053,
    0.2828236664163655,
    0.2806695931650735,
    0.2876581643602531,
    0.2874761818371383,
    0.28769950458568894,
    0.2946691449933451,
    0.28702027310291534,
    0.28562776054361183,
    0.2866854535535051,
    0.2761827953196512,
    0.30056374589797896,
    0.27123997246690573,
    0.28330381588982834,
    0.2802848009933979,
    0.2862006649007938,
    0.27828874097669065,
    0.2709178962731009,
    0.2665842451485507,
    0.27521791305448035,
    0.27492906395437683,
    0.2687260441004936
  ],
  "val": [
    0.6896690130233765,
    0.6891440749168396,
    0.6871761083602905,
    0.6823948621749878,
    0.6786215901374817,
    0.6744562983512878,
    0.6724128127098083,
    0.6710318326950073,
    0.669958233833313,
    0.6701568961143494,
    0.6707924604415894,
    0.6718745231628418,
    0.671949028968811,
    0.6706621646881104,
    0.6733927130699158,
    0.6729487180709839,
    0.6705663800239563,
    0.6701496839523315,
    0.6689046621322632,
    0.6672166585922241,
    0.6657513976097107,
    0.6640760898590088,
    0.6634786128997803,
    0.6635170578956604,
    0.6624246835708618,
    0.661676287651062,
    0.6620801687240601,
    0.6613430380821228,
    0.6614589095115662,
    0.6627485752105713,
    0.6646659970283508,
    0.6671721935272217,
    0.6670240163803101,
    0.6652207374572754,
    0.6646244525909424,
    0.6631526947021484,
    0.6621217131614685,
    0.6622240543365479,
    0.6617874503135681,
    0.659100353717804,
    0.6593014597892761,
    0.660667896270752,
    0.6612155437469482,
    0.6592108607292175,
    0.6579083204269409,
    0.6586378216743469,
    0.6613930463790894,
    0.6627984642982483,
    0.6627493500709534,
    0.6636645793914795,
    0.6637594103813171,
    0.6621320843696594,
    0.661765992641449,
    0.6614030599594116,
    0.6613122820854187,
    0.6596973538398743,
    0.6615919470787048,
    0.6620772480964661,
    0.6645517349243164,
    0.6669299602508545,
    0.6656479835510254,
    0.6697872877120972,
    0.6695352792739868,
    0.6696187853813171,
    0.6695348620414734,
    0.6694921255111694,
    0.667518138885498,
    0.6669381260871887,
    0.6679015159606934,
    0.6666455268859863,
    0.6663035154342651,
    0.6678758859634399,
    0.6694468259811401,
    0.6707965135574341,
    0.6704253554344177
  ]
}