{
  "train": [
    0.47587060003445064,
    0.4472269409983029,
    0.4142522013246132,
    0.3959403541581384,
    0.39435172169079336,
    0.3703337725747395,
    0.3643101836953844,
    0.36190118827843315,
    0.35338832460013514,
    0.33275335410545615,
    0.34429377199981015,
    0.33546975636717136,
    0.3329444857947345,
    0.3237812356849022,
    0.32751955040569963,
    0.32142317706140977,
    0.32716406228507094,
    0.3178257745475017,
    0.3091441118364851,
    0.3082817261442175,
    0.31611099486867783,
    0.31897432507552537,
    0.3128911369833453,
    0.3066580054795214,
    0.31335306666754736,
    0.3148803813704129,
    0.3065054051100914,
    0.31263909198967693,
    0.3091599555144756,
    0.30853038116041664,
    0.312364250715143,
    0.31151207650236307,
    0.2976810248027294,
    0.3076906798801986,
    0.3002482130022472,
    0.30200611781604186,
    0.29632923197863725,
    0.2955431844213326,
    0.3005421692367845,
    0.29120903737439313,
    0.3002404116938267,
    0.291954136834356,
    0.2993469828455319,
    0.2848954833493444,
    0.2905067537218479,
    0.2951227918340655,
    0.30099692940711975,
    0.29761411183573344,
    0.29315228239068847,
    0.29766475361556255,
    0.2904828857318521,
    0.28984697508107266,
    0.2927894558518978,
    0.29347993411454076
  ],
  "val": [
    0.6841018795967102,
    0.6814286112785339,
    0.6776258945465088,
    0.6728094816207886,
    0.6687248349189758,
    0.6652336716651917,
    0.6618384122848511,
    0.6604123115539551,
    0.661644458770752,
    0.6630598306655884,
    0.6642201542854309,
    0.6629868149757385,
    0.6636133193969727,
    0.6655676960945129,
    0.6645219922065735,
    0.6652354598045349,
    0.6653756499290466,
    0.6638579368591309,
    0.6616509556770325,
    0.6607528328895569,
    0.6611396670341492,
    0.6612048149108887,
    0.6595348715782166,
    0.6567838788032532,
    0.658607542514801,
    0.6601742506027222,
    0.6628128886222839,
    0.6650335192680359,
    0.6646191477775574,
    0.6673194169998169,
    0.6701219081878662,
    0.6690722703933716,
    0.6694141030311584,
    0.6732760071754456,
    0.6735712289810181,
    0.6736506223678589,
    0.6698964238166809,
    0.6687715649604797,
    0.6684863567352295,
    0.6679314970970154,
    0.6664958000183105,
    0.6674872040748596,
    0.6664313673973083,
    0.6640976071357727,
    0.6633194088935852,
    0.6645618677139282,
    0.6643849015235901,
    0.6655862927436829,
    0.665091872215271,
    0.6636603474617004,
    0.6665148735046387,
    0.6714434623718262,
    0.6739250421524048,
    0.6773778796195984
  ]
}