{
  "train": [
    0.36532332274714124,
    0.3353953945812921,
    0.31808179455437685,
    0.30432245399564356,
    0.3017191398026321,
    0.28698197249414886,
    0.28448734773790896,
    0.27921291114074254,
    0.2737254686837126,
    0.27702973555461524,
    0.2749214636281206,
    0.27179830928741416,
    0.26834904619038397,
    0.26139280067876053,
    0.2599024117873807,
    0.2672485742956547,
    0.263277199174383,
    0.25571009986506305,
    0.24946399231262395,
    0.2506706046647039,
    0.25340804178726495,
    0.2521693388669949,
    0.24469557962394112,
    0.2567717261208689,
    0.2565795625078267,
    0.24195339182033915,
    0.24306397264814142,
    0.24751650068560258,
    0.24658054039983326,
    0.24282440587217585,
    0.2453472994524857,
    0.23962018069962562,
    0.234100608769896,
    0.2350557784141578,
    0.23682729136474026,
    0.2313588393732832,
    0.2351957019326722,
    0.23012592272805463,
    0.2337623027157901
  ],
  "val": [
    0.6802736520767212,
    0.6749154925346375,
    0.6691330075263977,
    0.6626452207565308,
    0.6570072174072266,
    0.6513134241104126,
    0.6455433964729309,
    0.6414991617202759,
    0.6404390335083008,
    0.6419787406921387,
    0.6419602036476135,
    0.6430817246437073,
    0.6448253989219666,
    0.6434015035629272,
    0.6430324912071228,
    0.6446572542190552,
    0.644896388053894,
    0.6470212936401367,
    0.6487075686454773,
    0.6520176529884338,
    0.6554882526397705,
    0.6579692363739014,
    0.6608142852783203,
    0.661691427230835,
    0.6647562980651855,
    0.6672159433364868,
    0.6638924479484558,
    0.6603997349739075,
    0.6619934439659119,
    0.6624786257743835,
    0.6602022051811218,
    0.6592071652412415,
    0.658478856086731,
    0.6590607762336731,
    0.6620059013366699,
    0.6650814414024353,
    0.6662394404411316,
    0.6651679277420044,
    0.6628221273422241
  ]
}