{
  "train": [
    0.4083095327973953,
    0.364892984111908,
    0.3565657605678577,
    0.33585743540026286,
    0.3272554190288036,
    0.3244251920084648,
    0.31324063219460363,
    0.3123703825062719,
    0.2927619070548729,
    0.3123949989309452,
    0.30063712420721944,
    0.2944288725042578,
    0.28365664015262587,
    0.29060256774789595,
    0.2973194939309153,
    0.286829365444888,
    0.2998901937395481,
    0.2853656477235221,
    0.2997557964230993,
    0.28459642203570584,
    0.281962284900872,
    0.27822685417870585,
    0.2837669154986959,
    0.2835761191222468,
    0.2833575175460336,
    0.2794565191409858,
    0.2730923032232106,
    0.2852320815688871,
    0.2777810952639932,
    0.2784082704576953,
    0.27625177037246124,
    0.28483333251452797,
    0.272703729973638,
    0.2762670009007008
  ],
  "val": [
    0.67930006980896,
    0.6804977059364319,
    0.6812499165534973,
    0.6765597462654114,
    0.6767641305923462,
    0.677408754825592,
    0.6783626079559326,
    0.6800718307495117,
    0.6828243136405945,
    0.6836236715316772,
    0.682147204875946,
    0.6811086535453796,
    0.6802269816398621,
    0.6803230047225952,
    0.6815261840820312,
    0.6837804913520813,
    0.6856245994567871,
    0.6881410479545593,
    0.6901700496673584,
    0.690241277217865,
    0.6904373168945312,
    0.6892346143722534,
    0.6865140199661255,
    0.6849743723869324,
    0.6849543452262878,
    0.686235249042511,
    0.6872199177742004,
    0.6866695284843445,
    0.68485426902771,
    0.6816216111183167,
    0.6805707216262817,
    0.6807081699371338,
    0.6806008219718933,
    0.6810688972473145
  ]
}