{
  "train": [
    0.39258255776513384,
    0.37371382454933205,
    0.36176828298662683,
    0.3471533782376444,
    0.3450535306789605,
    0.3318775238955549,
    0.3374686910601085,
    0.3272357763621607,
    0.3161760254446509,
    0.32920470408030916,
    0.3164995905800993,
    0.31207386055603403,
    0.3027191297174087,
    0.3099286328689218,
    0.31397846076876074,
    0.317128449678421,
    0.3041174379475598,
    0.3197570892390359,
    0.298911649752133,
    0.3062877433346997,
    0.3000383280180945,
    0.30003320304631015,
    0.314506354003117,
    0.30135980145684604,
    0.29262182454170266,
    0.2942776233691887,
    0.3021995290159592,
    0.30546644858538813,
    0.2967148975932539,
    0.2992680335573375,
    0.29598842788799645,
    0.2957259914264303,
    0.29065926380345386,
    0.2942368565815423,
    0.2956199271631946,
    0.2805961396893844,
    0.29311429485311646,
    0.28894451715676067,
    0.2964434222928409,
    0.29499277663348344
  ],
  "val": [
    0.6856153011322021,
    0.685215413570404,
    0.6845185160636902,
    0.6836069226264954,
    0.6820203065872192,
    0.6780461072921753,
    0.672856330871582,
    0.6683753728866577,
    0.6655911207199097,
    0.6641674041748047,
    0.6650539636611938,
    0.666180431842804,
    0.6701984405517578,
    0.6717444062232971,
    0.6701508164405823,
    0.671543538570404,
    0.6728407144546509,
    0.6767755150794983,
    0.67925626039505,
    0.6812825202941895,
    0.679795503616333,
    0.6790904998779297,
    0.6770448088645935,
    0.675078272819519,
    0.6739585995674133,
    0.6739023923873901,
    0.6760067343711853,
    0.6744322180747986,
    0.6739917993545532,
    0.6740840673446655,
    0.6698476672172546,
    0.6702672839164734,
    0.6708709597587585,
    0.6710934638977051,
    0.6694879531860352,
    0.6708162426948547,
    0.6717182397842407,
    0.674940824508667,
    0.6741327047348022,
    0.6755040884017944
  ]
}