{
  "train": [
    0.40345266652224687,
    0.39169585469908313,
    0.3680387738303011,
    0.3548472272645076,
    0.35680371023751245,
    0.357633971815626,
    0.33872585079352846,
    0.3360257276466915,
    0.33456082781547397,
    0.3401716649532318,
    0.34521751553554253,
    0.3333332934990305,
    0.3371657757042664,
    0.33059735823734643,
    0.3092479958322835,
    0.32814657658778973,
    0.3220240971431356,
    0.32374714469087534,
    0.3147335567791474,
    0.32933643930064044,
    0.3163591811222396,
    0.3126318721935667,
    0.32024422933902646,
    0.3170279870773184,
    0.3150383803644791,
    0.30831490390993693,
    0.3124532809692063,
    0.32413801888526955,
    0.30413091784627566,
    0.3096328211828993,
    0.299763862428994,
    0.31556763129281296,
    0.3044834571518921,
    0.29728148473894656,
    0.2955578470171379,
    0.31729206369428214,
    0.3119258295579497,
    0.3099794013453235,
    0.3145786616308936,
    0.3154728591735727,
    0.3113001568123625,
    0.30261302317304567,
    0.29652709135868277,
    0.3106382493608691,
    0.29355114199257837
  ],
  "val": [
    0.6938501596450806,
    0.6892474889755249,
    0.6855273842811584,
    0.6805537939071655,
    0.6763007044792175,
    0.673011839389801,
    0.6721457839012146,
    0.6716790795326233,
    0.6705437302589417,
    0.6691052317619324,
    0.6676682829856873,
    0.6676967144012451,
    0.6688424944877625,
    0.6677646636962891,
    0.6676310300827026,
    0.66790372133255,
    0.6684390306472778,
    0.6698189377784729,
    0.6703635454177856,
    0.6702485680580139,
    0.670905590057373,
    0.6696764230728149,
    0.6712403893470764,
    0.6713377833366394,
    0.6717298030853271,
    0.6739689111709595,
    0.6746185421943665,
    0.6767995953559875,
    0.6789182424545288,
    0.6775512099266052,
    0.6782554984092712,
    0.6800830364227295,
    0.6807889342308044,
    0.6815798878669739,
    0.6789412498474121,
    0.6770540475845337,
    0.6783537268638611,
    0.6779918074607849,
    0.6765362024307251,
    0.6795954704284668,
    0.6791359782218933,
    0.6786676645278931,
    0.6773248910903931,
    0.6764088273048401,
    0.6800553202629089
  ]
}