{
  "train": [
    0.5694184752520669,
    0.523830354947762,
    0.499796111448645,
    0.4812723794594187,
    0.4762770030005225,
    0.4499841922609677,
    0.446614443374972,
    0.42695006625405674,
    0.40977716284432436,
    0.4076973961785509,
    0.39168288657817935,
    0.39453048615032815,
    0.38121267110843376,
    0.37961034821759304,
    0.37169295343859443,
    0.36466551370221406,
    0.3553758636484005,
    0.368358399333625,
    0.3627294282901463,
    0.3659510267485539,
    0.3548864449186278,
    0.3474301024904392,
    0.3485486752587586,
    0.339605126328069,
    0.34785260076593294,
    0.3380426494358796,
    0.35644263117184194,
    0.3498484979709381,
    0.3459570239036541,
    0.3378500376135258,
    0.3347818527022019,
    0.34470070964597127,
    0.3421627769035659,
    0.3391782824922665,
    0.3378376333877958,
    0.3450680091756905,
    0.33633119367026343,
    0.3255070506645541,
    0.3396949204318042,
    0.350398360802035,
    0.3373370426041739,
    0.3382205596111091,
    0.3376923720237657,
    0.3411542718927261,
    0.3275837886509637,
    0.3379629324809671,
    0.3442069101216171,
    0.32041116888299953,
    0.3335397801375741,
    0.3296269033049128,
    0.33057966769622465,
    0.32295874201605473
  ],
  "val": [
    0.7267742156982422,
    0.7209954857826233,
    0.7166873216629028,
    0.7106959223747253,
    0.7065234780311584,
    0.7019927501678467,
    0.6978129744529724,
    0.6933673620223999,
    0.6915676593780518,
    0.6905256509780884,
    0.6873499155044556,
    0.6849825978279114,
    0.6837682723999023,
    0.6821131706237793,
    0.6813023090362549,
    0.6815522909164429,
    0.6790286302566528,
    0.6799347400665283,
    0.6800494194030762,
    0.6806959509849548,
    0.6804987192153931,
    0.6777055263519287,
    0.6789201498031616,
    0.6819624304771423,
    0.681527853012085,
    0.681850790977478,
    0.6834498643875122,
    0.6823301911354065,
    0.6810112595558167,
    0.6819556355476379,
    0.6837249398231506,
    0.6835645437240601,
    0.6839319467544556,
    0.6835132241249084,
    0.6810495257377625,
    0.6815659999847412,
    0.6817206740379333,
    0.6814151406288147,
    0.6807401180267334,
    0.6800957322120667,
    0.6802826523780823,
    0.6814821362495422,
    0.6831294894218445,
    0.6831094026565552,
    0.6853501796722412,
    0.6861043572425842,
    0.6849775314331055,
    0.6851003170013428,
    0.6862093210220337,
    0.6851735711097717,
    0.6851452589035034,
    0.6856112480163574
  ]
}