{
  "train": [
    0.4936028281456144,
    0.4417585580807014,
    0.41116760194007984,
    0.405167910853043,
    0.39912022085025395,
    0.3944810373442514,
    0.3901487732755727,
    0.38743205801606767,
    0.38664681791084743,
    0.38068851094527784,
    0.37378351720683095,
    0.3639000444283039,
    0.36861450639851573,
    0.3640745352641702,
    0.3648904200845164,
    0.3601833950416208,
    0.3582977373611751,
    0.3481157855153671,
    0.3532162543588084,
    0.35469719136289773,
    0.3483746314577281,
    0.34712364168589926,
    0.3447316021754824,
    0.3512175115458484,
    0.3468210245000905,
    0.345134615164085,
    0.34707985121041096,
    0.33687330466773124,
    0.339061346547357,
    0.3385942437378644,
    0.337066074897503,
    0.3336970011882594,
    0.3308707496215557,
    0.3326627650284415,
    0.32574147147498106,
    0.32381199527843835,
    0.32638908401498656,
    0.32139903028023065,
    0.3270056605926288,
    0.3253566320306562,
    0.32280651087244155,
    0.3257547809279024,
    0.3225892469507133,
    0.3154112736286201,
    0.32228712165003337
  ],
  "val": [
    0.7170827984809875,
    0.6859365105628967,
    0.6734175086021423,
    0.6696678400039673,
    0.6677056550979614,
    0.6646551489830017,
    0.6609592437744141,
    0.6570628881454468,
    0.6543250679969788,
    0.652425229549408,
    0.6510060429573059,
    0.6495810747146606,
    0.6487756371498108,
    0.6486529111862183,
    0.6486307978630066,
    0.6491514444351196,
    0.6496285200119019,
    0.6505020260810852,
    0.6517890691757202,
    0.6536169052124023,
    0.6549627184867859,
    0.6559427380561829,
    0.65730220079422,
    0.6580191850662231,
    0.6583874225616455,
    0.6587865948677063,
    0.6588380336761475,
    0.6594939231872559,
    0.6601621508598328,
    0.6604932546615601,
    0.6606211066246033,
    0.6603014469146729,
    0.6608346700668335,
    0.6609705090522766,
    0.6607100367546082,
    0.6604284048080444,
    0.6606553196907043,
    0.6615244746208191,
    0.663060188293457,
    0.664440393447876,
    0.6660470962524414,
    0.6681838035583496,
    0.6699254512786865,
    0.6710058450698853,
    0.6723586916923523
  ]
}