{
  "train": [
    0.4232902253789855,
    0.41543377649607915,
    0.4204081537688307,
    0.40245538788476015,
    0.3711454485143934,
    0.369848431477993,
    0.3776330461936631,
    0.37194633395801036,
    0.39149507513187204,
    0.35009304613902653,
    0.3607474249865621,
    0.3629517967771427,
    0.35458057942648824,
    0.35837802657940115,
    0.3347596492379757,
    0.3472347415139522,
    0.3470186385615119,
    0.3391154484795819,
    0.33410240849250644,
    0.35418670004224545,
    0.33440715324115283,
    0.3360582908679699,
    0.3346514099924435,
    0.33984766929901294,
    0.3332854171691857,
    0.3456242463271606,
    0.33258733373557403,
    0.32275600797437093,
    0.32844275471024914,
    0.3281647170999367,
    0.32978527299289045,
    0.30154260677363487,
    0.33157602246171736,
    0.33825500786598095,
    0.32339618608282117,
    0.32355835006154815,
    0.3043921799788921,
    0.3156893635031038,
    0.32351943131150873,
    0.33044941671963396,
    0.3159025428917608,
    0.3354942783933555,
    0.32652838006982665,
    0.3081994360597263,
    0.3142265405854568,
    0.31005006235808574,
    0.31703197486294904,
    0.31195956116239426,
    0.3070111299676848,
    0.3083200432690494,
    0.3080357346188259,
    0.324885870435555,
    0.30416199197910104,
    0.3149615945340377,
    0.28617266730721946,
    0.30912304320946116,
    0.30945143705518374,
    0.3068544985038306,
    0.32874585710135584,
    0.31199934726278183,
    0.3156454974207385,
    0.3157438439101421,
    0.3156596357599268,
    0.3147443135090062,
    0.30982827773235116,
    0.2949189724299708,
    0.31640227542722166,
    0.30805726430099,
    0.30470676756844733,
    0.29724015625826833,
    0.30872471006633023,
    0.3028810339901835,
    0.3045229844271843,
    0.3066740869888531
  ],
  "val": [
    0.7176810503005981,
    0.7180702090263367,
    0.7162565588951111,
    0.7145717144012451,
    0.7108051776885986,
    0.704540491104126,
    0.699972927570343,
    0.6970884799957275,
    0.6925292611122131,
    0.6892432570457458,
    0.6870366930961609,
    0.6841082572937012,
    0.683018147945404,
    0.6847518086433411,
    0.6818342208862305,
    0.6832411885261536,
    0.6817630529403687,
    0.6799494624137878,
    0.6800127625465393,
    0.6783945560455322,
    0.6777738332748413,
    0.6780542135238647,
    0.6816545724868774,
    0.6845411658287048,
    0.683675229549408,
    0.6855272054672241,
    0.684603750705719,
    0.6857718825340271,
    0.6849978566169739,
    0.6817941665649414,
    0.6822410225868225,
    0.6840988993644714,
    0.6839555501937866,
    0.6825335621833801,
    0.6799948811531067,
    0.679253101348877,
    0.6787286996841431,
    0.6785841584205627,
    0.6783289313316345,
    0.6760590672492981,
    0.6753566265106201,
    0.6746733784675598,
    0.6737074851989746,
    0.6718798279762268,
    0.6736365556716919,
    0.6751078367233276,
    0.6745761632919312,
    0.6768089532852173,
    0.6777227520942688,
    0.6764381527900696,
    0.6766417026519775,
    0.6784430146217346,
    0.6760098934173584,
    0.6789703369140625,
    0.6802103519439697,
    0.6783170700073242,
    0.6800613403320312,
    0.6800901293754578,
    0.6833471059799194,
    0.6812855005264282,
    0.6782406568527222,
    0.6757572293281555,
    0.6740175485610962,
    0.6733505725860596,
    0.6748654246330261,
    0.6771469116210938,
    0.677381157875061,
    0.6733375787734985,
    0.6729437708854675,
    0.6724478602409363,
    0.6730558276176453,
    0.6759939789772034,
    0.6767210960388184,
    0.6776891946792603
  ]
}