{
  "train": [
    0.39732941794278,
    0.39538218646213924,
    0.366036598611935,
    0.3625065505210989,
    0.34156630250620723,
    0.34163585040956884,
    0.3353726479220273,
    0.3261768678432615,
    0.33514981081920303,
    0.32055436008669475,
    0.34601221780471614,
    0.32756506780098227,
    0.31012636261620546,
    0.3234188907545776,
    0.31935263678358106,
    0.3269742828578197,
    0.31223488066877636,
    0.31463335116802177,
    0.3153355594339042,
    0.3156395792373883,
    0.3181299915161039,
    0.31582268426570986,
    0.31359472841464825,
    0.30809020291408296,
    0.31235935520656005,
    0.2943420708913521,
    0.30962848766096707,
    0.3130454620704275,
    0.315467355433356,
    0.31056491406680325,
    0.29145694674529465,
    0.2997932922957566,
    0.29896292780420464,
    0.30191104517781675,
    0.3005789309886876,
    0.3020260291440146,
    0.29568691236044975,
    0.2998122028235731,
    0.296466128139073,
    0.3047373042318034,
    0.31171238774736526,
    0.3058703052880142,
    0.30238215735393204,
    0.2997393066366318,
    0.3002549838549985,
    0.30042558189096125,
    0.30323972182320846,
    0.3039966679265346,
    0.2926071951982423,
    0.30013277010964645,
    0.28898692116361535,
    0.3042851501497729,
    0.2940349059151898,
    0.284006755193466,
    0.29068818321368967,
    0.3072467414029126,
    0.2907859307204561,
    0.3001154442432479,
    0.29701417332212326,
    0.2888889164466576,
    0.2945517126856179,
    0.29580354426294714,
    0.2946807787629771,
    0.2905082102185987,
    0.30150703505929466,
    0.28943965778562236,
    0.29158690909446755,
    0.2935028669282133,
    0.28477061382068203,
    0.2853718121063533,
    0.29582924913303016,
    0.28700817526854905,
    0.289528503793801,
    0.29025192037591796,
    0.29954041342429927,
    0.27886211637205677
  ],
  "val": [
    0.6939873099327087,
    0.6890198588371277,
    0.6845672726631165,
    0.6809127330780029,
    0.6766461730003357,
    0.6750884652137756,
    0.6737069487571716,
    0.6740331649780273,
    0.6745383143424988,
    0.6775707006454468,
    0.6785638928413391,
    0.6791874170303345,
    0.6786422729492188,
    0.6788033843040466,
    0.6778502464294434,
    0.6768468022346497,
    0.6764942407608032,
    0.675118625164032,
    0.6769609451293945,
    0.6758489608764648,
    0.6756348609924316,
    0.6761808395385742,
    0.6748912334442139,
    0.6733588576316833,
    0.6722260117530823,
    0.6747759580612183,
    0.676342785358429,
    0.6753297448158264,
    0.6762064695358276,
    0.6766996383666992,
    0.6767870187759399,
    0.6758536100387573,
    0.6748266816139221,
    0.6751915812492371,
    0.6715709567070007,
    0.6707187294960022,
    0.670055627822876,
    0.6698973774909973,
    0.6714065670967102,
    0.6708970069885254,
    0.669683039188385,
    0.6705406904220581,
    0.6710482239723206,
    0.6697121858596802,
    0.6687566637992859,
    0.668565571308136,
    0.6698614358901978,
    0.6701958775520325,
    0.6707223653793335,
    0.6700032353401184,
    0.670954704284668,
    0.6731992959976196,
    0.6765052080154419,
    0.6765150427818298,
    0.676059365272522,
    0.6753845810890198,
    0.675045371055603,
    0.6740594506263733,
    0.6770003437995911,
    0.6763612627983093,
    0.6755011677742004,
    0.6774801015853882,
    0.680460512638092,
    0.6836779117584229,
    0.6849769949913025,
    0.685759961605072,
    0.6823144555091858,
    0.6811755895614624,
    0.6796634793281555,
    0.6797903776168823,
    0.6803970336914062,
    0.6821545362472534,
    0.680800199508667,
    0.6791135668754578,
    0.6817994117736816,
    0.6800099611282349
  ]
}