{
  "train": [
    0.39118734369137015,
    0.3872641051931334,
    0.3891809159898993,
    0.3552197828668679,
    0.36174717163804715,
    0.3423060550184673,
    0.35730516000334267,
    0.34842084480330276,
    0.34673605191296547,
    0.33868883557507556,
    0.33242916943404477,
    0.31755146531048667,
    0.340993446963174,
    0.326546862501229,
    0.3321574024966198,
    0.32160811882300916,
    0.3195352357596599,
    0.32313184036409914,
    0.3094149980639002,
    0.32096652958193433,
    0.3024888890130179,
    0.32211723923683167,
    0.30864917336426345,
    0.31166348977041947,
    0.32262421520472745,
    0.3177582097464594,
    0.3195181267308484,
    0.3266181478946667,
    0.30142491409931277,
    0.3222273639563856,
    0.30432858872296187,
    0.2829891124676014,
    0.29871665829508176,
    0.3212168657133732,
    0.29705171081526527,
    0.2961497773677845,
    0.2938881628031801,
    0.310891795774986,
    0.30412255851506015,
    0.3061672167237756,
    0.29086312578229484,
    0.2870744659102022,
    0.2935279162206086,
    0.29508308985550413,
    0.30860619298343,
    0.3171311738749443,
    0.29500644973346163,
    0.2914960112771377,
    0.29683266741595243,
    0.29075744483858496,
    0.2975161900661262,
    0.2994000014706785,
    0.29900128207183235,
    0.30422786267226554,
    0.29806481991789024,
    0.3001408704689571,
    0.2892943329999012,
    0.2912502495819712,
    0.2917617810477177,
    0.2860704814565593,
    0.2948319439230294,
    0.3000677995787466,
    0.2863630512958677,
    0.28187234883237944,
    0.298917176394627,
    0.29112097782454466,
    0.3066870517331391,
    0.28209280248346,
    0.2834340430832849,
    0.2699896851783903,
    0.2877893188023215,
    0.28661630893575735,
    0.29241778639149785,
    0.2834040077008637
  ],
  "val": [
    0.6858652234077454,
    0.6869419813156128,
    0.6872982382774353,
    0.6865590214729309,
    0.6844021677970886,
    0.6829658150672913,
    0.680880606174469,
    0.6793916821479797,
    0.6771453022956848,
    0.6765713095664978,
    0.6751816272735596,
    0.6735371351242065,
    0.673107922077179,
    0.6733018755912781,
    0.6730228662490845,
    0.671276330947876,
    0.6706736087799072,
    0.6701080799102783,
    0.6697356104850769,
    0.6686719655990601,
    0.6673151254653931,
    0.6680766940116882,
    0.6681592464447021,
    0.6668631434440613,
    0.66573566198349,
    0.6660000681877136,
    0.6656051278114319,
    0.6658868193626404,
    0.6651961207389832,
    0.6653400659561157,
    0.6668334007263184,
    0.6676005125045776,
    0.6675646305084229,
    0.669411838054657,
    0.668998122215271,
    0.6684269905090332,
    0.6677543520927429,
    0.6673352718353271,
    0.6663634181022644,
    0.6660187244415283,
    0.6643110513687134,
    0.6643207669258118,
    0.6652835011482239,
    0.6637175679206848,
    0.665439784526825,
    0.6668211221694946,
    0.6669965982437134,
    0.6702054738998413,
    0.6720247268676758,
    0.6712867617607117,
    0.6713513135910034,
    0.6716915965080261,
    0.6712307929992676,
    0.6719384789466858,
    0.6696522235870361,
    0.667025625705719,
    0.6661162972450256,
    0.666695773601532,
    0.6658886671066284,
    0.6665102243423462,
    0.6663931012153625,
    0.6680965423583984,
    0.6693745255470276,
    0.6677129864692688,
    0.6674875020980835,
    0.6664459705352783,
    0.6661614179611206,
    0.6655120849609375,
    0.6661167144775391,
    0.6656320691108704,
    0.6651766896247864,
    0.6649161577224731,
    0.669842004776001,
    0.6695135235786438
  ]
}