{
  "train": [
    0.3267387859339784,
    0.31854494664762995,
    0.30520900320536987,
    0.3014461961873059,
    0.2866873980449338,
    0.2978913210002072,
    0.27568894991733756,
    0.2801153461627772,
    0.28426595597431575,
    0.2787562652761713,
    0.2700202084820846,
    0.26802075606555187,
    0.2613986605053465,
    0.25934745841132006,
    0.2657747111590625,
    0.28594551664855095,
    0.2688698562348417,
    0.26564042380290664,
    0.2609578623560262,
    0.2593233622060033,
    0.26735556433940755,
    0.26192845235317214,
    0.2525411789199989,
    0.26830600488362055,
    0.26301057365140307,
    0.25984303190790375,
    0.2591118884497675,
    0.25069121664087174,
    0.25248450892312185,
    0.25717430851729634,
    0.24498126879701473,
    0.26096886469812813,
    0.24163216983743488,
    0.25617099968083384,
    0.2364123293331691,
    0.2450061952098837,
    0.254454956853331,
    0.24265995041783808
  ],
  "val": [
    0.6724086999893188,
    0.6698271036148071,
    0.6668887138366699,
    0.6640658378601074,
    0.6620553731918335,
    0.6592817306518555,
    0.6591125130653381,
    0.657663106918335,
    0.6580695509910583,
    0.6577145457267761,
    0.6582890152931213,
    0.6602634191513062,
    0.662524402141571,
    0.6651788949966431,
    0.6673539876937866,
    0.6710230708122253,
    0.6744207739830017,
    0.6748465895652771,
    0.6762452721595764,
    0.675324022769928,
    0.6739394664764404,
    0.6751246452331543,
    0.674003541469574,
    0.6742096543312073,
    0.6769380569458008,
    0.6743181347846985,
    0.6749591827392578,
    0.6745744347572327,
    0.6752316355705261,
    0.6791099309921265,
    0.6802595257759094,
    0.6817934513092041,
    0.6822524070739746,
    0.6814724802970886,
    0.6817730665206909,
    0.6813604235649109,
    0.6803664565086365,
    0.6812565922737122
  ]
}