{
  "train": [
    0.44677428923216944,
    0.4044157309191568,
    0.3640869872029779,
    0.33527874124461204,
    0.32582515668986467,
    0.3280997503860831,
    0.29943730751869124,
    0.3263207566855576,
    0.31512671371398887,
    0.28467699518344675,
    0.3046107092514414,
    0.3070706463799688,
    0.2926707932808129,
    0.2781308205256908,
    0.2957605584501633,
    0.3055206805908034,
    0.2768025258051351,
    0.28557667539918363,
    0.27939527169824235,
    0.2981931150253183,
    0.27106271383210356,
    0.28292822015696556,
    0.2647205244731433,
    0.2794378170826165,
    0.29038048230955754,
    0.26419596924570393,
    0.2797317695735123,
    0.26747324167214004,
    0.27829257006128433,
    0.27892843857774596,
    0.29078885956938044,
    0.2687502661949308,
    0.26606433937702273,
    0.27667482072496646,
    0.27421142447170954,
    0.2827913576158984,
    0.26399273267520473,
    0.2762651188032968,
    0.2669503048722967,
    0.26243128220142403,
    0.2655370719914366,
    0.2607379800874024,
    0.26710920953398265,
    0.2592748846179746,
    0.26207412228795696
  ],
  "val": [
    0.7079467177391052,
    0.7044743299484253,
    0.6997690200805664,
    0.6953221559524536,
    0.6915706992149353,
    0.6859617233276367,
    0.6800438761711121,
    0.6766284108161926,
    0.6758057475090027,
    0.675964891910553,
    0.6761288642883301,
    0.6769238710403442,
    0.6753465533256531,
    0.6727762222290039,
    0.6690945625305176,
    0.6707144379615784,
    0.6742794513702393,
    0.6745246052742004,
    0.6725114583969116,
    0.6769493222236633,
    0.678723156452179,
    0.6801778078079224,
    0.6785010099411011,
    0.6786714792251587,
    0.6779265999794006,
    0.6777755618095398,
    0.6774068474769592,
    0.6794424653053284,
    0.682839572429657,
    0.6840196251869202,
    0.6854538917541504,
    0.6847102046012878,
    0.6824114322662354,
    0.683750569820404,
    0.6803317666053772,
    0.6776224970817566,
    0.6738783121109009,
    0.6740118861198425,
    0.675681471824646,
    0.6769609451293945,
    0.6784096360206604,
    0.6795001029968262,
    0.6844040751457214,
    0.684748649597168,
    0.6866583228111267
  ]
}