{
  "train": [
    0.3996699606550151,
    0.37511416785235474,
    0.3816694887400848,
    0.35668230497191106,
    0.3673874345319024,
    0.35136316445073473,
    0.3486422773065238,
    0.35724678033678403,
    0.3518220948174669,
    0.34207982426793704,
    0.3293801838247647,
    0.33494628943833227,
    0.3334939447529797,
    0.3172346616319835,
    0.3369717647142598,
    0.32406583178806775,
    0.3239495862880951,
    0.3193993213141493,
    0.33332095798013245,
    0.3172613721469353,
    0.32021264445605535,
    0.3129085184905329,
    0.32306811242855243,
    0.31676162581138423,
    0.3105950998555263,
    0.3004414053092449,
    0.31144713320461986,
    0.30904030873270455,
    0.31641415686442936,
    0.30258624130869144,
    0.30612324581944883,
    0.29561703802623185,
    0.3110352701007439,
    0.32057527852763096,
    0.32338436689282873,
    0.2945507465324966,
    0.31324367452724816,
    0.29153785307712743,
    0.3046759190817772,
    0.2982712659636155,
    0.299447513713038,
    0.288078874936832,
    0.2981039511746374,
    0.27580827430551275,
    0.29538916851499397,
    0.3029958359126387,
    0.3115487963401625
  ],
  "val": [
    0.6884160041809082,
    0.6839935183525085,
    0.6804580092430115,
    0.6765786409378052,
    0.6721639633178711,
    0.6682953238487244,
    0.6656884551048279,
    0.6628227829933167,
    0.6605069637298584,
    0.6588606238365173,
    0.6579696536064148,
    0.657467246055603,
    0.6573706269264221,
    0.6572612524032593,
    0.6573359370231628,
    0.6568167805671692,
    0.656505823135376,
    0.6567621231079102,
    0.6566159725189209,
    0.6581990718841553,
    0.6584913730621338,
    0.659170925617218,
    0.6595407128334045,
    0.6602416038513184,
    0.6607323884963989,
    0.6614829301834106,
    0.6621195673942566,
    0.662646472454071,
    0.662244975566864,
    0.6625818610191345,
    0.6628994941711426,
    0.663780152797699,
    0.6652560234069824,
    0.665981650352478,
    0.6655879020690918,
    0.6644595265388489,
    0.6641295552253723,
    0.6644193530082703,
    0.6648389101028442,
    0.6653870940208435,
    0.666373610496521,
    0.6675572991371155,
    0.6680955290794373,
    0.669735848903656,
    0.6710416674613953,
    0.6724785566329956,
    0.6733641028404236
  ]
}