{
  "train": [
    0.4641014046856922,
    0.4271729042377378,
    0.40940749645233154,
    0.4105723871679729,
    0.39364033350216343,
    0.3765144778296278,
    0.37466181337539783,
    0.36859950702178657,
    0.3478894699089633,
    0.3584528340054263,
    0.35315864823134663,
    0.3427796633959991,
    0.34807606724095463,
    0.34807900621973237,
    0.3387202166865025,
    0.32410758161192454,
    0.3502462980488838,
    0.32105215488396255,
    0.33277609019443904,
    0.33474826930191715,
    0.32902757243569847,
    0.3312036260008225,
    0.3147971618351678,
    0.32890049650751313,
    0.343886151689614,
    0.3236933120072182,
    0.3221317676487815,
    0.31961144213312365,
    0.3166532620714216,
    0.32371382158378076,
    0.31649364435614036,
    0.322601181826568,
    0.3145340620884167,
    0.3199659622655126,
    0.30133323643007887,
    0.31386119831959014,
    0.3013900447948813,
    0.308513760126283,
    0.3066836163915437,
    0.3065305130528699,
    0.30488225993851725,
    0.3168970262769408,
    0.313289985574525,
    0.29819316787672745,
    0.3150055502435844,
    0.30546464003952856,
    0.308496421927889,
    0.30055223618234905,
    0.31961435666812466,
    0.30384144157611676,
    0.3037404789419597,
    0.31271920430249184,
    0.30132648840620013,
    0.30575414743329504,
    0.3010690683508154,
    0.2984081816497107,
    0.30676627100394865,
    0.30958026911824793,
    0.3011605354952695,
    0.29790855055959353,
    0.30427111120059575,
    0.3044982578954086,
    0.2914898806604846,
    0.3020343475153881,
    0.29582430914117785,
    0.29437937297550915,
    0.2907568124567934,
    0.30140774840204587,
    0.29647322021094447,
    0.28962703570356507,
    0.29468818148368686,
    0.30994333466285556,
    0.2983832246270673,
    0.2866767724893363,
    0.3046623910295552,
    0.276839303118842,
    0.2975722467664427,
    0.28326629227018124,
    0.2848498023349076,
    0.2894042730331421,
    0.28779181037923973,
    0.2899825565627056,
    0.2926688941535104,
    0.28774213174293783,
    0.2889747611554385
  ],
  "val": [
    0.6958668828010559,
    0.7010631561279297,
    0.7042919993400574,
    0.7066482901573181,
    0.7086092233657837,
    0.7071104049682617,
    0.7073850631713867,
    0.707707405090332,
    0.7073536515235901,
    0.7055574655532837,
    0.702344536781311,
    0.7001802921295166,
    0.6970729827880859,
    0.6948225498199463,
    0.6920755505561829,
    0.6896653771400452,
    0.6892943978309631,
    0.6882368922233582,
    0.6894098520278931,
    0.6867826581001282,
    0.6876463890075684,
    0.6853979229927063,
    0.686160683631897,
    0.6842074394226074,
    0.6820402145385742,
    0.684804379940033,
    0.6866957545280457,
    0.6885900497436523,
    0.6907284259796143,
    0.690377414226532,
    0.6925718188285828,
    0.6931850910186768,
    0.6931753754615784,
    0.692182719707489,
    0.6902715563774109,
    0.6911148428916931,
    0.6894998550415039,
    0.6863658428192139,
    0.689095139503479,
    0.6891694068908691,
    0.6892051100730896,
    0.686005711555481,
    0.6873134970664978,
    0.6867430806159973,
    0.6851425766944885,
    0.685860812664032,
    0.6876773834228516,
    0.687858521938324,
    0.6885082125663757,
    0.687966525554657,
    0.6873757243156433,
    0.6835616230964661,
    0.6862794756889343,
    0.6836804151535034,
    0.6814872622489929,
    0.683829665184021,
    0.6827453970909119,
    0.6835801005363464,
    0.6855926513671875,
    0.6866579651832581,
    0.6865937113761902,
    0.6886510848999023,
    0.6866010427474976,
    0.6883928775787354,
    0.6887773275375366,
    0.6905553340911865,
    0.6930238604545593,
    0.6948850154876709,
    0.692423403263092,
    0.6905269622802734,
    0.6905013918876648,
    0.689452052116394,
    0.68711256980896,
    0.6876941323280334,
    0.6861410737037659,
    0.6886321902275085,
    0.6890739798545837,
    0.6886472105979919,
    0.6869613528251648,
    0.6873956918716431,
    0.6889925599098206,
    0.6880782246589661,
    0.6884285807609558,
    0.6899166107177734,
    0.6903598308563232
  ]
}