{
  "train": [
    0.44836712500144693,
    0.42253669538521416,
    0.38349318416247813,
    0.3781965809502625,
    0.3552201064349395,
    0.3477381823098131,
    0.3384011991211933,
    0.3344953954219818,
    0.34083002761667,
    0.32980690551508823,
    0.32615867697546636,
    0.3157971232689073,
    0.3188390460214004,
    0.32017888605888256,
    0.3112672310450981,
    0.3123106573309217,
    0.31512389996368895,
    0.2993040172924549,
    0.3025627948086837,
    0.30633054754416933,
    0.30958087426688286,
    0.3068294331357984,
    0.3075807614279498,
    0.3000398381003018,
    0.29555136141518656,
    0.30842585443275905,
    0.2965531961377618,
    0.298829195094226,
    0.29654769225073563,
    0.29777925032112984,
    0.29486210387328576,
    0.2888672776116526,
    0.2893063555210095,
    0.2867117409635647,
    0.28860391052485684,
    0.2878293397978609,
    0.30195164489628645,
    0.2912387397195318,
    0.2928329850065297,
    0.2895037942919238,
    0.2971421458157413,
    0.2949264694023602,
    0.28918593219054745,
    0.2890236321928466,
    0.28756716832738793,
    0.29053871634558504,
    0.2831842906662983,
    0.2881075995309012,
    0.28389070370220787,
    0.2786957298593568,
    0.28239813696574695,
    0.28742933508210583,
    0.2791317967064862,
    0.2868065994067732,
    0.27673182082293657,
    0.282100062505365,
    0.28459881077259047,
    0.2810423348484368,
    0.2773731082237413
  ],
  "val": [
    0.687931478023529,
    0.6844563484191895,
    0.6796121001243591,
    0.6738675832748413,
    0.669471800327301,
    0.6670476198196411,
    0.6658181548118591,
    0.665619432926178,
    0.6684812307357788,
    0.6694819331169128,
    0.6701542139053345,
    0.6705934405326843,
    0.6711409687995911,
    0.6717043519020081,
    0.6704909801483154,
    0.6697572469711304,
    0.670382559299469,
    0.6684821844100952,
    0.6699260473251343,
    0.6709080934524536,
    0.6709500551223755,
    0.6700973510742188,
    0.669800341129303,
    0.6695325970649719,
    0.6679238080978394,
    0.6674787998199463,
    0.6646897792816162,
    0.6612170934677124,
    0.6607378125190735,
    0.6611016392707825,
    0.663844645023346,
    0.6660787463188171,
    0.6687355637550354,
    0.6701161861419678,
    0.6726672649383545,
    0.6736279726028442,
    0.6753697395324707,
    0.6769313812255859,
    0.678410530090332,
    0.6808739304542542,
    0.6814748048782349,
    0.6775152087211609,
    0.6769812703132629,
    0.675479531288147,
    0.6751034259796143,
    0.677228569984436,
    0.6775851249694824,
    0.6774574518203735,
    0.6793803572654724,
    0.6785939931869507,
    0.6774874925613403,
    0.6778058409690857,
    0.6793805360794067,
    0.6815553903579712,
    0.6823428273200989,
    0.6799957752227783,
    0.682182788848877,
    0.6814338564872742,
    0.6818352341651917
  ]
}