{
  "train": [
    0.44250055589699394,
    0.42741792131527306,
    0.3972611089645348,
    0.3803716325407545,
    0.37076857201571534,
    0.3762709554193055,
    0.35691199514078975,
    0.34445156634147533,
    0.34111922215945617,
    0.3424741951702851,
    0.33072954460317866,
    0.3360473964308283,
    0.32485755734842986,
    0.33235014615387753,
    0.3231151686806984,
    0.32903843090451995,
    0.3252392271762998,
    0.3097884700509715,
    0.31425607821037027,
    0.32742978272766904,
    0.30539814606675963,
    0.3121162835013103,
    0.30634197563373394,
    0.31083227290308535,
    0.31969424054540435,
    0.30579728064278666,
    0.31523966018495886,
    0.30491667398678257,
    0.3049386572368039,
    0.3038220361535772,
    0.31334222258605393,
    0.3126599001767013,
    0.30583965616860415,
    0.30076888027449544,
    0.3000227601950979,
    0.3065424549755792,
    0.2983763414650715,
    0.2969534240039111,
    0.3077047392358921,
    0.3052317471486594
  ],
  "val": [
    0.6951291561126709,
    0.6944118738174438,
    0.6920850872993469,
    0.6885620951652527,
    0.6845431923866272,
    0.6817717552185059,
    0.6783636808395386,
    0.6765136122703552,
    0.6747693419456482,
    0.6739053130149841,
    0.6753329038619995,
    0.6767224073410034,
    0.6785781383514404,
    0.6825148463249207,
    0.6853981614112854,
    0.6893320083618164,
    0.6890298128128052,
    0.6897131204605103,
    0.6884551048278809,
    0.6861065626144409,
    0.686474084854126,
    0.6863827705383301,
    0.6853276491165161,
    0.6820722818374634,
    0.6828722953796387,
    0.6841870546340942,
    0.6844191551208496,
    0.6839731931686401,
    0.684786856174469,
    0.6876944899559021,
    0.690952479839325,
    0.6909651756286621,
    0.6900007128715515,
    0.6903771162033081,
    0.6906090974807739,
    0.6922376155853271,
    0.6911047697067261,
    0.6915093660354614,
    0.6892135143280029,
    0.6874369978904724
  ]
}