{
  "train": [
    0.41738544910999353,
    0.4067601910952864,
    0.41092920406111355,
    0.38211382419017736,
    0.37669567374760293,
    0.37677033194180193,
    0.3643246762858236,
    0.36478205678498216,
    0.33848746260398715,
    0.35189117190285857,
    0.3513853464807783,
    0.33169396243659144,
    0.3404422845746496,
    0.34519821361367925,
    0.33908794563392114,
    0.33573351132458656,
    0.3356878330261249,
    0.3381577881392587,
    0.33194563512144415,
    0.3301752694868689,
    0.34360481321518055,
    0.3278976610581863,
    0.3312141585526208,
    0.3315526076725551,
    0.3346427218080154,
    0.33023345675961724,
    0.32465893749533026,
    0.3239121641137917,
    0.31147121326089494,
    0.30833256332745107,
    0.31272905756687297,
    0.32397880416198316,
    0.3206501811595973,
    0.3191579151623355,
    0.3276738182370886,
    0.3284896535826434,
    0.3357893684374288,
    0.33091255170958384,
    0.3267092867731461,
    0.3127236662827102,
    0.3068529056210823,
    0.30587353950063584,
    0.30805492019418423,
    0.30075131642994624,
    0.295995095093262,
    0.30308209403688685,
    0.3131223075789184,
    0.3128741429063487,
    0.29908456018405594,
    0.30733074416667955,
    0.31613094598201696,
    0.2995157492865483,
    0.3028981337699984,
    0.29728449609479296,
    0.30401389499015996,
    0.31499929381121555,
    0.29772129126370245,
    0.30018182678762917,
    0.30901778845364236,
    0.3085124024323055,
    0.3131010600645554,
    0.32047898296652166,
    0.30306929026918455,
    0.29838097917622536,
    0.3121852236134665,
    0.2946541580954209,
    0.30253397831188633,
    0.30846990476100905,
    0.2966567624378674,
    0.2916051892224204,
    0.30830221384616907,
    0.30093362839351145,
    0.29039702083676905,
    0.2919584776967617,
    0.3001329459873914,
    0.3011938411320372,
    0.30104473424075273,
    0.3057797702368844,
    0.3013735197007362,
    0.2949041173669505,
    0.31225915510078955,
    0.2878692585406045
  ],
  "val": [
    0.7040611505508423,
    0.702541172504425,
    0.7016966938972473,
    0.7000361680984497,
    0.6968415379524231,
    0.6954435110092163,
    0.6906294226646423,
    0.6870719790458679,
    0.6837680339813232,
    0.6816654205322266,
    0.6802650690078735,
    0.6778373122215271,
    0.6763091087341309,
    0.6745961904525757,
    0.6726864576339722,
    0.6701978445053101,
    0.6722304224967957,
    0.6731138825416565,
    0.6737872362136841,
    0.6708208322525024,
    0.6683441996574402,
    0.6695048213005066,
    0.6668927669525146,
    0.6696468591690063,
    0.6697725057601929,
    0.6681197285652161,
    0.6698873043060303,
    0.6692949533462524,
    0.6697035431861877,
    0.6682682037353516,
    0.664899468421936,
    0.6618287563323975,
    0.6622138619422913,
    0.6614201664924622,
    0.6615725755691528,
    0.6633630394935608,
    0.6611958742141724,
    0.6617631316184998,
    0.6640322804450989,
    0.6628751158714294,
    0.6606324911117554,
    0.660970151424408,
    0.662465512752533,
    0.6615803241729736,
    0.6619166731834412,
    0.6632114052772522,
    0.6620684862136841,
    0.6635832190513611,
    0.6628947257995605,
    0.6622963547706604,
    0.6602982878684998,
    0.6598581671714783,
    0.6642306447029114,
    0.6650627255439758,
    0.6648861169815063,
    0.6660182476043701,
    0.6642919778823853,
    0.6667286157608032,
    0.6697263717651367,
    0.6714959740638733,
    0.6691533923149109,
    0.6713494658470154,
    0.6695725917816162,
    0.6683968901634216,
    0.6668424606323242,
    0.666649341583252,
    0.6632910966873169,
    0.6633687615394592,
    0.6637939810752869,
    0.6641762852668762,
    0.6623625159263611,
    0.6609548926353455,
    0.6603915691375732,
    0.6640570759773254,
    0.6648203730583191,
    0.6643945574760437,
    0.6665539145469666,
    0.6643854975700378,
    0.6668165326118469,
    0.6658695340156555,
    0.666143000125885,
    0.6656050682067871
  ]
}