{
  "train": [
    0.46156647155437563,
    0.42873669713001533,
    0.4125341077156255,
    0.3967028198571041,
    0.4086510707885761,
    0.4098463733795241,
    0.3732637156700266,
    0.3906070535699722,
    0.3940924291540249,
    0.3843051714850177,
    0.373081836941207,
    0.3750899479600596,
    0.3672402575979092,
    0.3701601665595482,
    0.3698885539188761,
    0.37912377450853735,
    0.3814091413772752,
    0.3614352597978902,
    0.3691506739614045,
    0.3521814783805697,
    0.3600431629296007,
    0.35133230216397443,
    0.34760184373174396,
    0.35278269810042356,
    0.3666330991413793,
    0.3610928035134752,
    0.34323374523317873,
    0.35438513667712657,
    0.3548574087948635,
    0.3587097022040137,
    0.34983835461104446,
    0.35077120033391,
    0.3401222400770986,
    0.3529901215301946,
    0.3590820971968139,
    0.3439487139579698,
    0.35203020003041613,
    0.3600483307697503,
    0.3353004851951975,
    0.3537127322751313,
    0.35572106453585506,
    0.37325928173041695,
    0.3353039679562517,
    0.3368389308452606,
    0.3522002012858837,
    0.34573592575900075,
    0.3367151992367993,
    0.35384741587004637,
    0.3404309737858514,
    0.34901368618011475,
    0.3394197375316338,
    0.36016866696879196,
    0.3412145086990789,
    0.3473264105214274,
    0.3548144363417414,
    0.33367321350304363,
    0.3325486313826932,
    0.35265367019352656,
    0.3320433355023708,
    0.3373489937758798,
    0.3537884486719893,
    0.3395091176326639,
    0.3367597896770891,
    0.3404854643227432,
    0.351250764037588,
    0.3363615479962579,
    0.32800068922818,
    0.340564696806405,
    0.33410710287211565,
    0.3322076252822218,
    0.3325685896896964,
    0.34115272657624607,
    0.34274009560129326,
    0.34484690148842156,
    0.34906661627915103,
    0.32812949134211233
  ],
  "val": [
    0.6884710192680359,
    0.6909122467041016,
    0.6915439367294312,
    0.6898786425590515,
    0.6905707120895386,
    0.6877795457839966,
    0.6851633787155151,
    0.6878533959388733,
    0.6874757409095764,
    0.6865556836128235,
    0.6808633804321289,
    0.67960125207901,
    0.6782045960426331,
    0.6780014038085938,
    0.6775832772254944,
    0.675707995891571,
    0.6737063527107239,
    0.6723824143409729,
    0.6733500957489014,
    0.6749365925788879,
    0.6731722354888916,
    0.6712894439697266,
    0.6717420816421509,
    0.6712484955787659,
    0.6716348528862,
    0.6716669797897339,
    0.6720201969146729,
    0.6724605560302734,
    0.6731013655662537,
    0.6722732186317444,
    0.6720799207687378,
    0.6720719337463379,
    0.6709865927696228,
    0.6716447472572327,
    0.6727033853530884,
    0.6706507205963135,
    0.670240581035614,
    0.6695683002471924,
    0.669398844242096,
    0.6694442629814148,
    0.6702051162719727,
    0.6699569225311279,
    0.6678901314735413,
    0.667184591293335,
    0.6679340600967407,
    0.665749728679657,
    0.6673797965049744,
    0.6686128377914429,
    0.6688846349716187,
    0.6715856790542603,
    0.6723290085792542,
    0.6720007658004761,
    0.6704153418540955,
    0.6696433424949646,
    0.6706417798995972,
    0.6704868078231812,
    0.6713615655899048,
    0.6714232563972473,
    0.6707016825675964,
    0.6701326966285706,
    0.6696096062660217,
    0.6691154837608337,
    0.6672502160072327,
    0.6684457659721375,
    0.6672595739364624,
    0.6669264435768127,
    0.6676920056343079,
    0.6679932475090027,
    0.6669046878814697,
    0.6687827706336975,
    0.6689774394035339,
    0.6690383553504944,
    0.6685491800308228,
    0.6681462526321411,
    0.6699363589286804,
    0.6687730550765991
  ]
}