{
  "train": [
    0.5012527887750728,
    0.46821268996581655,
    0.4281783300667561,
    0.40325409115241667,
    0.3745322510820304,
    0.35503512077730864,
    0.3426387458305641,
    0.3330472455236125,
    0.3266052747594899,
    0.32269574797212197,
    0.3072744475796892,
    0.3177108357986206,
    0.3068203293337611,
    0.30886743720529114,
    0.30382697820076215,
    0.30720591559785926,
    0.31581994744357217,
    0.30067278907216827,
    0.2987603316166131,
    0.3038078565609279,
    0.3010381411742694,
    0.2961470010538994,
    0.3072581302943488,
    0.3063736155702563,
    0.30207211513237414,
    0.2957142930606316,
    0.2930862301676144,
    0.3013474621209018,
    0.291578011119307,
    0.30217576790325745,
    0.29278280611695917,
    0.2876409309104158,
    0.2862286715965553,
    0.29286631339876523,
    0.2980872269334464,
    0.29133122454723115,
    0.29562611371425573,
    0.2901341112082815,
    0.28908571835809155,
    0.29009406070403865,
    0.28211238539864864,
    0.2846130399868406,
    0.28450806196687256,
    0.2808497599486647,
    0.27950263801466657,
    0.2833863301523801,
    0.2946945820829551,
    0.2828025286420813,
    0.284174870387674,
    0.28016355002454935,
    0.28934425761546995,
    0.28045814363240024,
    0.2749421859316051,
    0.27062374647027754,
    0.26581551068522075,
    0.2873659239613951
  ],
  "val": [
    0.692416787147522,
    0.6909165978431702,
    0.6877105236053467,
    0.6821260452270508,
    0.677114725112915,
    0.6713716387748718,
    0.6686500310897827,
    0.6660117506980896,
    0.6658251285552979,
    0.6656787395477295,
    0.6677375435829163,
    0.6684175133705139,
    0.6672524809837341,
    0.669218897819519,
    0.667649507522583,
    0.6658556461334229,
    0.6659895777702332,
    0.665626049041748,
    0.6648474931716919,
    0.6663802266120911,
    0.6674013733863831,
    0.6704704165458679,
    0.6690332889556885,
    0.6686877012252808,
    0.6645452380180359,
    0.6619839072227478,
    0.6640395522117615,
    0.6658391952514648,
    0.6685075163841248,
    0.6690959930419922,
    0.6686156392097473,
    0.6687279343605042,
    0.6683536767959595,
    0.66806960105896,
    0.6686720848083496,
    0.6720864176750183,
    0.6723626852035522,
    0.6718938946723938,
    0.6712128520011902,
    0.6716992259025574,
    0.672106921672821,
    0.6734462976455688,
    0.6735286712646484,
    0.6734626889228821,
    0.674098014831543,
    0.6724137663841248,
    0.6720237135887146,
    0.6679672598838806,
    0.6671847105026245,
    0.6674553155899048,
    0.6695520877838135,
    0.66960209608078,
    0.6702682375907898,
    0.6730079054832458,
    0.6760989427566528,
    0.6764297485351562
  ]
}