{
  "train": [
    0.4327504228194946,
    0.39874502267743567,
    0.38673735325559605,
    0.37252304794753127,
    0.35820916985056084,
    0.35545347139165906,
    0.34444731591370303,
    0.33693192245925,
    0.3389364557313214,
    0.32747827668495366,
    0.3285942973174485,
    0.3256077624013271,
    0.32709454506488855,
    0.31836938344199084,
    0.33029696638948225,
    0.3183734894092447,
    0.31593802982363206,
    0.320373391429779,
    0.3198491248297574,
    0.3074873339366443,
    0.31226031401474486,
    0.306202300957271,
    0.30233135290921026,
    0.2982904827359862,
    0.3084861238308141,
    0.3007212627697461,
    0.2993765579068602,
    0.30540418683601717,
    0.29937017272258626,
    0.30786995450264126,
    0.30653719361779724,
    0.2984887160397516,
    0.2948238018698293,
    0.2961188758828957,
    0.2926341981576581,
    0.2913689500298993,
    0.29520230002591175,
    0.2951118470412757,
    0.2853969395747913,
    0.2944107108515472,
    0.28577902722241255,
    0.2848174733481384,
    0.28661214923623746,
    0.28212082488783474,
    0.2987639396061451,
    0.2852266898442959,
    0.2956822966707164,
    0.2929350523819477,
    0.2867858574308198,
    0.2866964358561145,
    0.289731941199655,
    0.2889620761565974,
    0.28272874543232285,
    0.2849879458620043,
    0.28693218698055284,
    0.2719218429233053,
    0.2866146295822313,
    0.2780165315555234,
    0.29362537414569573,
    0.2803075800975555,
    0.27876839790438196,
    0.2779546264797596,
    0.2775374749317545,
    0.2885052959613612,
    0.28183308030877796,
    0.28772651048129416,
    0.28318922008786884,
    0.28129841071631523,
    0.27764905042248994,
    0.2799569114382044,
    0.2813068911653434
  ],
  "val": [
    0.6797800064086914,
    0.6805744171142578,
    0.680656373500824,
    0.6803323030471802,
    0.6789373159408569,
    0.6769828200340271,
    0.6749693751335144,
    0.6728614568710327,
    0.6725777387619019,
    0.6746165156364441,
    0.675653338432312,
    0.6760765910148621,
    0.6759518980979919,
    0.6740203499794006,
    0.6746572256088257,
    0.6749933958053589,
    0.6739668250083923,
    0.6747162342071533,
    0.6747058629989624,
    0.675239086151123,
    0.6731982231140137,
    0.671450674533844,
    0.6703222990036011,
    0.6707742810249329,
    0.6714985966682434,
    0.6727688312530518,
    0.6730062365531921,
    0.6732438802719116,
    0.6760650277137756,
    0.677203357219696,
    0.6766876578330994,
    0.674947202205658,
    0.6743783354759216,
    0.6749623417854309,
    0.6731152534484863,
    0.6759855151176453,
    0.6728134751319885,
    0.6700153946876526,
    0.6702596545219421,
    0.6706134080886841,
    0.6692758202552795,
    0.6716792583465576,
    0.6708402037620544,
    0.6724326014518738,
    0.6744794249534607,
    0.6757788062095642,
    0.6787429451942444,
    0.6790812015533447,
    0.6835161447525024,
    0.6825105547904968,
    0.6830744743347168,
    0.6838361024856567,
    0.6841880679130554,
    0.6809036731719971,
    0.68325275182724,
    0.6822485327720642,
    0.678297758102417,
    0.677276611328125,
    0.676506519317627,
    0.6735042929649353,
    0.6716229915618896,
    0.6719661951065063,
    0.6714962720870972,
    0.6696065068244934,
    0.6729914546012878,
    0.6722613573074341,
    0.6734576225280762,
    0.6763783097267151,
    0.6783161759376526,
    0.679047703742981,
    0.6783320307731628
  ]
}