{
  "train": [
    0.5294046724958373,
    0.4566259381219084,
    0.40752653564725605,
    0.3711966176338384,
    0.36884444878606376,
    0.370194071472572,
    0.3552432998354212,
    0.34075864562260105,
    0.34334116763082045,
    0.33774959497851104,
    0.3416116694217832,
    0.33152542898220383,
    0.3193982178941736,
    0.3264414875818591,
    0.3114762875834122,
    0.31183888671433396,
    0.3151299217945249,
    0.3123005186689311,
    0.32524681384927534,
    0.31445193745819805,
    0.31025516634504197,
    0.3160560467266684,
    0.31219920251757055,
    0.3195803892142667,
    0.31168583578664094,
    0.31663032433963173,
    0.3073401880528539,
    0.3089734029593726,
    0.29600217343844804,
    0.3002048604594076,
    0.29747007354139693,
    0.3071536719799042,
    0.30340279352488775,
    0.30464085863141593,
    0.2963999624322788,
    0.29127001674304454,
    0.29890503715999023,
    0.29754765662066457,
    0.3047536460343253,
    0.3008833347723402,
    0.2972355887220411,
    0.29816555727291577,
    0.28618327076799177,
    0.2829722715128819,
    0.29452069287229643,
    0.29012930686837934,
    0.29844727348811523,
    0.2951504558765242,
    0.29478016216766656,
    0.2858006306763353,
    0.2827175049652607,
    0.2913959488052453,
    0.28352709914663154,
    0.2903697062008487,
    0.2826354625483452,
    0.286452617991734,
    0.2852368301945954,
    0.27895376695494345,
    0.2700616840658517,
    0.2852969292936654,
    0.27926470662279085,
    0.28496773607037923,
    0.2744277844875317,
    0.273046244394603,
    0.27826918522125393,
    0.2781306534565141,
    0.28351401020153405
  ],
  "val": [
    0.8072889447212219,
    0.7479491829872131,
    0.718764066696167,
    0.7086113691329956,
    0.7065381407737732,
    0.7062078714370728,
    0.7041702270507812,
    0.7004579305648804,
    0.6952527761459351,
    0.6906983256340027,
    0.6876166462898254,
    0.6857450604438782,
    0.6846253275871277,
    0.6834823489189148,
    0.6828828454017639,
    0.6828556656837463,
    0.6825288534164429,
    0.6821101903915405,
    0.6808975338935852,
    0.6793801188468933,
    0.6790115237236023,
    0.6782503128051758,
    0.6774153113365173,
    0.6767110824584961,
    0.6761773824691772,
    0.6758615970611572,
    0.6752622723579407,
    0.6745752692222595,
    0.6739595532417297,
    0.6737213134765625,
    0.6733510494232178,
    0.6725634336471558,
    0.6721200346946716,
    0.6714004874229431,
    0.6713320016860962,
    0.6712268590927124,
    0.6710355877876282,
    0.6713367104530334,
    0.6716347932815552,
    0.6719522476196289,
    0.6724937558174133,
    0.6734700202941895,
    0.6746402382850647,
    0.6753585934638977,
    0.6755350828170776,
    0.6763455867767334,
    0.6780630946159363,
    0.6784327030181885,
    0.6773382425308228,
    0.676981508731842,
    0.6780402064323425,
    0.6787652969360352,
    0.6784998178482056,
    0.6783371567726135,
    0.6785151958465576,
    0.6782888174057007,
    0.677668035030365,
    0.6774969696998596,
    0.6776490211486816,
    0.67704176902771,
    0.6770445108413696,
    0.6771973967552185,
    0.6769503355026245,
    0.6763293743133545,
    0.6756021976470947,
    0.6747972965240479,
    0.6745110154151917
  ]
}