{
  "train": [
    0.5003885766261904,
    0.4516485679913037,
    0.4244262119525759,
    0.43124026294999523,
    0.4203189950564812,
    0.40728556904299507,
    0.4181174817930889,
    0.4026501036336269,
    0.39637061880139884,
    0.3981354721074034,
    0.3944351190123065,
    0.38937863134985484,
    0.3897538706293247,
    0.38905823186700567,
    0.38870067901799243,
    0.37590487866566097,
    0.36781162361206093,
    0.3755273294859919,
    0.37740492820739746,
    0.37071200162906365,
    0.35870875366802873,
    0.37665259133418794,
    0.37019668688327806,
    0.3689075096193793,
    0.35134623100604917,
    0.35571986671739025,
    0.36051483503703413,
    0.3656155652013318,
    0.3610700562669726,
    0.3645522447642434,
    0.3583031831116512,
    0.35677842025099127,
    0.35430123712041695,
    0.3459750415362748,
    0.34366308820658714,
    0.34883918873782227,
    0.3436199670354721,
    0.3479342168481479,
    0.3427639188144007,
    0.3446804370198931,
    0.34156937126455633,
    0.3480217870820332,
    0.3505206756991119,
    0.3474096466461426,
    0.34508342828069416,
    0.3435018103698204,
    0.3415936836468175,
    0.34455207474713256,
    0.3375827524755976
  ],
  "val": [
    0.7104012370109558,
    0.6839885115623474,
    0.6788820028305054,
    0.6792356967926025,
    0.6773464679718018,
    0.6745184659957886,
    0.671999990940094,
    0.6696845293045044,
    0.6692572236061096,
    0.6692570447921753,
    0.669918417930603,
    0.6700513362884521,
    0.670101523399353,
    0.6701507568359375,
    0.6699568629264832,
    0.6696240305900574,
    0.6691074371337891,
    0.6686038970947266,
    0.6676681041717529,
    0.6681165099143982,
    0.6693252921104431,
    0.670280933380127,
    0.6708306670188904,
    0.6704737544059753,
    0.6689947247505188,
    0.6691064238548279,
    0.6695345044136047,
    0.670414924621582,
    0.6708534955978394,
    0.6702637076377869,
    0.6691803932189941,
    0.6692506670951843,
    0.6692734360694885,
    0.6693621873855591,
    0.6702577471733093,
    0.6706772446632385,
    0.6730301976203918,
    0.6769397258758545,
    0.6781935095787048,
    0.6785498261451721,
    0.6784712672233582,
    0.676892876625061,
    0.6753079295158386,
    0.675053596496582,
    0.6766052842140198,
    0.6782211661338806,
    0.6786549091339111,
    0.6792639493942261,
    0.6808211207389832
  ]
}