{
  "train": [
    0.46550650784534775,
    0.43394849335618796,
    0.40969287644466157,
    0.38993024532430864,
    0.36221227813236817,
    0.3758470071066777,
    0.34119140426513594,
    0.3316923724900325,
    0.33722310685759105,
    0.3247253395653711,
    0.3286231099971997,
    0.3212778566799728,
    0.33255258452128894,
    0.3082727770793614,
    0.3042288001241355,
    0.3280716228661279,
    0.313248784964895,
    0.3033500931826718,
    0.32206670580239133,
    0.34241423943066246,
    0.32531150925922864,
    0.31071563468778074,
    0.30735691251425906,
    0.3025205477411524,
    0.2995503100708788,
    0.3001891549291282,
    0.3057383268043913,
    0.31022031040027226,
    0.2838886863932821,
    0.3050266702480504,
    0.30633403559036443,
    0.29391015970648215,
    0.2915371615311195,
    0.29311130375697697,
    0.3051786516687553,
    0.28401271051961213,
    0.30730421892527876,
    0.2925183516124199,
    0.28804352527181504,
    0.294090574451268
  ],
  "val": [
    0.6945802569389343,
    0.6943344473838806,
    0.6937581896781921,
    0.690251350402832,
    0.6882143616676331,
    0.6833772659301758,
    0.6783800721168518,
    0.6764426827430725,
    0.6752709746360779,
    0.6728534698486328,
    0.6768066883087158,
    0.6780554056167603,
    0.6800960302352905,
    0.6793957948684692,
    0.6787128448486328,
    0.6771876811981201,
    0.6784690618515015,
    0.6800729036331177,
    0.6805976629257202,
    0.681788444519043,
    0.684665322303772,
    0.6797162890434265,
    0.6786757111549377,
    0.6796808242797852,
    0.6788782477378845,
    0.6785314083099365,
    0.680046558380127,
    0.6843730807304382,
    0.6828150749206543,
    0.6825134754180908,
    0.6816539764404297,
    0.6844038963317871,
    0.6832135915756226,
    0.6803972721099854,
    0.6794164776802063,
    0.6817569732666016,
    0.6811520457267761,
    0.6818042397499084,
    0.682934582233429,
    0.6854223608970642
  ]
}