{
  "train": [
    0.504191079456818,
    0.48038569591902747,
    0.46960675422781206,
    0.4412204127006343,
    0.43498771325708024,
    0.42092802753589426,
    0.4026107277188982,
    0.41829595777201534,
    0.40288388596966934,
    0.39516333127256686,
    0.37755154667816726,
    0.3741290334410268,
    0.35761797031745535,
    0.35779417853050044,
    0.3651529921980327,
    0.3503226730330237,
    0.36898688025075227,
    0.3485406894108345,
    0.34917296931661407,
    0.3466845984235773,
    0.33944448182735537,
    0.3316127905998324,
    0.33993727570684085,
    0.32969621396417104,
    0.35240006901947735,
    0.3408754950967328,
    0.33661110295450747,
    0.3365491053887776,
    0.33591335718267656,
    0.3186731488246636,
    0.32832868485321554,
    0.3226937669251353,
    0.32597195602990137,
    0.32155932214459765,
    0.33143190283493457,
    0.3203632138632788,
    0.3202215468355,
    0.32584423575495264,
    0.31993255856001906,
    0.31891119538856844,
    0.3233658141396903,
    0.32045666572495635,
    0.32583593367943037,
    0.3021331570418597,
    0.3130189902676737,
    0.3109015296832681,
    0.3113665484589309,
    0.31863762959470887,
    0.3087937174172237,
    0.3252284195035549,
    0.3143194620245196
  ],
  "val": [
    0.7036094069480896,
    0.705684244632721,
    0.7060382962226868,
    0.7041156888008118,
    0.7020369172096252,
    0.6977900266647339,
    0.6914563179016113,
    0.6854658722877502,
    0.6779493689537048,
    0.6744735240936279,
    0.6721555590629578,
    0.668179452419281,
    0.6658497452735901,
    0.6629926562309265,
    0.6596776843070984,
    0.6573789119720459,
    0.6555343270301819,
    0.6534217000007629,
    0.6529472470283508,
    0.6515547037124634,
    0.6510869264602661,
    0.6518320441246033,
    0.6520326733589172,
    0.6515868306159973,
    0.6531270146369934,
    0.6547256112098694,
    0.6531174778938293,
    0.6549113988876343,
    0.6547195911407471,
    0.6550695300102234,
    0.6548903584480286,
    0.6523538827896118,
    0.6529115438461304,
    0.6546366214752197,
    0.6561058759689331,
    0.6537982225418091,
    0.6543048024177551,
    0.6565994620323181,
    0.6568349599838257,
    0.6590518951416016,
    0.6587886810302734,
    0.65860515832901,
    0.6585227847099304,
    0.657724916934967,
    0.6572856903076172,
    0.6592421531677246,
    0.6611341834068298,
    0.6625770926475525,
    0.6642889380455017,
    0.664918065071106,
    0.6662037968635559
  ]
}