{
  "train": [
    0.44528022305718784,
    0.41930478693816464,
    0.41716379074040305,
    0.37412897970876086,
    0.37533753464374636,
    0.36807577598271113,
    0.3639628128171554,
    0.3587597047754109,
    0.35034516967576124,
    0.3580537887629617,
    0.3441902168572243,
    0.35941439536698344,
    0.3514571261817011,
    0.3477398001501713,
    0.35766614063326363,
    0.32916355294547056,
    0.33442803542015,
    0.3379685884626041,
    0.32644870451518465,
    0.34372386468455124,
    0.3337693273140292,
    0.3405022104385451,
    0.33711099609952844,
    0.3340001684691518,
    0.3356564983064905,
    0.33635146424100903,
    0.3265274862203692,
    0.3221312580731115,
    0.32960749993770583,
    0.3284712912413874,
    0.32995619826716155,
    0.30629618766859834,
    0.3184733399616674,
    0.31223964559033585,
    0.30298980483280613,
    0.31430738694562116,
    0.32582299492042055,
    0.31888552090804567,
    0.315025220950836,
    0.318733028737195,
    0.3238317417393764,
    0.30557289470005505,
    0.3191350802705793,
    0.3114155542674323,
    0.30931814213104436,
    0.3256460541281207,
    0.3149045165536439,
    0.2997433295097257,
    0.3057252600275237,
    0.3121303033652564,
    0.3081605720696191
  ],
  "val": [
    0.6906763315200806,
    0.68304842710495,
    0.6795510053634644,
    0.6781710386276245,
    0.67609041929245,
    0.6738515496253967,
    0.6693614721298218,
    0.6661554574966431,
    0.6654451489448547,
    0.6650360226631165,
    0.6630075573921204,
    0.6630581617355347,
    0.6623484492301941,
    0.6644179821014404,
    0.6653973460197449,
    0.6654620170593262,
    0.6652095317840576,
    0.6647593379020691,
    0.6626632809638977,
    0.6615772843360901,
    0.660504937171936,
    0.6630308628082275,
    0.6664497256278992,
    0.6707817316055298,
    0.6712304949760437,
    0.6723923087120056,
    0.6745495200157166,
    0.6753956079483032,
    0.6778985261917114,
    0.6765398979187012,
    0.6805900931358337,
    0.678021252155304,
    0.6757721304893494,
    0.6768827438354492,
    0.6754839420318604,
    0.6759399771690369,
    0.6743203401565552,
    0.6766026616096497,
    0.6787687540054321,
    0.6783835291862488,
    0.6813822984695435,
    0.683475136756897,
    0.6805328726768494,
    0.6792230010032654,
    0.6784924864768982,
    0.6804119348526001,
    0.6816107034683228,
    0.6790645122528076,
    0.6753769516944885,
    0.6781857013702393,
    0.6807584762573242
  ]
}