{
  "train": [
    0.4212486536925649,
    0.395926825959107,
    0.3715568642898146,
    0.3622996434202335,
    0.3503865584951316,
    0.34393338851740796,
    0.3356382453382896,
    0.3343427289882904,
    0.3286696616651977,
    0.3284725307537417,
    0.3284461191428706,
    0.3305962708196029,
    0.3204714453279091,
    0.32457268920731663,
    0.3152081528907926,
    0.308882358038954,
    0.3139065992949631,
    0.3135643999271205,
    0.3089412995453539,
    0.3051803947375913,
    0.3150225510738166,
    0.3192775016054144,
    0.30406696118157484,
    0.30360677089597204,
    0.3036083903512344,
    0.301668770794798,
    0.30079432132796113,
    0.29932201011427517,
    0.29971662604162846,
    0.3091473735024776,
    0.3039671038759166,
    0.295142470615838,
    0.2943836810259983,
    0.30343521184521943,
    0.30652214278434886,
    0.2976203515318227,
    0.29544481547008006
  ],
  "val": [
    0.6878551244735718,
    0.6846395134925842,
    0.6802757978439331,
    0.675685703754425,
    0.6710430979728699,
    0.6668512225151062,
    0.6635724306106567,
    0.6646901369094849,
    0.666351318359375,
    0.6658980846405029,
    0.667902946472168,
    0.6675302982330322,
    0.6684889197349548,
    0.6695124506950378,
    0.67275071144104,
    0.6751999855041504,
    0.6764311790466309,
    0.6764899492263794,
    0.6761785745620728,
    0.6753265261650085,
    0.6740657687187195,
    0.6768724322319031,
    0.6756243705749512,
    0.6727410554885864,
    0.6738112568855286,
    0.6763245463371277,
    0.6748366951942444,
    0.6718438863754272,
    0.6695709824562073,
    0.6711262464523315,
    0.6714178323745728,
    0.6706229448318481,
    0.6720293760299683,
    0.6710132360458374,
    0.67258220911026,
    0.6734481453895569,
    0.675082266330719
  ]
}