{
  "train": [
    0.5245247045761259,
    0.4933253556049516,
    0.4714656724718404,
    0.4645795873526869,
    0.44698074004920246,
    0.4478999079741868,
    0.41373664037934665,
    0.4202427182878767,
    0.399595027486679,
    0.4014800129265621,
    0.3856356038248598,
    0.3908673345749014,
    0.3745238905763391,
    0.3642873426376305,
    0.368453969655953,
    0.36182881664172767,
    0.3442011296455496,
    0.3536586991965477,
    0.3544702732504295,
    0.34116588540265125,
    0.34580717753306983,
    0.3416636537742145,
    0.342189854001764,
    0.33937833975688575,
    0.3292262906511429,
    0.33851429687932205,
    0.3208701899779841,
    0.3340449195190016,
    0.3186353160242729,
    0.3171983499979151,
    0.3201724606488139,
    0.3016539019316875,
    0.3423877145562853,
    0.3124574469815334,
    0.3166305418378614,
    0.3040031709988129,
    0.31784774517190867,
    0.3347589680420354,
    0.3024730199369891,
    0.3124486997796984,
    0.30459413945381275,
    0.3281838792591847,
    0.2978010607030004,
    0.307702913660134,
    0.30580725062069636,
    0.3013621046038097,
    0.30672232212104233,
    0.2976583571269594,
    0.2968672696005535,
    0.30732293625183293,
    0.30215119258523576,
    0.3033898826596772,
    0.3106187457227942,
    0.30695475836105535,
    0.29935682730134483,
    0.2980942516197712,
    0.30342813636281807,
    0.30768757177691153,
    0.3092069534832621,
    0.29555092744639355,
    0.29236633363615705,
    0.28886888884558465,
    0.2997240716307034,
    0.29343201814613906,
    0.30621657274626746,
    0.2936377099582127,
    0.31029864514402566,
    0.2947191001452836,
    0.28644607623516044,
    0.2888335572381325,
    0.311198158804419,
    0.2864663921700323,
    0.2953720086901059,
    0.28923576350869806,
    0.30182670122884175,
    0.29197841515682016,
    0.298328322436422,
    0.2849037259670314,
    0.2809350856859696,
    0.3021165245565875,
    0.2856313223615656,
    0.3018342341695513,
    0.28459484926585493,
    0.3036168716811194,
    0.30379759369812576,
    0.29898992606571745
  ],
  "val": [
    0.6988140344619751,
    0.7100211977958679,
    0.7223782539367676,
    0.7306303381919861,
    0.7329214215278625,
    0.732373833656311,
    0.7303487658500671,
    0.7253085374832153,
    0.7250957489013672,
    0.7213345766067505,
    0.716485857963562,
    0.7084624171257019,
    0.7075163125991821,
    0.7062603831291199,
    0.7038512825965881,
    0.7017279267311096,
    0.6998142004013062,
    0.699385941028595,
    0.695917010307312,
    0.6953988671302795,
    0.6943483352661133,
    0.6936516165733337,
    0.6889745593070984,
    0.6889696717262268,
    0.6864644289016724,
    0.6843048930168152,
    0.6823204159736633,
    0.6835185289382935,
    0.6832453608512878,
    0.6810111403465271,
    0.6820337772369385,
    0.6832589507102966,
    0.6836178302764893,
    0.6812360286712646,
    0.6819673180580139,
    0.6809835433959961,
    0.6826112866401672,
    0.680977463722229,
    0.6819484233856201,
    0.68043452501297,
    0.6787278652191162,
    0.6787145137786865,
    0.6809563040733337,
    0.6800174713134766,
    0.6807706952095032,
    0.6819825172424316,
    0.6849040985107422,
    0.6848264932632446,
    0.6814009547233582,
    0.6778607368469238,
    0.6787094473838806,
    0.6778566241264343,
    0.6769631505012512,
    0.6757394075393677,
    0.674407958984375,
    0.6716701984405518,
    0.6725158095359802,
    0.6741565465927124,
    0.6764551401138306,
    0.6752489805221558,
    0.6740980744361877,
    0.6741524338722229,
    0.6745630502700806,
    0.6769440770149231,
    0.6793968081474304,
    0.678997814655304,
    0.6810122728347778,
    0.6797652244567871,
    0.6784610748291016,
    0.6789211630821228,
    0.6819844245910645,
    0.6809320449829102,
    0.6793953776359558,
    0.6773257255554199,
    0.6767443418502808,
    0.6734792590141296,
    0.6732329726219177,
    0.6733347177505493,
    0.6732836961746216,
    0.6728510856628418,
    0.6734757423400879,
    0.6736379265785217,
    0.6767555475234985,
    0.6791227459907532,
    0.6790440082550049,
    0.6773885488510132
  ]
}