{
  "train": [
    0.45187232426821894,
    0.4046888944550688,
    0.3930660236645215,
    0.3659059528646798,
    0.3548510413745354,
    0.33755554045949665,
    0.33006454717936773,
    0.3221896437588584,
    0.30579016089733013,
    0.30618954101219553,
    0.31022693884783775,
    0.30970402443643863,
    0.30920816774438753,
    0.3043582448231176,
    0.30806029202609225,
    0.2975487427171228,
    0.2936607891409268,
    0.2966016500160612,
    0.3098086206783802,
    0.2978248616744732,
    0.29478108530561326,
    0.2922941031567569,
    0.28332722289808865,
    0.28924640029522,
    0.2912686166211302,
    0.29384414991134494,
    0.28791107949364947,
    0.28664452600948914,
    0.2786838525328143,
    0.2823785719613136,
    0.2764451299688499,
    0.27865453218591624,
    0.2799600480225286,
    0.2766711432945552,
    0.28705240323625764,
    0.2897068593889622,
    0.28881950360800834,
    0.27363007702850944,
    0.28293303829695793,
    0.2809877291395159
  ],
  "val": [
    0.7092289924621582,
    0.70311039686203,
    0.696892261505127,
    0.6896355748176575,
    0.683387279510498,
    0.6768022775650024,
    0.6723257303237915,
    0.6674997806549072,
    0.6633437275886536,
    0.6621057391166687,
    0.663313627243042,
    0.6629859209060669,
    0.6628445982933044,
    0.6666600704193115,
    0.6678234338760376,
    0.669044017791748,
    0.6686590909957886,
    0.6692684888839722,
    0.6682881116867065,
    0.6663289070129395,
    0.6677678823471069,
    0.666126012802124,
    0.6650871634483337,
    0.665096640586853,
    0.6638672947883606,
    0.662747323513031,
    0.6629900932312012,
    0.6642736792564392,
    0.6636849641799927,
    0.6648666858673096,
    0.665916383266449,
    0.6679835319519043,
    0.6681888699531555,
    0.6684876084327698,
    0.6702886819839478,
    0.670610785484314,
    0.6723324656486511,
    0.6732110381126404,
    0.6723179817199707,
    0.6717950701713562
  ]
}