{
  "train": [
    0.45686150933134145,
    0.4202081437768607,
    0.41609423515831895,
    0.41029226163337973,
    0.4019945009882227,
    0.40544004569499953,
    0.3840262925096333,
    0.3667537385019763,
    0.37680581035872396,
    0.36890637992050845,
    0.3615140866469867,
    0.3619515026731444,
    0.35927768191093296,
    0.34211191725848344,
    0.35612523746607927,
    0.34124198541265405,
    0.3567484372061462,
    0.33656175221715656,
    0.35162564128490503,
    0.3382758652341777,
    0.3323909723993593,
    0.3474979719211315,
    0.3488095558335628,
    0.35205083322055236,
    0.3387181427091213,
    0.34318353654128575,
    0.32658332410117086,
    0.3414909650245911,
    0.3400841397898538,
    0.3401556245505516,
    0.337626761990815,
    0.345444893308461,
    0.32823464935049046,
    0.33293900495679507,
    0.344185544645845,
    0.32558020376806773,
    0.3386918146328386,
    0.3340748453081535,
    0.3246204069095292,
    0.32862594826468106
  ],
  "val": [
    0.7002021074295044,
    0.6931251287460327,
    0.6869232058525085,
    0.6813440322875977,
    0.67449551820755,
    0.6687431931495667,
    0.6632850766181946,
    0.6591828465461731,
    0.6564441323280334,
    0.6548212170600891,
    0.6562991738319397,
    0.6571973562240601,
    0.6587992906570435,
    0.6582745909690857,
    0.6590010523796082,
    0.6603004336357117,
    0.6593108177185059,
    0.6596648693084717,
    0.6611803770065308,
    0.6637898087501526,
    0.663997232913971,
    0.663338303565979,
    0.6634647846221924,
    0.6637052297592163,
    0.6622042655944824,
    0.6630887389183044,
    0.6638295650482178,
    0.6632026433944702,
    0.6663023233413696,
    0.6661444306373596,
    0.6679932475090027,
    0.6688501834869385,
    0.6688444018363953,
    0.6688847541809082,
    0.6691959500312805,
    0.6692854166030884,
    0.6684920191764832,
    0.6657865643501282,
    0.6652110815048218,
    0.6653004288673401
  ]
}