{
  "train": [
    0.42624291219734795,
    0.3759775036955115,
    0.3654154515618761,
    0.3554729270230373,
    0.33825598326809886,
    0.3438147661721178,
    0.33078824871866574,
    0.3310742300425844,
    0.32771885703349934,
    0.32331370632049483,
    0.32430314004714855,
    0.3202538349358319,
    0.31602624954261216,
    0.31808977320863696,
    0.3094412481843544,
    0.31119146165002154,
    0.3096569692853636,
    0.304772102333642,
    0.31126794028164717,
    0.3033207117630343,
    0.3113437982028341,
    0.2984907456806728,
    0.30373094410731877,
    0.2960230276502412,
    0.3030200070641898,
    0.30450752891343214,
    0.2969166410380396,
    0.29961147493329543,
    0.3020721362729378,
    0.2929425679991398,
    0.28859113310945445,
    0.29787594549761615,
    0.2819836186657985,
    0.293927147617481,
    0.28364743519886376,
    0.28238449029147333,
    0.28701320378651174,
    0.2779970845859039,
    0.2836905682615459
  ],
  "val": [
    0.6809830665588379,
    0.6775984168052673,
    0.6753325462341309,
    0.6723620891571045,
    0.6692951917648315,
    0.6681497693061829,
    0.6684646606445312,
    0.6683683395385742,
    0.66812664270401,
    0.668569803237915,
    0.6703107953071594,
    0.6721261143684387,
    0.674204409122467,
    0.6733927130699158,
    0.6741986274719238,
    0.6746484041213989,
    0.6752084493637085,
    0.6773164868354797,
    0.6774749159812927,
    0.6787324547767639,
    0.6830950975418091,
    0.6808488965034485,
    0.6781754493713379,
    0.6791052222251892,
    0.6780120730400085,
    0.6805597543716431,
    0.6832230091094971,
    0.6827319264411926,
    0.6848116517066956,
    0.6834861040115356,
    0.6834079027175903,
    0.6837638020515442,
    0.6900764107704163,
    0.6939556002616882,
    0.6940405964851379,
    0.6963182091712952,
    0.6967697739601135,
    0.6976611614227295,
    0.6954373717308044
  ]
}