{
  "train": [
    0.4498198486020412,
    0.4334913762332183,
    0.4253356337840921,
    0.40617775667477124,
    0.4130878815510003,
    0.39085211263501585,
    0.3989931515284947,
    0.3993020273488143,
    0.3812482290960885,
    0.381647505049635,
    0.38419212452296553,
    0.37025586489973394,
    0.3783262059312736,
    0.36813188421315163,
    0.36769133072181287,
    0.37194776946100694,
    0.36468158273274087,
    0.36354658873797635,
    0.36239187661650146,
    0.36798127413970494,
    0.3527926664634291,
    0.3638377857619318,
    0.3567863419431771,
    0.36749573206079417,
    0.3550078617821773,
    0.3698476579388961,
    0.3547007230849102,
    0.3563990719212687,
    0.36066053198476145,
    0.35100826811907915,
    0.35184336721603504,
    0.3508288387594552,
    0.3496096727296049,
    0.35064952662719295,
    0.33531174460068125,
    0.34947426418952754,
    0.3567187148949196,
    0.32842527337262195,
    0.3435625687902197,
    0.34917920622332344,
    0.34665904080339255,
    0.3492688068321773,
    0.35690683126449585,
    0.33568556430598195
  ],
  "val": [
    0.7145552039146423,
    0.7016963362693787,
    0.6931711435317993,
    0.6885681748390198,
    0.6853320598602295,
    0.682140588760376,
    0.6792182326316833,
    0.6767381429672241,
    0.6746274828910828,
    0.6719557642936707,
    0.6707243919372559,
    0.6713144183158875,
    0.6711355447769165,
    0.6700108647346497,
    0.6704274415969849,
    0.6727534532546997,
    0.6742458343505859,
    0.674578070640564,
    0.674084484577179,
    0.6748191714286804,
    0.6772874593734741,
    0.6784256100654602,
    0.6784957051277161,
    0.6781634092330933,
    0.6782354116439819,
    0.6784182786941528,
    0.6802175641059875,
    0.6816431283950806,
    0.6824830770492554,
    0.6833899617195129,
    0.6852986812591553,
    0.6861688494682312,
    0.686445951461792,
    0.6870374083518982,
    0.6875757575035095,
    0.6878305673599243,
    0.6880993247032166,
    0.6891761422157288,
    0.6890755295753479,
    0.6881842017173767,
    0.6862595677375793,
    0.6846343874931335,
    0.6836172342300415,
    0.6824123859405518
  ]
}