{
  "train": [
    0.3761181755018939,
    0.358371625686514,
    0.37079962045688347,
    0.3330075911113194,
    0.3236618633634351,
    0.32274709296931187,
    0.3114894489055784,
    0.28922115948987126,
    0.30507795681507127,
    0.29123617422404546,
    0.2844475089329217,
    0.28288261570366735,
    0.2915843355244604,
    0.2706208864749946,
    0.2748695268419576,
    0.28486651446431727,
    0.2675480555577818,
    0.2830831995738551,
    0.26775524622113833,
    0.2571354709528937,
    0.276504684845215,
    0.2679554758400753,
    0.26409689648985274,
    0.271514080574947,
    0.27771066202612343,
    0.2672066842687541,
    0.26918735689130324,
    0.2656840635050694,
    0.253049790418794,
    0.2575466798003671,
    0.25630847309610527,
    0.25820788403449974,
    0.26825765318471223,
    0.2636844435055268,
    0.261845391225345,
    0.2568422409113992,
    0.2558951016717356,
    0.2575901517727105,
    0.2540432289609768,
    0.25215587152048874,
    0.24782503965159355,
    0.2529154999796393,
    0.26218022985998635,
    0.26164617730772555,
    0.24562663566596402,
    0.2578726666314261,
    0.2554768913338337,
    0.25050363340988535
  ],
  "val": [
    0.7013289928436279,
    0.6975310444831848,
    0.6930511593818665,
    0.6890043020248413,
    0.6841612458229065,
    0.6786847114562988,
    0.6733062863349915,
    0.6710206866264343,
    0.6682620048522949,
    0.6643243432044983,
    0.664202094078064,
    0.6632441282272339,
    0.662337064743042,
    0.662401020526886,
    0.6610725522041321,
    0.6601958870887756,
    0.6599087119102478,
    0.6592195630073547,
    0.6599482893943787,
    0.6607872843742371,
    0.660793662071228,
    0.6613916754722595,
    0.661496102809906,
    0.662692666053772,
    0.6633833050727844,
    0.6642441153526306,
    0.6663624048233032,
    0.6660363078117371,
    0.6664485335350037,
    0.6667295694351196,
    0.6683626770973206,
    0.66914302110672,
    0.6699038743972778,
    0.670592188835144,
    0.6704777479171753,
    0.6699699759483337,
    0.6697710752487183,
    0.6688905954360962,
    0.6683618426322937,
    0.668793261051178,
    0.6684631705284119,
    0.6682906150817871,
    0.6665974855422974,
    0.6688308119773865,
    0.6698822379112244,
    0.6679190993309021,
    0.6666839718818665,
    0.6660096645355225
  ]
}