{
  "train": [
    0.3844709008785304,
    0.38169244856669987,
    0.35575306841305326,
    0.34994036869462486,
    0.34388667844199194,
    0.3374926619635427,
    0.33447761664836867,
    0.3407363333725577,
    0.3289864982290221,
    0.3251315001490081,
    0.314659056258319,
    0.31277642674340406,
    0.31963071212392724,
    0.31692479558178943,
    0.326037554171285,
    0.30655238399364676,
    0.3201160404482499,
    0.3152982397326108,
    0.3099339206524083,
    0.31950448064381265,
    0.3112313444978498,
    0.3269355901943639,
    0.312558372913323,
    0.3098844868208974,
    0.29451584713212375,
    0.3017555949429573,
    0.30504160884565906,
    0.3023882202914196,
    0.3028312125816721,
    0.30340899270156335,
    0.2958191313179843,
    0.30652602905123105,
    0.3103921206420278,
    0.298310250043869,
    0.30882421282711875,
    0.31593760569107354,
    0.2908451143156719,
    0.3127653146612233,
    0.2920639285900323,
    0.2992703149764996
  ],
  "val": [
    0.6909418106079102,
    0.6841546297073364,
    0.6775490045547485,
    0.671117901802063,
    0.6654492616653442,
    0.6633531451225281,
    0.6609014272689819,
    0.658714234828949,
    0.6577213406562805,
    0.6573736071586609,
    0.6584394574165344,
    0.6588659882545471,
    0.659830629825592,
    0.6596367955207825,
    0.6620067954063416,
    0.662178635597229,
    0.6625064015388489,
    0.6618571281433105,
    0.6625577211380005,
    0.6612511873245239,
    0.6639822125434875,
    0.6647106409072876,
    0.6644420623779297,
    0.6658827662467957,
    0.6644517779350281,
    0.6630603075027466,
    0.6600092053413391,
    0.659956157207489,
    0.6596874594688416,
    0.6631444692611694,
    0.6629845499992371,
    0.6658806204795837,
    0.6662070155143738,
    0.6684813499450684,
    0.6699655652046204,
    0.6682782173156738,
    0.6671527028083801,
    0.6671866774559021,
    0.6661242246627808,
    0.6643978953361511
  ]
}