Model,MSE,RMSE,MAE,R² (overall)
MLP,373.8222351074219,19.334483057672422,16.643661499023438,-39.340396881103516
Student,1.7144947052001953,1.3093871487074384,1.0047639608383179,0.8156964182853699
