{
  "train": [
    15847.846790332513,
    15798.492860991379,
    15766.34343249692,
    15731.954039024014,
    15704.990436422413,
    15674.29337765548,
    15644.15593249692,
    15614.317296220752,
    15580.648716517857,
    15550.647836168411,
    15513.743938577587,
    15481.186999692118,
    15443.698468288178,
    15408.950421413178,
    15360.603799453509,
    15326.037951239225,
    15274.29994419643,
    15231.03243823122,
    15183.083262777094,
    15134.781057573891,
    15089.267044142549,
    15030.449618034176,
    14966.01312346059,
    14919.395868611453,
    14854.031192272167,
    14796.383351293103,
    14751.32086091441,
    14675.10546875,
    14620.08814077894,
    14570.264682112069,
    14499.002193657636,
    14435.209638623768,
    14355.816435113917,
    14273.228910098522,
    14211.119198352833,
    14102.521123576047,
    13976.289481026786,
    13895.852818080357,
    13820.0569966133,
    13735.798130580357,
    13658.571746074507,
    13555.476480718904,
    13499.492052801725,
    13385.894944966132,
    13289.845289408868,
    13226.350561884237,
    13116.183858335899,
    13083.961211707205,
    12975.263176377772,
    12894.48698718442,
    12803.169426377772,
    12765.611491687192,
    12667.704144858375,
    12572.344553379002,
    12498.503131734913,
    12406.389172182882,
    12315.271570966748,
    12260.358841017549,
    12192.40997825585,
    12096.095986953509,
    12044.877208089594,
    11980.591190732759,
    11899.448780980603,
    11815.495655980603,
    11704.482340093904
  ],
  "val": [
    15622.70567759901,
    15590.84854579208,
    15530.6533203125,
    15503.598371751237,
    15443.23444268255,
    15420.4443359375,
    15412.569819384282,
    15364.237169322401,
    15327.708394569925,
    15306.064182394803,
    15266.105323715965,
    15202.303082456683,
    15116.895836556312,
    15201.49398592203,
    15163.540667543317,
    15070.643738397277,
    15004.352800123763,
    14920.550645884901,
    14964.565178295174,
    14907.194925742575,
    14831.019163830446,
    14821.07122137995,
    14836.98721766708,
    14799.682433477723,
    14504.493048035272,
    14684.413414681312,
    14381.52825262995,
    14533.883005878713,
    14387.48391089109,
    14468.165754563737,
    14706.646213644803,
    14324.386070931312,
    14371.478022509282,
    14180.196347076115,
    14043.790261448019,
    14019.640315594059,
    13942.202071086014,
    13317.961324257425,
    13570.470026299505,
    13265.406211324258,
    13835.69886099938,
    13510.912496132425,
    13061.716912902228,
    13493.637898360148,
    13199.419148360148,
    13379.910436649134,
    13307.482180151608,
    12573.592821782178,
    13321.220374381188,
    12533.375957224629,
    13449.83782294245,
    12275.584612855817,
    11980.384533570545,
    12585.432588180693,
    12302.340588258045,
    12891.871867264852,
    12646.235225866336,
    12805.712184792697,
    12367.540686881188,
    12747.33052289604,
    12334.474067914603,
    13518.276937654702,
    12172.644647277228,
    12047.149955522897,
    13117.062761061263
  ]
}