{
  "train": [
    48719.20420258621,
    48635.392414562804,
    48546.01783790025,
    48460.385044642855,
    48365.087419181036,
    48270.75396397783,
    48173.43834667488,
    48071.27264855296,
    47955.58847752463,
    47853.01468211207,
    47744.897302185964,
    47611.58499461207,
    47497.653113454435,
    47370.65099676724,
    47217.537850215514,
    47089.116129156406,
    46955.265625,
    46811.34095982143,
    46653.81213439039,
    46503.77878694581,
    46314.13065732759,
    46147.50107758621,
    45980.83768857759,
    45774.66935421798,
    45563.901574045565,
    45340.71001385468,
    45136.66042564655,
    44915.90544181035,
    44682.460975985225,
    44447.68076508621,
    44234.35004233375,
    43950.08108836207,
    43659.72785175493,
    43395.61328125,
    43154.67389547414,
    42894.9966325431,
    42635.5053302032,
    42383.548279710594,
    42096.559344211826,
    41864.27334128695,
    41607.22729371921,
    41282.332165948275,
    41038.92645474138,
    40730.55559190271,
    40446.19448506773,
    40157.50155865148,
    39842.24028248153,
    39600.82966440887,
    39249.090902093594,
    38998.8274130234,
    38683.04223753079,
    38393.07743226601,
    38052.256407789406,
    37766.86870766625,
    37425.50146243842,
    37126.94704433498,
    36818.849792179804,
    36487.22427262931,
    36071.74965363301,
    35829.475937115145
  ],
  "val": [
    49559.82406404703,
    49542.928681930694,
    49492.26419399752,
    49423.497795482675,
    49257.409498762376,
    49156.91468131188,
    49156.270768873765,
    49147.23924814357,
    48908.00804455446,
    49114.93780940594,
    49006.935179455446,
    48926.92984220297,
    48907.44616336634,
    48790.135829207924,
    48660.262492264854,
    48849.644608601484,
    48714.267790841586,
    48558.45703125,
    48189.68537283416,
    48372.2903387995,
    48059.87097772277,
    48356.1078279703,
    47922.411896658414,
    47906.838954207924,
    47782.284614789605,
    47518.586478960395,
    47735.491181930694,
    47917.220915841586,
    47537.990447091586,
    47714.34707611386,
    47712.17025061881,
    47389.44581528466,
    47037.39476330446,
    47025.66487469059,
    47126.3645575495,
    46693.009398205446,
    47044.598081683165,
    46447.75711633663,
    46307.55491955446,
    45758.836478960395,
    46250.2325572401,
    45824.94434560643,
    45910.250657487624,
    45975.223777846535,
    45201.39712252475,
    45033.593827351484,
    46035.25119894802,
    45491.8531095297,
    45075.17048267327,
    44521.42330600248,
    44346.33965037129,
    44696.39147586634,
    43941.89093440594,
    43682.44898669554,
    44526.39201732673,
    45154.198213180694,
    43657.07271039604,
    42734.804146039605,
    42922.86289449257,
    42012.97818688119
  ]
}