{
  "train": [
    14961.96011968904,
    14862.211740879002,
    14825.345501077587,
    14795.731041217672,
    14764.2874653633,
    14734.680774707513,
    14705.479612453817,
    14673.57201547106,
    14641.855247459975,
    14609.054408482143,
    14578.76857393011,
    14546.725403132697,
    14510.57375692734,
    14477.495333666871,
    14440.23093057266,
    14406.017635852833,
    14367.264369419643,
    14331.90763546798,
    14294.607378579125,
    14253.810498768473,
    14216.860568041871,
    14178.63728640702,
    14133.693965517241,
    14094.0728861992,
    14051.63613185037,
    14005.47681265394,
    13964.003377078201,
    13919.569297452279,
    13873.27679533559,
    13831.964992880234,
    13784.567002770937,
    13737.042634409636,
    13689.662503848522,
    13640.82203471367,
    13597.675521474754,
    13552.21234221059,
    13499.44147840979,
    13450.670003656096,
    13398.712664524322,
    13353.949526631774,
    13300.201941579433,
    13252.726067002772,
    13199.763998999384,
    13148.757663369766,
    13096.633673606835,
    13044.785122575431,
    12989.671591171491,
    12941.296764354987,
    12892.005036753386,
    12836.783761160714,
    12786.412167102833,
    12734.092999538178,
    12677.888022436884,
    12635.224950931342,
    12585.190155480295,
    12523.122474407328,
    12463.86464747537,
    12422.083561037562,
    12359.095712746306,
    12309.00942887931,
    12254.70148937808,
    12206.183117495382,
    12161.36679783713,
    12097.177388008005,
    12052.674660367918,
    11991.788759428879,
    11944.98259986915,
    11899.076061229987,
    11840.153310691194,
    11803.453447313732,
    11741.77668469058,
    11695.604458512931,
    11644.010852832513,
    11597.777617957205,
    11552.602120535714,
    11498.38163870074,
    11452.397278132697,
    11405.48769435037,
    11353.961909251848,
    11313.866995073891
  ],
  "val": [
    15116.467541383045,
    15074.289923035272,
    15043.053633586014,
    15012.704526995669,
    14982.41856822401,
    14951.468073174505,
    14920.222907642326,
    14888.298557394803,
    14855.834999613242,
    14822.662244740099,
    14788.992961014852,
    14755.038608060026,
    14720.58001044245,
    14685.026144801981,
    14648.667475634282,
    14611.808796797648,
    14574.07623955755,
    14535.421594600866,
    14495.939849551361,
    14455.740350402228,
    14414.948454904084,
    14373.605700804455,
    14331.594997292697,
    14288.416595761139,
    14244.840008121906,
    14200.79387762995,
    14155.658174118193,
    14109.967870126857,
    14063.609645730197,
    14016.745387917697,
    13969.220210009282,
    13921.390238242575,
    13873.492777305075,
    13824.738919399753,
    13775.717377011139,
    13726.155911587253,
    13676.166566754331,
    13625.200736772897,
    13574.331712175124,
    13522.652479115099,
    13470.85575881807,
    13418.82272973391,
    13366.592850788986,
    13313.668616568688,
    13260.607035117575,
    13207.301496751237,
    13154.21109220297,
    13100.843982054455,
    13047.882570776608,
    12994.383315284653,
    12940.734471689357,
    12886.642317063737,
    12832.442373143564,
    12778.025226253094,
    12724.497544090347,
    12670.783096766709,
    12616.744285659035,
    12562.28260365099,
    12508.57353225557,
    12455.013768564357,
    12401.33797764542,
    12347.216497137995,
    12293.879138304455,
    12240.55280205755,
    12187.343643641709,
    12134.253422803218,
    12081.764310024753,
    12029.543974319307,
    11977.639551748143,
    11925.549727336014,
    11874.194771039603,
    11823.218295560026,
    11772.622379718441,
    11722.26606977104,
    11671.945621905941,
    11622.25743541151,
    11573.273679223392,
    11524.795095915842,
    11477.215771967822,
    11429.033000077352
  ]
}