{
  "train": [
    48406.18744227217,
    48154.12790563424,
    48062.11258851601,
    47986.34157558498,
    47909.16488993227,
    47832.74407327586,
    47749.35029248768,
    47669.12226754926,
    47584.01079510468,
    47494.228698429804,
    47401.864589747536,
    47308.45839747537,
    47214.15061191502,
    47121.68138084975,
    47015.716248460594,
    46908.44032866379,
    46810.57922182882,
    46703.72394550493,
    46591.8501385468,
    46488.10467980296,
    46367.34730988301,
    46238.59188346675,
    46121.4767356835,
    45996.1578471367,
    45876.40049645936,
    45742.12417256773,
    45619.16144550493,
    45471.03777324507,
    45356.56275015394,
    45213.35342903325,
    45068.47908328202,
    44945.47502309113,
    44794.112222906406,
    44631.3373614532,
    44495.03596443965,
    44346.777670874384,
    44193.37121882697,
    44025.817618534486,
    43883.1654864532,
    43720.40946351601,
    43550.98772321428,
    43390.97100138547,
    43210.821178417485,
    43038.96161099138,
    42871.69612068965,
    42676.89508928572,
    42502.695620381775,
    42362.15240147783,
    42172.48772321428,
    41961.564462746304,
    41783.8851216133,
    41636.21368919335,
    41406.20776246921,
    41257.42349137931,
    41030.59217210591,
    40850.25817810961,
    40656.22311807266,
    40464.50432958744,
    40252.711341594826,
    40075.80954625924
  ],
  "val": [
    48981.449760210395,
    48882.23077815594,
    48803.389387376235,
    48724.10384436881,
    48643.49443069307,
    48560.81895884901,
    48476.65802908416,
    48390.18220142327,
    48301.35527537129,
    48210.47868966584,
    48117.09019183168,
    48020.73913211634,
    47921.8729115099,
    47820.14646503713,
    47715.98259591584,
    47608.515663675746,
    47498.17821782178,
    47385.6926825495,
    47269.88884591584,
    47152.42624535891,
    47031.150023205446,
    46907.97037438119,
    46783.29602413366,
    46655.086711014854,
    46524.3221302599,
    46391.465965346535,
    46255.58655631188,
    46116.19210241337,
    45976.81300278466,
    45832.63211633663,
    45688.282990408414,
    45541.19720761139,
    45390.73023669554,
    45238.72559560643,
    45083.74744740099,
    44928.1721457302,
    44768.41537747525,
    44609.000657487624,
    44444.460047957924,
    44277.8296720297,
    44109.008353960395,
    43936.770420792076,
    43763.07789294554,
    43587.46422493812,
    43408.68289758663,
    43228.95297029703,
    43044.673460705446,
    42859.69848391089,
    42672.44024597772,
    42483.67597462871,
    42294.58265006188,
    42102.065400680694,
    41908.567527846535,
    41714.40439356436,
    41518.13091738861,
    41318.799543626235,
    41116.689704517325,
    40915.66321163366,
    40711.84433013614,
    40507.79443842822
  ]
}