{
  "train": [
    3.622794893574832,
    3.5223263801612292,
    3.4952153067283445,
    3.4611356563756033,
    3.426864358591916,
    3.41706137586697,
    3.3552296337822973,
    3.376896220474995,
    3.3670555828827355,
    3.3491166918148547,
    3.3650552110718976,
    3.3637571334838867,
    3.333211478341389,
    3.353389083458285,
    3.3055479268135106,
    3.3108679966386316,
    3.318059193089678,
    3.2829999547873814,
    3.3448597774129785,
    3.295499749958809,
    3.2718736843522547,
    3.2734242096323096,
    3.348709986127656,
    3.2658236461319947,
    3.3179346563780836,
    3.2545412420639264,
    3.2472907733447447,
    3.2823728963072076,
    3.220130154651961
  ],
  "val": [
    1.0582907978851017,
    1.0398839310844346,
    1.0167572498321533,
    0.9967254730734495,
    0.98582390039274,
    0.9830695361194044,
    0.9787494221536239,
    0.9778978027919731,
    0.9760222470406259,
    0.9788369371159242,
    0.979954478764298,
    0.9805324773977299,
    0.9834052713790743,
    0.9825595357630512,
    0.9862953489369685,
    0.9862536829296905,
    0.9867667479090171,
    0.9903628955973257,
    0.9913169564587054,
    0.9945608802361063,
    0.9956282406750292,
    0.9989521279193387,
    0.9954384063730145,
    0.9949084685580565,
    0.9967169856080914,
    0.9992184349806001,
    1.0029269368341653,
    1.006929373387063,
    1.0111477257001518
  ]
}