{
  "train": [
    0.7235139567276527,
    0.6932013096480534,
    0.6804514480341831,
    0.6521894256469651,
    0.6594419772989057,
    0.6557936875397349,
    0.6422916894475815,
    0.6617083255880571,
    0.644469034789231,
    0.6261675252115785,
    0.6247002065475351,
    0.6159272945573178,
    0.6281637299824231,
    0.6140659580677014,
    0.6131289777497353,
    0.6100464624724364,
    0.6046731839039056,
    0.5964957064595716,
    0.6052507115115086,
    0.5974456330238305,
    0.5741608087065184,
    0.5973330018261971,
    0.5676124719856995,
    0.6001489840704819,
    0.6078528236285806,
    0.5810158317312232,
    0.5733890841747152,
    0.5742294118909413,
    0.5828206148640863,
    0.565058722578246,
    0.5834625245902338,
    0.5761438302805858,
    0.5726619650577677,
    0.5932064540867735,
    0.5789863382066999,
    0.582545358265562,
    0.5664426725486229,
    0.5641275153958739,
    0.5703272100152641,
    0.5673449929124617,
    0.5790797836087608,
    0.5675607300157031,
    0.5494942421396377,
    0.5455967173200523,
    0.5392920239805588,
    0.5627053104010709,
    0.5546378179136755,
    0.5581248409935994,
    0.5449601200413822,
    0.5461250443763921,
    0.5571214680013985,
    0.5567863033029247,
    0.535080836324269,
    0.543438342404483,
    0.5260274991613304,
    0.5295856094419076,
    0.5518856323117693,
    0.5508376812112743,
    0.5449095127617785,
    0.537790742413751,
    0.5332074632198353,
    0.5258285159547927,
    0.5408564613664092,
    0.5334523191005726,
    0.5253870321318433,
    0.526919212687779
  ],
  "val": [
    0.6964145302772522,
    0.6885862350463867,
    0.6819556355476379,
    0.6779779195785522,
    0.6763136386871338,
    0.6752780079841614,
    0.6742432713508606,
    0.6751118302345276,
    0.6744745969772339,
    0.6751230955123901,
    0.6743603944778442,
    0.6722196936607361,
    0.6712743043899536,
    0.6704826951026917,
    0.6728103160858154,
    0.6748957633972168,
    0.6755343675613403,
    0.6766650676727295,
    0.6762192249298096,
    0.6753511428833008,
    0.6773678660392761,
    0.6794560551643372,
    0.6814647912979126,
    0.6817476749420166,
    0.6787018179893494,
    0.6777878403663635,
    0.6770048141479492,
    0.6750503182411194,
    0.6724264025688171,
    0.6723677515983582,
    0.6726247072219849,
    0.6724845170974731,
    0.6721839308738708,
    0.6715496778488159,
    0.6685163378715515,
    0.6666491031646729,
    0.6676554083824158,
    0.6697820425033569,
    0.6715492010116577,
    0.6742000579833984,
    0.6747133731842041,
    0.6747006773948669,
    0.6763541102409363,
    0.6791918277740479,
    0.6835405230522156,
    0.6868935227394104,
    0.688434362411499,
    0.685952365398407,
    0.6865999102592468,
    0.6877310872077942,
    0.6894955635070801,
    0.689070463180542,
    0.6897870302200317,
    0.6881669163703918,
    0.6869190335273743,
    0.6860790252685547,
    0.6850069165229797,
    0.6859320998191833,
    0.68629390001297,
    0.6867842078208923,
    0.6893084049224854,
    0.6907598376274109,
    0.691830575466156,
    0.6924231648445129,
    0.6944066286087036,
    0.6935448050498962
  ]
}